[0.000000] (-) TimerEvent: {}
[0.000726] (lbot_arm_interfaces) JobQueued: {'identifier': 'lbot_arm_interfaces', 'dependencies': OrderedDict()}
[0.000760] (lbot_demo) JobQueued: {'identifier': 'lbot_demo', 'dependencies': OrderedDict({'lbot_arm_interfaces': '/home/dawntildusk/lbot_ws/install/lbot_arm_interfaces'})}
[0.000780] (lbot_driver) JobQueued: {'identifier': 'lbot_driver', 'dependencies': OrderedDict({'lbot_arm_interfaces': '/home/dawntildusk/lbot_ws/install/lbot_arm_interfaces'})}
[0.000790] (lbot_teleop) JobQueued: {'identifier': 'lbot_teleop', 'dependencies': OrderedDict({'lbot_arm_interfaces': '/home/dawntildusk/lbot_ws/install/lbot_arm_interfaces'})}
[0.000802] (lbot_arm_interfaces) JobStarted: {'identifier': 'lbot_arm_interfaces'}
[0.004739] (lbot_arm_interfaces) JobProgress: {'identifier': 'lbot_arm_interfaces', 'progress': 'cmake'}
[0.005107] (lbot_arm_interfaces) Command: {'cmd': ['/usr/bin/cmake', '/home/dawntildusk/lbot_ws/src/lbot_arm_interfaces', '-DPython3_EXECUTABLE=/usr/bin/python3', '-DAMENT_CMAKE_SYMLINK_INSTALL=1', '-DCMAKE_INSTALL_PREFIX=/home/dawntildusk/lbot_ws/install/lbot_arm_interfaces'], 'cwd': '/home/dawntildusk/lbot_ws/build/lbot_arm_interfaces', 'env': OrderedDict({'GJS_DEBUG_TOPICS': 'JS ERROR;JS LOG', 'LESSOPEN': '| /usr/bin/lesspipe %s', 'CONDA_PROMPT_MODIFIER': '', 'LANGUAGE': 'zh_CN:en_US:en', 'USER': 'dawntildusk', 'LC_TIME': 'zh_CN.UTF-8', 'XDG_SESSION_TYPE': 'x11', 'GIT_ASKPASS': '/usr/share/code/resources/app/extensions/git/dist/askpass.sh', 'CLUTTER_DISABLE_MIPMAPPED_TEXT': '1', 'SHLVL': '1', 'LD_LIBRARY_PATH': '/opt/ros/jazzy/opt/rviz_ogre_vendor/lib:/opt/ros/jazzy/lib/x86_64-linux-gnu:/opt/ros/jazzy/opt/gz_math_vendor/lib:/opt/ros/jazzy/opt/gz_utils_vendor/lib:/opt/ros/jazzy/opt/gz_cmake_vendor/lib:/opt/ros/jazzy/lib', 'HOME': '/home/dawntildusk', 'CHROME_DESKTOP': 'code.desktop', 'CONDA_SHLVL': '0', 'OLDPWD': '/home/dawntildusk/lbot_ws', 'TERM_PROGRAM_VERSION': '1.136.1', 'DESKTOP_SESSION': 'ubuntu', 'GIO_LAUNCHED_DESKTOP_FILE': '/usr/share/applications/code.desktop', 'ROS_PYTHON_VERSION': '3', 'GNOME_SHELL_SESSION_MODE': 'ubuntu', 'GTK_MODULES': 'gail:atk-bridge', 'SDL_IM_MODULE': 'fcitx', 'VSCODE_GIT_ASKPASS_MAIN': '/usr/share/code/resources/app/extensions/git/dist/askpass-main.js', 'LC_MONETARY': 'zh_CN.UTF-8', 'VSCODE_GIT_ASKPASS_NODE': '/usr/share/code/code', 'MANAGERPID': '2288', 'SYSTEMD_EXEC_PID': '2708', 'VSCODE_PYTHON_AUTOACTIVATE_GUARD': '1', 'GSM_SKIP_SSH_AGENT_WORKAROUND': 'true', 'DBUS_SESSION_BUS_ADDRESS': 'unix:path=/run/user/1000/bus', 'COLORTERM': 'truecolor', '_CE_M': '', '_CONDA_ROOT': '/home/dawntildusk/miniconda3', 'GIO_LAUNCHED_DESKTOP_FILE_PID': '44016', 'DEBUGINFOD_URLS': 'https://debuginfod.ubuntu.com', 'ROS_DISTRO': 'jazzy', 'GTK_IM_MODULE': 'fcitx', 'LOGNAME': 'dawntildusk', 'JOURNAL_STREAM': '10:29928', '_': '/usr/bin/colcon', 'ROS_VERSION': '2', 'MEMORY_PRESSURE_WATCH': '/sys/fs/cgroup/user.slice/user-1000.slice/user@1000.service/session.slice/org.gnome.Shell@x11.service/memory.pressure', 'XDG_SESSION_CLASS': 'user', 'USERNAME': 'dawntildusk', 'TERM': 'xterm-256color', 'GNOME_DESKTOP_SESSION_ID': 'this-is-deprecated', '_CE_CONDA': '', 'FC_FONTATIONS': '1', 'WINDOWPATH': '2', 'PATH': '/opt/ros/jazzy/bin:/home/dawntildusk/.config/Code/User/globalStorage/github.copilot-chat/debugCommand:/home/dawntildusk/.config/Code/User/globalStorage/github.copilot-chat/copilotCli:/home/dawntildusk/miniconda3/condabin:/usr/local/sbin:/usr/local/bin:/usr/sbin:/usr/bin:/sbin:/bin:/usr/games:/usr/local/games:/snap/bin:/snap/bin', 'SESSION_MANAGER': 'local/dawntildusk-TX-Gaming-FX608JPR-FX608JPR:@/tmp/.ICE-unix/2640,unix/dawntildusk-TX-Gaming-FX608JPR-FX608JPR:/tmp/.ICE-unix/2640', 'INVOCATION_ID': '39883ff62c494379bef8f4b89657dd8f', 'PAPERSIZE': 'a4', 'XDG_MENU_PREFIX': 'gnome-', 'LC_ADDRESS': 'zh_CN.UTF-8', 'XDG_RUNTIME_DIR': '/run/user/1000', 'GDK_BACKEND': 'x11', 'DISPLAY': ':1', 'LANG': 'zh_CN.UTF-8', 'XDG_CURRENT_DESKTOP': 'ubuntu:GNOME', 'LC_TELEPHONE': 'zh_CN.UTF-8', 'XMODIFIERS': '@im=fcitx', 'XDG_SESSION_DESKTOP': 'ubuntu', 'XAUTHORITY': '/run/user/1000/gdm/Xauthority', 'LS_COLORS': 'rs=0:di=01;34:ln=01;36:mh=00:pi=40;33:so=01;35:do=01;35:bd=40;33;01:cd=40;33;01:or=40;31;01:mi=00:su=37;41:sg=30;43:ca=00:tw=30;42:ow=34;42:st=37;44:ex=01;32:*.tar=01;31:*.tgz=01;31:*.arc=01;31:*.arj=01;31:*.taz=01;31:*.lha=01;31:*.lz4=01;31:*.lzh=01;31:*.lzma=01;31:*.tlz=01;31:*.txz=01;31:*.tzo=01;31:*.t7z=01;31:*.zip=01;31:*.z=01;31:*.dz=01;31:*.gz=01;31:*.lrz=01;31:*.lz=01;31:*.lzo=01;31:*.xz=01;31:*.zst=01;31:*.tzst=01;31:*.bz2=01;31:*.bz=01;31:*.tbz=01;31:*.tbz2=01;31:*.tz=01;31:*.deb=01;31:*.rpm=01;31:*.jar=01;31:*.war=01;31:*.ear=01;31:*.sar=01;31:*.rar=01;31:*.alz=01;31:*.ace=01;31:*.zoo=01;31:*.cpio=01;31:*.7z=01;31:*.rz=01;31:*.cab=01;31:*.wim=01;31:*.swm=01;31:*.dwm=01;31:*.esd=01;31:*.avif=01;35:*.jpg=01;35:*.jpeg=01;35:*.mjpg=01;35:*.mjpeg=01;35:*.gif=01;35:*.bmp=01;35:*.pbm=01;35:*.pgm=01;35:*.ppm=01;35:*.tga=01;35:*.xbm=01;35:*.xpm=01;35:*.tif=01;35:*.tiff=01;35:*.png=01;35:*.svg=01;35:*.svgz=01;35:*.mng=01;35:*.pcx=01;35:*.mov=01;35:*.mpg=01;35:*.mpeg=01;35:*.m2v=01;35:*.mkv=01;35:*.webm=01;35:*.webp=01;35:*.ogm=01;35:*.mp4=01;35:*.m4v=01;35:*.mp4v=01;35:*.vob=01;35:*.qt=01;35:*.nuv=01;35:*.wmv=01;35:*.asf=01;35:*.rm=01;35:*.rmvb=01;35:*.flc=01;35:*.avi=01;35:*.fli=01;35:*.flv=01;35:*.gl=01;35:*.dl=01;35:*.xcf=01;35:*.xwd=01;35:*.yuv=01;35:*.cgm=01;35:*.emf=01;35:*.ogv=01;35:*.ogx=01;35:*.aac=00;36:*.au=00;36:*.flac=00;36:*.m4a=00;36:*.mid=00;36:*.midi=00;36:*.mka=00;36:*.mp3=00;36:*.mpc=00;36:*.ogg=00;36:*.ra=00;36:*.wav=00;36:*.oga=00;36:*.opus=00;36:*.spx=00;36:*.xspf=00;36:*~=00;90:*#=00;90:*.bak=00;90:*.crdownload=00;90:*.dpkg-dist=00;90:*.dpkg-new=00;90:*.dpkg-old=00;90:*.dpkg-tmp=00;90:*.old=00;90:*.orig=00;90:*.part=00;90:*.rej=00;90:*.rpmnew=00;90:*.rpmorig=00;90:*.rpmsave=00;90:*.swp=00;90:*.tmp=00;90:*.ucf-dist=00;90:*.ucf-new=00;90:*.ucf-old=00;90:', 'VSCODE_GIT_IPC_HANDLE': '/run/user/1000/vscode-git-fc3f46f092.sock', 'TERM_PROGRAM': 'vscode', 'SSH_AUTH_SOCK': '/run/user/1000/keyring/ssh', 'AMENT_PREFIX_PATH': '/opt/ros/jazzy', 'CONDA_PYTHON_EXE': '/home/dawntildusk/miniconda3/bin/python', 'SHELL': '/bin/bash', 'LC_NAME': 'zh_CN.UTF-8', 'QT_ACCESSIBILITY': '1', 'GDMSESSION': 'ubuntu', 'LESSCLOSE': '/usr/bin/lesspipe %s %s', 'CONDA_DEFAULT_ENV': '', 'LC_MEASUREMENT': 'zh_CN.UTF-8', 'GPG_AGENT_INFO': '/run/user/1000/gnupg/S.gpg-agent:0:1', 'GJS_DEBUG_OUTPUT': 'stderr', '_CONDA_EXE': '/home/dawntildusk/miniconda3/bin/conda', 'LC_IDENTIFICATION': 'zh_CN.UTF-8', 'ROS_AUTOMATIC_DISCOVERY_RANGE': 'SUBNET', 'VSCODE_GIT_ASKPASS_EXTRA_ARGS': '', 'QT_IM_MODULE': 'fcitx', 'PWD': '/home/dawntildusk/lbot_ws/build/lbot_arm_interfaces', 'XDG_CONFIG_DIRS': '/etc/xdg/xdg-ubuntu:/etc/xdg', 'COPILOT_DEBUG_NONCE': '7dac8b5f3bc076abaa655999b86f7af0', 'CONDA_EXE': '/home/dawntildusk/miniconda3/bin/conda', 'CLUTTER_IM_MODULE': 'xim', 'XDG_DATA_DIRS': '/usr/share/ubuntu:/usr/share/gnome:/usr/local/share/:/usr/share/:/var/lib/snapd/desktop', 'QTWEBENGINE_DICTIONARIES_PATH': '/usr/share/hunspell-bdic/', 'PYTHONPATH': '/opt/ros/jazzy/lib/python3.12/site-packages', 'LC_NUMERIC': 'zh_CN.UTF-8', 'CONDA_PREFIX': '', 'LC_PAPER': 'zh_CN.UTF-8', 'COLCON': '1', 'MEMORY_PRESSURE_WRITE': 'c29tZSAyMDAwMDAgMjAwMDAwMAA=', 'CMAKE_PREFIX_PATH': '/opt/ros/jazzy/opt/gz_math_vendor:/opt/ros/jazzy/opt/gz_utils_vendor:/opt/ros/jazzy/opt/gz_cmake_vendor:/opt/ros/jazzy'}), 'shell': False}
[0.061396] (lbot_arm_interfaces) StdoutLine: {'line': b'-- The C compiler identification is GNU 13.3.0\n'}
[0.100125] (-) TimerEvent: {}
[0.117185] (lbot_arm_interfaces) StdoutLine: {'line': b'-- The CXX compiler identification is GNU 13.3.0\n'}
[0.131863] (lbot_arm_interfaces) StdoutLine: {'line': b'-- Detecting C compiler ABI info\n'}
[0.200239] (-) TimerEvent: {}
[0.231111] (lbot_arm_interfaces) StdoutLine: {'line': b'-- Detecting C compiler ABI info - done\n'}
[0.243657] (lbot_arm_interfaces) StdoutLine: {'line': b'-- Check for working C compiler: /usr/bin/cc - skipped\n'}
[0.243912] (lbot_arm_interfaces) StdoutLine: {'line': b'-- Detecting C compile features\n'}
[0.244349] (lbot_arm_interfaces) StdoutLine: {'line': b'-- Detecting C compile features - done\n'}
[0.257219] (lbot_arm_interfaces) StdoutLine: {'line': b'-- Detecting CXX compiler ABI info\n'}
[0.300381] (-) TimerEvent: {}
[0.360700] (lbot_arm_interfaces) StdoutLine: {'line': b'-- Detecting CXX compiler ABI info - done\n'}
[0.373298] (lbot_arm_interfaces) StdoutLine: {'line': b'-- Check for working CXX compiler: /usr/bin/c++ - skipped\n'}
[0.373557] (lbot_arm_interfaces) StdoutLine: {'line': b'-- Detecting CXX compile features\n'}
[0.373775] (lbot_arm_interfaces) StdoutLine: {'line': b'-- Detecting CXX compile features - done\n'}
[0.375310] (lbot_arm_interfaces) StdoutLine: {'line': b'-- Found ament_cmake: 2.5.6 (/opt/ros/jazzy/share/ament_cmake/cmake)\n'}
[0.400482] (-) TimerEvent: {}
[0.483011] (lbot_arm_interfaces) StdoutLine: {'line': b'-- Found Python3: /usr/bin/python3 (found version "3.12.3") found components: Interpreter \n'}
[0.500561] (-) TimerEvent: {}
[0.530045] (lbot_arm_interfaces) StdoutLine: {'line': b'-- Override CMake install command with custom implementation using symlinks instead of copying resources\n'}
[0.543719] (lbot_arm_interfaces) StdoutLine: {'line': b'-- Found geometry_msgs: 5.3.8 (/opt/ros/jazzy/share/geometry_msgs/cmake)\n'}
[0.569749] (lbot_arm_interfaces) StdoutLine: {'line': b'-- Found rosidl_generator_c: 4.6.9 (/opt/ros/jazzy/share/rosidl_generator_c/cmake)\n'}
[0.576199] (lbot_arm_interfaces) StdoutLine: {'line': b'-- Found rosidl_generator_cpp: 4.6.9 (/opt/ros/jazzy/share/rosidl_generator_cpp/cmake)\n'}
[0.583726] (lbot_arm_interfaces) StdoutLine: {'line': b'-- Using all available rosidl_typesupport_c: rosidl_typesupport_fastrtps_c;rosidl_typesupport_introspection_c\n'}
[0.592415] (lbot_arm_interfaces) StdoutLine: {'line': b'-- Using all available rosidl_typesupport_cpp: rosidl_typesupport_fastrtps_cpp;rosidl_typesupport_introspection_cpp\n'}
[0.600703] (-) TimerEvent: {}
[0.617124] (lbot_arm_interfaces) StdoutLine: {'line': b'-- Found sensor_msgs: 5.3.8 (/opt/ros/jazzy/share/sensor_msgs/cmake)\n'}
[0.637648] (lbot_arm_interfaces) StdoutLine: {'line': b'-- Found rosidl_default_generators: 1.6.1 (/opt/ros/jazzy/share/rosidl_default_generators/cmake)\n'}
[0.646047] (lbot_arm_interfaces) StdoutLine: {'line': b'-- Found rosidl_adapter: 4.6.9 (/opt/ros/jazzy/share/rosidl_adapter/cmake)\n'}
[0.700851] (-) TimerEvent: {}
[0.801166] (-) TimerEvent: {}
[0.901340] (-) TimerEvent: {}
[1.001586] (-) TimerEvent: {}
[1.101808] (-) TimerEvent: {}
[1.164416] (lbot_arm_interfaces) StdoutLine: {'line': b'-- Found ament_cmake_ros: 0.12.1 (/opt/ros/jazzy/share/ament_cmake_ros/cmake)\n'}
[1.201943] (-) TimerEvent: {}
[1.302196] (-) TimerEvent: {}
[1.402476] (-) TimerEvent: {}
[1.502732] (-) TimerEvent: {}
[1.602999] (-) TimerEvent: {}
[1.703256] (-) TimerEvent: {}
[1.803497] (-) TimerEvent: {}
[1.847250] (lbot_arm_interfaces) StdoutLine: {'line': b'-- Using all available rosidl_typesupport_c: rosidl_typesupport_fastrtps_c;rosidl_typesupport_introspection_c\n'}
[1.903614] (-) TimerEvent: {}
[2.003826] (-) TimerEvent: {}
[2.104055] (-) TimerEvent: {}
[2.105447] (lbot_arm_interfaces) StdoutLine: {'line': b'-- Using all available rosidl_typesupport_cpp: rosidl_typesupport_fastrtps_cpp;rosidl_typesupport_introspection_cpp\n'}
[2.108472] (lbot_arm_interfaces) StdoutLine: {'line': b'-- Found python_cmake_module: 0.11.1 (/opt/ros/jazzy/share/python_cmake_module/cmake)\n'}
[2.204144] (-) TimerEvent: {}
[2.230342] (lbot_arm_interfaces) StdoutLine: {'line': b'-- Found PythonExtra: /usr/bin/python3  \n'}
[2.304281] (-) TimerEvent: {}
[2.404687] (-) TimerEvent: {}
[2.504972] (-) TimerEvent: {}
[2.570621] (lbot_arm_interfaces) StdoutLine: {'line': b'-- Found Python3: /usr/bin/python3 (found version "3.12.3") found components: Interpreter Development NumPy Development.Module Development.Embed \n'}
[2.605054] (-) TimerEvent: {}
[2.652806] (lbot_arm_interfaces) StdoutLine: {'line': b'-- Found Python3: /usr/bin/python3 (found version "3.12.3") found components: Interpreter \n'}
[2.656379] (lbot_arm_interfaces) StdoutLine: {'line': b'-- Found ament_lint_auto: 0.17.5 (/opt/ros/jazzy/share/ament_lint_auto/cmake)\n'}
[2.667732] (lbot_arm_interfaces) StdoutLine: {'line': b"-- Added test 'copyright' to check source files copyright and LICENSE\n"}
[2.668882] (lbot_arm_interfaces) StdoutLine: {'line': b"-- Added test 'lint_cmake' to check CMake code style\n"}
[2.669636] (lbot_arm_interfaces) StdoutLine: {'line': b"-- Added test 'xmllint' to check XML markup files\n"}
[2.671566] (lbot_arm_interfaces) StdoutLine: {'line': b'-- Configuring done (2.7s)\n'}
[2.705142] (-) TimerEvent: {}
[2.713931] (lbot_arm_interfaces) StdoutLine: {'line': b'-- Generating done (0.0s)\n'}
[2.721594] (lbot_arm_interfaces) StdoutLine: {'line': b'-- Build files have been written to: /home/dawntildusk/lbot_ws/build/lbot_arm_interfaces\n'}
[2.728434] (lbot_arm_interfaces) CommandEnded: {'returncode': 0}
[2.728641] (lbot_arm_interfaces) JobProgress: {'identifier': 'lbot_arm_interfaces', 'progress': 'build'}
[2.728653] (lbot_arm_interfaces) Command: {'cmd': ['/usr/bin/cmake', '--build', '/home/dawntildusk/lbot_ws/build/lbot_arm_interfaces', '--', '-j24', '-l24'], 'cwd': '/home/dawntildusk/lbot_ws/build/lbot_arm_interfaces', 'env': OrderedDict({'GJS_DEBUG_TOPICS': 'JS ERROR;JS LOG', 'LESSOPEN': '| /usr/bin/lesspipe %s', 'CONDA_PROMPT_MODIFIER': '', 'LANGUAGE': 'zh_CN:en_US:en', 'USER': 'dawntildusk', 'LC_TIME': 'zh_CN.UTF-8', 'XDG_SESSION_TYPE': 'x11', 'GIT_ASKPASS': '/usr/share/code/resources/app/extensions/git/dist/askpass.sh', 'CLUTTER_DISABLE_MIPMAPPED_TEXT': '1', 'SHLVL': '1', 'LD_LIBRARY_PATH': '/opt/ros/jazzy/opt/rviz_ogre_vendor/lib:/opt/ros/jazzy/lib/x86_64-linux-gnu:/opt/ros/jazzy/opt/gz_math_vendor/lib:/opt/ros/jazzy/opt/gz_utils_vendor/lib:/opt/ros/jazzy/opt/gz_cmake_vendor/lib:/opt/ros/jazzy/lib', 'HOME': '/home/dawntildusk', 'CHROME_DESKTOP': 'code.desktop', 'CONDA_SHLVL': '0', 'OLDPWD': '/home/dawntildusk/lbot_ws', 'TERM_PROGRAM_VERSION': '1.136.1', 'DESKTOP_SESSION': 'ubuntu', 'GIO_LAUNCHED_DESKTOP_FILE': '/usr/share/applications/code.desktop', 'ROS_PYTHON_VERSION': '3', 'GNOME_SHELL_SESSION_MODE': 'ubuntu', 'GTK_MODULES': 'gail:atk-bridge', 'SDL_IM_MODULE': 'fcitx', 'VSCODE_GIT_ASKPASS_MAIN': '/usr/share/code/resources/app/extensions/git/dist/askpass-main.js', 'LC_MONETARY': 'zh_CN.UTF-8', 'VSCODE_GIT_ASKPASS_NODE': '/usr/share/code/code', 'MANAGERPID': '2288', 'SYSTEMD_EXEC_PID': '2708', 'VSCODE_PYTHON_AUTOACTIVATE_GUARD': '1', 'GSM_SKIP_SSH_AGENT_WORKAROUND': 'true', 'DBUS_SESSION_BUS_ADDRESS': 'unix:path=/run/user/1000/bus', 'COLORTERM': 'truecolor', '_CE_M': '', '_CONDA_ROOT': '/home/dawntildusk/miniconda3', 'GIO_LAUNCHED_DESKTOP_FILE_PID': '44016', 'DEBUGINFOD_URLS': 'https://debuginfod.ubuntu.com', 'ROS_DISTRO': 'jazzy', 'GTK_IM_MODULE': 'fcitx', 'LOGNAME': 'dawntildusk', 'JOURNAL_STREAM': '10:29928', '_': '/usr/bin/colcon', 'ROS_VERSION': '2', 'MEMORY_PRESSURE_WATCH': '/sys/fs/cgroup/user.slice/user-1000.slice/user@1000.service/session.slice/org.gnome.Shell@x11.service/memory.pressure', 'XDG_SESSION_CLASS': 'user', 'USERNAME': 'dawntildusk', 'TERM': 'xterm-256color', 'GNOME_DESKTOP_SESSION_ID': 'this-is-deprecated', '_CE_CONDA': '', 'FC_FONTATIONS': '1', 'WINDOWPATH': '2', 'PATH': '/opt/ros/jazzy/bin:/home/dawntildusk/.config/Code/User/globalStorage/github.copilot-chat/debugCommand:/home/dawntildusk/.config/Code/User/globalStorage/github.copilot-chat/copilotCli:/home/dawntildusk/miniconda3/condabin:/usr/local/sbin:/usr/local/bin:/usr/sbin:/usr/bin:/sbin:/bin:/usr/games:/usr/local/games:/snap/bin:/snap/bin', 'SESSION_MANAGER': 'local/dawntildusk-TX-Gaming-FX608JPR-FX608JPR:@/tmp/.ICE-unix/2640,unix/dawntildusk-TX-Gaming-FX608JPR-FX608JPR:/tmp/.ICE-unix/2640', 'INVOCATION_ID': '39883ff62c494379bef8f4b89657dd8f', 'PAPERSIZE': 'a4', 'XDG_MENU_PREFIX': 'gnome-', 'LC_ADDRESS': 'zh_CN.UTF-8', 'XDG_RUNTIME_DIR': '/run/user/1000', 'GDK_BACKEND': 'x11', 'DISPLAY': ':1', 'LANG': 'zh_CN.UTF-8', 'XDG_CURRENT_DESKTOP': 'ubuntu:GNOME', 'LC_TELEPHONE': 'zh_CN.UTF-8', 'XMODIFIERS': '@im=fcitx', 'XDG_SESSION_DESKTOP': 'ubuntu', 'XAUTHORITY': '/run/user/1000/gdm/Xauthority', 'LS_COLORS': 'rs=0:di=01;34:ln=01;36:mh=00:pi=40;33:so=01;35:do=01;35:bd=40;33;01:cd=40;33;01:or=40;31;01:mi=00:su=37;41:sg=30;43:ca=00:tw=30;42:ow=34;42:st=37;44:ex=01;32:*.tar=01;31:*.tgz=01;31:*.arc=01;31:*.arj=01;31:*.taz=01;31:*.lha=01;31:*.lz4=01;31:*.lzh=01;31:*.lzma=01;31:*.tlz=01;31:*.txz=01;31:*.tzo=01;31:*.t7z=01;31:*.zip=01;31:*.z=01;31:*.dz=01;31:*.gz=01;31:*.lrz=01;31:*.lz=01;31:*.lzo=01;31:*.xz=01;31:*.zst=01;31:*.tzst=01;31:*.bz2=01;31:*.bz=01;31:*.tbz=01;31:*.tbz2=01;31:*.tz=01;31:*.deb=01;31:*.rpm=01;31:*.jar=01;31:*.war=01;31:*.ear=01;31:*.sar=01;31:*.rar=01;31:*.alz=01;31:*.ace=01;31:*.zoo=01;31:*.cpio=01;31:*.7z=01;31:*.rz=01;31:*.cab=01;31:*.wim=01;31:*.swm=01;31:*.dwm=01;31:*.esd=01;31:*.avif=01;35:*.jpg=01;35:*.jpeg=01;35:*.mjpg=01;35:*.mjpeg=01;35:*.gif=01;35:*.bmp=01;35:*.pbm=01;35:*.pgm=01;35:*.ppm=01;35:*.tga=01;35:*.xbm=01;35:*.xpm=01;35:*.tif=01;35:*.tiff=01;35:*.png=01;35:*.svg=01;35:*.svgz=01;35:*.mng=01;35:*.pcx=01;35:*.mov=01;35:*.mpg=01;35:*.mpeg=01;35:*.m2v=01;35:*.mkv=01;35:*.webm=01;35:*.webp=01;35:*.ogm=01;35:*.mp4=01;35:*.m4v=01;35:*.mp4v=01;35:*.vob=01;35:*.qt=01;35:*.nuv=01;35:*.wmv=01;35:*.asf=01;35:*.rm=01;35:*.rmvb=01;35:*.flc=01;35:*.avi=01;35:*.fli=01;35:*.flv=01;35:*.gl=01;35:*.dl=01;35:*.xcf=01;35:*.xwd=01;35:*.yuv=01;35:*.cgm=01;35:*.emf=01;35:*.ogv=01;35:*.ogx=01;35:*.aac=00;36:*.au=00;36:*.flac=00;36:*.m4a=00;36:*.mid=00;36:*.midi=00;36:*.mka=00;36:*.mp3=00;36:*.mpc=00;36:*.ogg=00;36:*.ra=00;36:*.wav=00;36:*.oga=00;36:*.opus=00;36:*.spx=00;36:*.xspf=00;36:*~=00;90:*#=00;90:*.bak=00;90:*.crdownload=00;90:*.dpkg-dist=00;90:*.dpkg-new=00;90:*.dpkg-old=00;90:*.dpkg-tmp=00;90:*.old=00;90:*.orig=00;90:*.part=00;90:*.rej=00;90:*.rpmnew=00;90:*.rpmorig=00;90:*.rpmsave=00;90:*.swp=00;90:*.tmp=00;90:*.ucf-dist=00;90:*.ucf-new=00;90:*.ucf-old=00;90:', 'VSCODE_GIT_IPC_HANDLE': '/run/user/1000/vscode-git-fc3f46f092.sock', 'TERM_PROGRAM': 'vscode', 'SSH_AUTH_SOCK': '/run/user/1000/keyring/ssh', 'AMENT_PREFIX_PATH': '/opt/ros/jazzy', 'CONDA_PYTHON_EXE': '/home/dawntildusk/miniconda3/bin/python', 'SHELL': '/bin/bash', 'LC_NAME': 'zh_CN.UTF-8', 'QT_ACCESSIBILITY': '1', 'GDMSESSION': 'ubuntu', 'LESSCLOSE': '/usr/bin/lesspipe %s %s', 'CONDA_DEFAULT_ENV': '', 'LC_MEASUREMENT': 'zh_CN.UTF-8', 'GPG_AGENT_INFO': '/run/user/1000/gnupg/S.gpg-agent:0:1', 'GJS_DEBUG_OUTPUT': 'stderr', '_CONDA_EXE': '/home/dawntildusk/miniconda3/bin/conda', 'LC_IDENTIFICATION': 'zh_CN.UTF-8', 'ROS_AUTOMATIC_DISCOVERY_RANGE': 'SUBNET', 'VSCODE_GIT_ASKPASS_EXTRA_ARGS': '', 'QT_IM_MODULE': 'fcitx', 'PWD': '/home/dawntildusk/lbot_ws/build/lbot_arm_interfaces', 'XDG_CONFIG_DIRS': '/etc/xdg/xdg-ubuntu:/etc/xdg', 'COPILOT_DEBUG_NONCE': '7dac8b5f3bc076abaa655999b86f7af0', 'CONDA_EXE': '/home/dawntildusk/miniconda3/bin/conda', 'CLUTTER_IM_MODULE': 'xim', 'XDG_DATA_DIRS': '/usr/share/ubuntu:/usr/share/gnome:/usr/local/share/:/usr/share/:/var/lib/snapd/desktop', 'QTWEBENGINE_DICTIONARIES_PATH': '/usr/share/hunspell-bdic/', 'PYTHONPATH': '/opt/ros/jazzy/lib/python3.12/site-packages', 'LC_NUMERIC': 'zh_CN.UTF-8', 'CONDA_PREFIX': '', 'LC_PAPER': 'zh_CN.UTF-8', 'COLCON': '1', 'MEMORY_PRESSURE_WRITE': 'c29tZSAyMDAwMDAgMjAwMDAwMAA=', 'CMAKE_PREFIX_PATH': '/opt/ros/jazzy/opt/gz_math_vendor:/opt/ros/jazzy/opt/gz_utils_vendor:/opt/ros/jazzy/opt/gz_cmake_vendor:/opt/ros/jazzy'}), 'shell': False}
[2.778871] (lbot_arm_interfaces) StdoutLine: {'line': b'[  1%] \x1b[34m\x1b[1mGenerating type hashes for ROS interfaces\x1b[0m\n'}
[2.781356] (lbot_arm_interfaces) StdoutLine: {'line': b'[  2%] \x1b[34m\x1b[1mGenerating Rust code for ROS interfaces\x1b[0m\n'}
[2.787820] (lbot_arm_interfaces) StdoutLine: {'line': b'[  2%] Built target ament_cmake_python_symlink_lbot_arm_interfaces\n'}
[2.805214] (-) TimerEvent: {}
[2.898053] (lbot_arm_interfaces) StdoutLine: {'line': b'running egg_info\n'}
[2.898565] (lbot_arm_interfaces) StdoutLine: {'line': b'creating lbot_arm_interfaces.egg-info\n'}
[2.905315] (-) TimerEvent: {}
[2.907168] (lbot_arm_interfaces) StdoutLine: {'line': b'writing lbot_arm_interfaces.egg-info/PKG-INFO\n'}
[2.907243] (lbot_arm_interfaces) StdoutLine: {'line': b'writing dependency_links to lbot_arm_interfaces.egg-info/dependency_links.txt\n'}
[2.907284] (lbot_arm_interfaces) StdoutLine: {'line': b'writing top-level names to lbot_arm_interfaces.egg-info/top_level.txt\n'}
[2.907319] (lbot_arm_interfaces) StdoutLine: {'line': b"writing manifest file 'lbot_arm_interfaces.egg-info/SOURCES.txt'\n"}
[2.932949] (lbot_arm_interfaces) StdoutLine: {'line': b"reading manifest file 'lbot_arm_interfaces.egg-info/SOURCES.txt'\n"}
[2.933191] (lbot_arm_interfaces) StdoutLine: {'line': b"writing manifest file 'lbot_arm_interfaces.egg-info/SOURCES.txt'\n"}
[2.950859] (lbot_arm_interfaces) StdoutLine: {'line': b'[  2%] Built target ament_cmake_python_build_lbot_arm_interfaces_egg\n'}
[3.005440] (-) TimerEvent: {}
[3.010600] (lbot_arm_interfaces) StdoutLine: {'line': b'[  2%] Built target lbot_arm_interfaces__rosidl_generator_type_description\n'}
[3.019659] (lbot_arm_interfaces) StdoutLine: {'line': b'[  3%] \x1b[34m\x1b[1mGenerating C code for ROS interfaces\x1b[0m\n'}
[3.028172] (lbot_arm_interfaces) StdoutLine: {'line': b'[  3%] \x1b[34m\x1b[1mGenerating C++ code for ROS interfaces\x1b[0m\n'}
[3.037671] (lbot_arm_interfaces) StdoutLine: {'line': b'[  3%] Built target lbot_arm_interfaces__rs\n'}
[3.105564] (-) TimerEvent: {}
[3.205878] (-) TimerEvent: {}
[3.306243] (-) TimerEvent: {}
[3.406569] (-) TimerEvent: {}
[3.506805] (-) TimerEvent: {}
[3.607088] (-) TimerEvent: {}
[3.707470] (-) TimerEvent: {}
[3.763684] (lbot_arm_interfaces) StdoutLine: {'line': b'[  3%] Built target lbot_arm_interfaces__cpp\n'}
[3.807583] (-) TimerEvent: {}
[3.907814] (-) TimerEvent: {}
[3.950025] (lbot_arm_interfaces) StdoutLine: {'line': b'[  4%] \x1b[32mBuilding C object CMakeFiles/lbot_arm_interfaces__rosidl_generator_c.dir/rosidl_generator_c/lbot_arm_interfaces/srv/detail/move_l__functions.c.o\x1b[0m\n'}
[3.950245] (lbot_arm_interfaces) StdoutLine: {'line': b'[  4%] \x1b[32mBuilding C object CMakeFiles/lbot_arm_interfaces__rosidl_generator_c.dir/rosidl_generator_c/lbot_arm_interfaces/srv/detail/move_l__description.c.o\x1b[0m\n'}
[3.950743] (lbot_arm_interfaces) StdoutLine: {'line': b'[  4%] \x1b[32mBuilding C object CMakeFiles/lbot_arm_interfaces__rosidl_generator_c.dir/rosidl_generator_c/lbot_arm_interfaces/srv/detail/move_c__description.c.o\x1b[0m\n'}
[3.950869] (lbot_arm_interfaces) StdoutLine: {'line': b'[  4%] \x1b[32mBuilding C object CMakeFiles/lbot_arm_interfaces__rosidl_generator_c.dir/rosidl_generator_c/lbot_arm_interfaces/srv/detail/move_c__functions.c.o\x1b[0m\n'}
[3.952939] (lbot_arm_interfaces) StdoutLine: {'line': b'[  5%] \x1b[32mBuilding C object CMakeFiles/lbot_arm_interfaces__rosidl_generator_c.dir/rosidl_generator_c/lbot_arm_interfaces/srv/detail/move_c__type_support.c.o\x1b[0m\n'}
[3.953132] (lbot_arm_interfaces) StdoutLine: {'line': b'[  5%] \x1b[32mBuilding C object CMakeFiles/lbot_arm_interfaces__rosidl_generator_c.dir/rosidl_generator_c/lbot_arm_interfaces/srv/detail/move_j__description.c.o\x1b[0m\n'}
[3.953228] (lbot_arm_interfaces) StdoutLine: {'line': b'[  6%] \x1b[32mBuilding C object CMakeFiles/lbot_arm_interfaces__rosidl_generator_c.dir/rosidl_generator_c/lbot_arm_interfaces/srv/detail/move_j__functions.c.o\x1b[0m\n'}
[3.953312] (lbot_arm_interfaces) StdoutLine: {'line': b'[  6%] \x1b[32mBuilding C object CMakeFiles/lbot_arm_interfaces__rosidl_generator_c.dir/rosidl_generator_c/lbot_arm_interfaces/srv/detail/move_j__type_support.c.o\x1b[0m\n'}
[3.953385] (lbot_arm_interfaces) StdoutLine: {'line': b'[  6%] \x1b[32mBuilding C object CMakeFiles/lbot_arm_interfaces__rosidl_generator_c.dir/rosidl_generator_c/lbot_arm_interfaces/srv/detail/move_jp__type_support.c.o\x1b[0m\n'}
[3.953458] (lbot_arm_interfaces) StdoutLine: {'line': b'[  6%] \x1b[32mBuilding C object CMakeFiles/lbot_arm_interfaces__rosidl_generator_c.dir/rosidl_generator_c/lbot_arm_interfaces/srv/detail/move_jp__description.c.o\x1b[0m\n'}
[3.953526] (lbot_arm_interfaces) StdoutLine: {'line': b'[  7%] \x1b[32mBuilding C object CMakeFiles/lbot_arm_interfaces__rosidl_generator_c.dir/rosidl_generator_c/lbot_arm_interfaces/srv/detail/move_jp__functions.c.o\x1b[0m\n'}
[3.953603] (lbot_arm_interfaces) StdoutLine: {'line': b'[  8%] \x1b[32mBuilding C object CMakeFiles/lbot_arm_interfaces__rosidl_generator_c.dir/rosidl_generator_c/lbot_arm_interfaces/srv/detail/move_l__type_support.c.o\x1b[0m\n'}
[3.953743] (lbot_arm_interfaces) StdoutLine: {'line': b'[  8%] \x1b[32mBuilding C object CMakeFiles/lbot_arm_interfaces__rosidl_generator_c.dir/rosidl_generator_c/lbot_arm_interfaces/srv/detail/forward_kinematics__description.c.o\x1b[0m\n'}
[3.953825] (lbot_arm_interfaces) StdoutLine: {'line': b'[  9%] \x1b[32mBuilding C object CMakeFiles/lbot_arm_interfaces__rosidl_generator_c.dir/rosidl_generator_c/lbot_arm_interfaces/srv/detail/inverse_kinematics__type_support.c.o\x1b[0m\n'}
[3.954218] (lbot_arm_interfaces) StdoutLine: {'line': b'[  9%] \x1b[32mBuilding C object CMakeFiles/lbot_arm_interfaces__rosidl_generator_c.dir/rosidl_generator_c/lbot_arm_interfaces/srv/detail/forward_kinematics__functions.c.o\x1b[0m\n'}
[3.954560] (lbot_arm_interfaces) StdoutLine: {'line': b'[  9%] \x1b[32mBuilding C object CMakeFiles/lbot_arm_interfaces__rosidl_generator_c.dir/rosidl_generator_c/lbot_arm_interfaces/srv/detail/set_frame__description.c.o\x1b[0m\n'}
[3.955073] (lbot_arm_interfaces) StdoutLine: {'line': b'[ 10%] \x1b[32mBuilding C object CMakeFiles/lbot_arm_interfaces__rosidl_generator_c.dir/rosidl_generator_c/lbot_arm_interfaces/srv/detail/set_string__description.c.o\x1b[0m\n'}
[3.955243] (lbot_arm_interfaces) StdoutLine: {'line': b'[ 10%] \x1b[32mBuilding C object CMakeFiles/lbot_arm_interfaces__rosidl_generator_c.dir/rosidl_generator_c/lbot_arm_interfaces/srv/detail/set_string__functions.c.o\x1b[0m\n'}
[3.955443] (lbot_arm_interfaces) StdoutLine: {'line': b'[ 11%] \x1b[32mBuilding C object CMakeFiles/lbot_arm_interfaces__rosidl_generator_c.dir/rosidl_generator_c/lbot_arm_interfaces/srv/detail/inverse_kinematics__description.c.o\x1b[0m\n'}
[3.955664] (lbot_arm_interfaces) StdoutLine: {'line': b'[ 11%] \x1b[32mBuilding C object CMakeFiles/lbot_arm_interfaces__rosidl_generator_c.dir/rosidl_generator_c/lbot_arm_interfaces/srv/detail/inverse_kinematics__functions.c.o\x1b[0m\n'}
[3.955822] (lbot_arm_interfaces) StdoutLine: {'line': b'[ 11%] \x1b[32mBuilding C object CMakeFiles/lbot_arm_interfaces__rosidl_generator_c.dir/rosidl_generator_c/lbot_arm_interfaces/srv/detail/set_frame__type_support.c.o\x1b[0m\n'}
[3.956541] (lbot_arm_interfaces) StdoutLine: {'line': b'[ 12%] \x1b[32mBuilding C object CMakeFiles/lbot_arm_interfaces__rosidl_generator_c.dir/rosidl_generator_c/lbot_arm_interfaces/srv/detail/forward_kinematics__type_support.c.o\x1b[0m\n'}
[3.956943] (lbot_arm_interfaces) StdoutLine: {'line': b'[ 13%] \x1b[32mBuilding C object CMakeFiles/lbot_arm_interfaces__rosidl_generator_c.dir/rosidl_generator_c/lbot_arm_interfaces/srv/detail/set_frame__functions.c.o\x1b[0m\n'}
[3.957359] (lbot_arm_interfaces) StdoutLine: {'line': b'[ 14%] \x1b[32mBuilding C object CMakeFiles/lbot_arm_interfaces__rosidl_generator_c.dir/rosidl_generator_c/lbot_arm_interfaces/srv/detail/set_string__type_support.c.o\x1b[0m\n'}
[3.989228] (lbot_arm_interfaces) StdoutLine: {'line': b'[ 15%] \x1b[32mBuilding C object CMakeFiles/lbot_arm_interfaces__rosidl_generator_c.dir/rosidl_generator_c/lbot_arm_interfaces/srv/detail/get_frame__functions.c.o\x1b[0m\n'}
[3.989440] (lbot_arm_interfaces) StdoutLine: {'line': b'[ 15%] \x1b[32mBuilding C object CMakeFiles/lbot_arm_interfaces__rosidl_generator_c.dir/rosidl_generator_c/lbot_arm_interfaces/srv/detail/get_frame__type_support.c.o\x1b[0m\n'}
[3.989531] (lbot_arm_interfaces) StdoutLine: {'line': b'[ 15%] \x1b[32mBuilding C object CMakeFiles/lbot_arm_interfaces__rosidl_generator_c.dir/rosidl_generator_c/lbot_arm_interfaces/srv/detail/get_frame__description.c.o\x1b[0m\n'}
[3.990883] (lbot_arm_interfaces) StdoutLine: {'line': b'[ 15%] \x1b[32mBuilding C object CMakeFiles/lbot_arm_interfaces__rosidl_generator_c.dir/rosidl_generator_c/lbot_arm_interfaces/srv/detail/get_current_frame__description.c.o\x1b[0m\n'}
[3.992394] (lbot_arm_interfaces) StdoutLine: {'line': b'[ 15%] \x1b[32mBuilding C object CMakeFiles/lbot_arm_interfaces__rosidl_generator_c.dir/rosidl_generator_c/lbot_arm_interfaces/srv/detail/get_current_frame__type_support.c.o\x1b[0m\n'}
[3.993187] (lbot_arm_interfaces) StdoutLine: {'line': b'[ 16%] \x1b[32mBuilding C object CMakeFiles/lbot_arm_interfaces__rosidl_generator_c.dir/rosidl_generator_c/lbot_arm_interfaces/srv/detail/get_current_frame__functions.c.o\x1b[0m\n'}
[3.994237] (lbot_arm_interfaces) StdoutLine: {'line': b'[ 17%] \x1b[32mBuilding C object CMakeFiles/lbot_arm_interfaces__rosidl_generator_c.dir/rosidl_generator_c/lbot_arm_interfaces/srv/detail/change_frame__description.c.o\x1b[0m\n'}
[3.995096] (lbot_arm_interfaces) StdoutLine: {'line': b'[ 17%] \x1b[32mBuilding C object CMakeFiles/lbot_arm_interfaces__rosidl_generator_c.dir/rosidl_generator_c/lbot_arm_interfaces/srv/detail/change_frame__functions.c.o\x1b[0m\n'}
[3.998091] (lbot_arm_interfaces) StdoutLine: {'line': b'[ 18%] \x1b[32mBuilding C object CMakeFiles/lbot_arm_interfaces__rosidl_generator_c.dir/rosidl_generator_c/lbot_arm_interfaces/srv/detail/change_frame__type_support.c.o\x1b[0m\n'}
[3.999165] (lbot_arm_interfaces) StdoutLine: {'line': b'[ 18%] \x1b[32mBuilding C object CMakeFiles/lbot_arm_interfaces__rosidl_generator_c.dir/rosidl_generator_c/lbot_arm_interfaces/srv/detail/delete_frame__functions.c.o\x1b[0m\n'}
[3.999864] (lbot_arm_interfaces) StdoutLine: {'line': b'[ 18%] \x1b[32mBuilding C object CMakeFiles/lbot_arm_interfaces__rosidl_generator_c.dir/rosidl_generator_c/lbot_arm_interfaces/srv/detail/delete_frame__description.c.o\x1b[0m\n'}
[4.001895] (lbot_arm_interfaces) StdoutLine: {'line': b'[ 19%] \x1b[32mBuilding C object CMakeFiles/lbot_arm_interfaces__rosidl_generator_c.dir/rosidl_generator_c/lbot_arm_interfaces/srv/detail/delete_frame__type_support.c.o\x1b[0m\n'}
[4.002336] (lbot_arm_interfaces) StdoutLine: {'line': b'[ 20%] \x1b[32mBuilding C object CMakeFiles/lbot_arm_interfaces__rosidl_generator_c.dir/rosidl_generator_c/lbot_arm_interfaces/srv/detail/get_all_frames__functions.c.o\x1b[0m\n'}
[4.002563] (lbot_arm_interfaces) StdoutLine: {'line': b'[ 20%] \x1b[32mBuilding C object CMakeFiles/lbot_arm_interfaces__rosidl_generator_c.dir/rosidl_generator_c/lbot_arm_interfaces/srv/detail/get_all_frames__description.c.o\x1b[0m\n'}
[4.004740] (lbot_arm_interfaces) StdoutLine: {'line': b'[ 20%] \x1b[32mBuilding C object CMakeFiles/lbot_arm_interfaces__rosidl_generator_c.dir/rosidl_generator_c/lbot_arm_interfaces/srv/detail/get_all_frames__type_support.c.o\x1b[0m\n'}
[4.007910] (-) TimerEvent: {}
[4.008378] (lbot_arm_interfaces) StdoutLine: {'line': b'[ 21%] \x1b[32mBuilding C object CMakeFiles/lbot_arm_interfaces__rosidl_generator_c.dir/rosidl_generator_c/lbot_arm_interfaces/srv/detail/set_zero__description.c.o\x1b[0m\n'}
[4.026429] (lbot_arm_interfaces) StdoutLine: {'line': b'[ 21%] \x1b[32mBuilding C object CMakeFiles/lbot_arm_interfaces__rosidl_generator_c.dir/rosidl_generator_c/lbot_arm_interfaces/srv/detail/set_zero__functions.c.o\x1b[0m\n'}
[4.026608] (lbot_arm_interfaces) StdoutLine: {'line': b'[ 22%] \x1b[32mBuilding C object CMakeFiles/lbot_arm_interfaces__rosidl_generator_c.dir/rosidl_generator_c/lbot_arm_interfaces/srv/detail/set_zero__type_support.c.o\x1b[0m\n'}
[4.026714] (lbot_arm_interfaces) StdoutLine: {'line': b'[ 22%] \x1b[32mBuilding C object CMakeFiles/lbot_arm_interfaces__rosidl_generator_c.dir/rosidl_generator_c/lbot_arm_interfaces/srv/detail/set_emergency__description.c.o\x1b[0m\n'}
[4.026789] (lbot_arm_interfaces) StdoutLine: {'line': b'[ 22%] \x1b[32mBuilding C object CMakeFiles/lbot_arm_interfaces__rosidl_generator_c.dir/rosidl_generator_c/lbot_arm_interfaces/srv/detail/set_emergency__functions.c.o\x1b[0m\n'}
[4.026856] (lbot_arm_interfaces) StdoutLine: {'line': b'[ 23%] \x1b[32mBuilding C object CMakeFiles/lbot_arm_interfaces__rosidl_generator_c.dir/rosidl_generator_c/lbot_arm_interfaces/srv/detail/set_emergency__type_support.c.o\x1b[0m\n'}
[4.031011] (lbot_arm_interfaces) StdoutLine: {'line': b'[ 24%] \x1b[32mBuilding C object CMakeFiles/lbot_arm_interfaces__rosidl_generator_c.dir/rosidl_generator_c/lbot_arm_interfaces/msg/detail/arm_state__description.c.o\x1b[0m\n'}
[4.031370] (lbot_arm_interfaces) StdoutLine: {'line': b'[ 25%] \x1b[32mBuilding C object CMakeFiles/lbot_arm_interfaces__rosidl_generator_c.dir/rosidl_generator_c/lbot_arm_interfaces/srv/detail/set_enable__functions.c.o\x1b[0m\n'}
[4.031452] (lbot_arm_interfaces) StdoutLine: {'line': b'[ 24%] \x1b[32mBuilding C object CMakeFiles/lbot_arm_interfaces__rosidl_generator_c.dir/rosidl_generator_c/lbot_arm_interfaces/srv/detail/set_enable__type_support.c.o\x1b[0m\n'}
[4.031519] (lbot_arm_interfaces) StdoutLine: {'line': b'[ 25%] \x1b[32mBuilding C object CMakeFiles/lbot_arm_interfaces__rosidl_generator_c.dir/rosidl_generator_c/lbot_arm_interfaces/srv/detail/set_enable__description.c.o\x1b[0m\n'}
[4.031951] (lbot_arm_interfaces) StdoutLine: {'line': b'[ 25%] \x1b[32mBuilding C object CMakeFiles/lbot_arm_interfaces__rosidl_generator_c.dir/rosidl_generator_c/lbot_arm_interfaces/msg/detail/arm_state__functions.c.o\x1b[0m\n'}
[4.034638] (lbot_arm_interfaces) StdoutLine: {'line': b'[ 26%] \x1b[32mBuilding C object CMakeFiles/lbot_arm_interfaces__rosidl_generator_c.dir/rosidl_generator_c/lbot_arm_interfaces/msg/detail/arm_state__type_support.c.o\x1b[0m\n'}
[4.042002] (lbot_arm_interfaces) StdoutLine: {'line': b'[ 26%] \x1b[32mBuilding C object CMakeFiles/lbot_arm_interfaces__rosidl_generator_c.dir/rosidl_generator_c/lbot_arm_interfaces/msg/detail/lbot_pose__description.c.o\x1b[0m\n'}
[4.042640] (lbot_arm_interfaces) StdoutLine: {'line': b'[ 26%] \x1b[32mBuilding C object CMakeFiles/lbot_arm_interfaces__rosidl_generator_c.dir/rosidl_generator_c/lbot_arm_interfaces/msg/detail/lbot_frame__description.c.o\x1b[0m\n'}
[4.042894] (lbot_arm_interfaces) StdoutLine: {'line': b'[ 27%] \x1b[32mBuilding C object CMakeFiles/lbot_arm_interfaces__rosidl_generator_c.dir/rosidl_generator_c/lbot_arm_interfaces/msg/detail/lbot_frame__functions.c.o\x1b[0m\n'}
[4.043138] (lbot_arm_interfaces) StdoutLine: {'line': b'[ 27%] \x1b[32mBuilding C object CMakeFiles/lbot_arm_interfaces__rosidl_generator_c.dir/rosidl_generator_c/lbot_arm_interfaces/msg/detail/lbot_pose__functions.c.o\x1b[0m\n'}
[4.043547] (lbot_arm_interfaces) StdoutLine: {'line': b'[ 28%] \x1b[32mBuilding C object CMakeFiles/lbot_arm_interfaces__rosidl_generator_c.dir/rosidl_generator_c/lbot_arm_interfaces/msg/detail/lbot_pose__type_support.c.o\x1b[0m\n'}
[4.051000] (lbot_arm_interfaces) StdoutLine: {'line': b'[ 28%] \x1b[32mBuilding C object CMakeFiles/lbot_arm_interfaces__rosidl_generator_c.dir/rosidl_generator_c/lbot_arm_interfaces/msg/detail/lbot_frame__type_support.c.o\x1b[0m\n'}
[4.051652] (lbot_arm_interfaces) StdoutLine: {'line': b'[ 29%] \x1b[32mBuilding C object CMakeFiles/lbot_arm_interfaces__rosidl_generator_c.dir/rosidl_generator_c/lbot_arm_interfaces/msg/detail/follow_joint__description.c.o\x1b[0m\n'}
[4.058916] (lbot_arm_interfaces) StdoutLine: {'line': b'[ 29%] \x1b[32mBuilding C object CMakeFiles/lbot_arm_interfaces__rosidl_generator_c.dir/rosidl_generator_c/lbot_arm_interfaces/msg/detail/follow_joint__functions.c.o\x1b[0m\n'}
[4.064075] (lbot_arm_interfaces) StdoutLine: {'line': b'[ 30%] \x1b[32mBuilding C object CMakeFiles/lbot_arm_interfaces__rosidl_generator_c.dir/rosidl_generator_c/lbot_arm_interfaces/msg/detail/follow_joint__type_support.c.o\x1b[0m\n'}
[4.099658] (lbot_arm_interfaces) StdoutLine: {'line': b'[ 30%] \x1b[32m\x1b[1mLinking C shared library liblbot_arm_interfaces__rosidl_generator_c.so\x1b[0m\n'}
[4.108050] (-) TimerEvent: {}
[4.127680] (lbot_arm_interfaces) StdoutLine: {'line': b'[ 30%] Built target lbot_arm_interfaces__rosidl_generator_c\n'}
[4.133510] (lbot_arm_interfaces) StdoutLine: {'line': b'[ 30%] \x1b[34m\x1b[1mGenerating C introspection for ROS interfaces\x1b[0m\n'}
[4.133703] (lbot_arm_interfaces) StdoutLine: {'line': b'[ 30%] \x1b[34m\x1b[1mGenerating C type support dispatch for ROS interfaces\x1b[0m\n'}
[4.136087] (lbot_arm_interfaces) StdoutLine: {'line': b'[ 31%] \x1b[34m\x1b[1mGenerating C++ type support for eProsima Fast-RTPS\x1b[0m\n'}
[4.136583] (lbot_arm_interfaces) StdoutLine: {'line': b'[ 32%] \x1b[34m\x1b[1mGenerating C type support for eProsima Fast-RTPS\x1b[0m\n'}
[4.137044] (lbot_arm_interfaces) StdoutLine: {'line': b'[ 32%] \x1b[34m\x1b[1mGenerating C++ type support dispatch for ROS interfaces\x1b[0m\n'}
[4.137212] (lbot_arm_interfaces) StdoutLine: {'line': b'[ 32%] \x1b[34m\x1b[1mGenerating C++ introspection for ROS interfaces\x1b[0m\n'}
[4.208129] (-) TimerEvent: {}
[4.308381] (-) TimerEvent: {}
[4.408651] (-) TimerEvent: {}
[4.508935] (-) TimerEvent: {}
[4.540966] (lbot_arm_interfaces) StdoutLine: {'line': b'[ 32%] \x1b[32mBuilding CXX object CMakeFiles/lbot_arm_interfaces__rosidl_typesupport_c.dir/rosidl_typesupport_c/lbot_arm_interfaces/srv/move_l__type_support.cpp.o\x1b[0m\n'}
[4.541143] (lbot_arm_interfaces) StdoutLine: {'line': b'[ 33%] \x1b[32mBuilding CXX object CMakeFiles/lbot_arm_interfaces__rosidl_typesupport_c.dir/rosidl_typesupport_c/lbot_arm_interfaces/srv/move_jp__type_support.cpp.o\x1b[0m\n'}
[4.541258] (lbot_arm_interfaces) StdoutLine: {'line': b'[ 33%] \x1b[32mBuilding CXX object CMakeFiles/lbot_arm_interfaces__rosidl_typesupport_c.dir/rosidl_typesupport_c/lbot_arm_interfaces/srv/move_c__type_support.cpp.o\x1b[0m\n'}
[4.541322] (lbot_arm_interfaces) StdoutLine: {'line': b'[ 34%] \x1b[32mBuilding CXX object CMakeFiles/lbot_arm_interfaces__rosidl_typesupport_c.dir/rosidl_typesupport_c/lbot_arm_interfaces/srv/set_string__type_support.cpp.o\x1b[0m\n'}
[4.541381] (lbot_arm_interfaces) StdoutLine: {'line': b'[ 35%] \x1b[32mBuilding CXX object CMakeFiles/lbot_arm_interfaces__rosidl_typesupport_c.dir/rosidl_typesupport_c/lbot_arm_interfaces/srv/move_j__type_support.cpp.o\x1b[0m\n'}
[4.541440] (lbot_arm_interfaces) StdoutLine: {'line': b'[ 35%] \x1b[32mBuilding CXX object CMakeFiles/lbot_arm_interfaces__rosidl_typesupport_c.dir/rosidl_typesupport_c/lbot_arm_interfaces/srv/set_frame__type_support.cpp.o\x1b[0m\n'}
[4.541494] (lbot_arm_interfaces) StdoutLine: {'line': b'[ 35%] \x1b[32mBuilding CXX object CMakeFiles/lbot_arm_interfaces__rosidl_typesupport_c.dir/rosidl_typesupport_c/lbot_arm_interfaces/srv/get_frame__type_support.cpp.o\x1b[0m\n'}
[4.541549] (lbot_arm_interfaces) StdoutLine: {'line': b'[ 35%] \x1b[32mBuilding CXX object CMakeFiles/lbot_arm_interfaces__rosidl_typesupport_c.dir/rosidl_typesupport_c/lbot_arm_interfaces/srv/inverse_kinematics__type_support.cpp.o\x1b[0m\n'}
[4.541629] (lbot_arm_interfaces) StdoutLine: {'line': b'[ 36%] \x1b[32mBuilding CXX object CMakeFiles/lbot_arm_interfaces__rosidl_typesupport_c.dir/rosidl_typesupport_c/lbot_arm_interfaces/srv/delete_frame__type_support.cpp.o\x1b[0m\n'}
[4.541696] (lbot_arm_interfaces) StdoutLine: {'line': b'[ 37%] \x1b[32mBuilding CXX object CMakeFiles/lbot_arm_interfaces__rosidl_typesupport_c.dir/rosidl_typesupport_c/lbot_arm_interfaces/srv/change_frame__type_support.cpp.o\x1b[0m\n'}
[4.541761] (lbot_arm_interfaces) StdoutLine: {'line': b'[ 37%] \x1b[32mBuilding CXX object CMakeFiles/lbot_arm_interfaces__rosidl_typesupport_c.dir/rosidl_typesupport_c/lbot_arm_interfaces/srv/forward_kinematics__type_support.cpp.o\x1b[0m\n'}
[4.542114] (lbot_arm_interfaces) StdoutLine: {'line': b'[ 37%] \x1b[32mBuilding CXX object CMakeFiles/lbot_arm_interfaces__rosidl_typesupport_c.dir/rosidl_typesupport_c/lbot_arm_interfaces/srv/get_all_frames__type_support.cpp.o\x1b[0m\n'}
[4.542307] (lbot_arm_interfaces) StdoutLine: {'line': b'[ 37%] \x1b[32mBuilding CXX object CMakeFiles/lbot_arm_interfaces__rosidl_typesupport_c.dir/rosidl_typesupport_c/lbot_arm_interfaces/srv/set_enable__type_support.cpp.o\x1b[0m\n'}
[4.542413] (lbot_arm_interfaces) StdoutLine: {'line': b'[ 37%] \x1b[32mBuilding CXX object CMakeFiles/lbot_arm_interfaces__rosidl_typesupport_c.dir/rosidl_typesupport_c/lbot_arm_interfaces/srv/set_zero__type_support.cpp.o\x1b[0m\n'}
[4.542528] (lbot_arm_interfaces) StdoutLine: {'line': b'[ 38%] \x1b[32mBuilding CXX object CMakeFiles/lbot_arm_interfaces__rosidl_typesupport_c.dir/rosidl_typesupport_c/lbot_arm_interfaces/srv/get_current_frame__type_support.cpp.o\x1b[0m\n'}
[4.542956] (lbot_arm_interfaces) StdoutLine: {'line': b'[ 38%] \x1b[32mBuilding CXX object CMakeFiles/lbot_arm_interfaces__rosidl_typesupport_c.dir/rosidl_typesupport_c/lbot_arm_interfaces/msg/lbot_pose__type_support.cpp.o\x1b[0m\n'}
[4.543344] (lbot_arm_interfaces) StdoutLine: {'line': b'[ 39%] \x1b[32mBuilding CXX object CMakeFiles/lbot_arm_interfaces__rosidl_typesupport_c.dir/rosidl_typesupport_c/lbot_arm_interfaces/srv/set_emergency__type_support.cpp.o\x1b[0m\n'}
[4.543482] (lbot_arm_interfaces) StdoutLine: {'line': b'[ 40%] \x1b[32mBuilding CXX object CMakeFiles/lbot_arm_interfaces__rosidl_typesupport_c.dir/rosidl_typesupport_c/lbot_arm_interfaces/msg/arm_state__type_support.cpp.o\x1b[0m\n'}
[4.546948] (lbot_arm_interfaces) StdoutLine: {'line': b'[ 41%] \x1b[32mBuilding CXX object CMakeFiles/lbot_arm_interfaces__rosidl_typesupport_c.dir/rosidl_typesupport_c/lbot_arm_interfaces/msg/lbot_frame__type_support.cpp.o\x1b[0m\n'}
[4.585061] (lbot_arm_interfaces) StdoutLine: {'line': b'[ 41%] \x1b[32mBuilding CXX object CMakeFiles/lbot_arm_interfaces__rosidl_typesupport_c.dir/rosidl_typesupport_c/lbot_arm_interfaces/msg/follow_joint__type_support.cpp.o\x1b[0m\n'}
[4.607433] (lbot_arm_interfaces) StdoutLine: {'line': b'[ 43%] \x1b[32mBuilding CXX object CMakeFiles/lbot_arm_interfaces__rosidl_typesupport_cpp.dir/rosidl_typesupport_cpp/lbot_arm_interfaces/srv/forward_kinematics__type_support.cpp.o\x1b[0m\n'}
[4.607598] (lbot_arm_interfaces) StdoutLine: {'line': b'[ 43%] \x1b[32mBuilding CXX object CMakeFiles/lbot_arm_interfaces__rosidl_typesupport_cpp.dir/rosidl_typesupport_cpp/lbot_arm_interfaces/srv/move_l__type_support.cpp.o\x1b[0m\n'}
[4.607678] (lbot_arm_interfaces) StdoutLine: {'line': b'[ 44%] \x1b[32mBuilding CXX object CMakeFiles/lbot_arm_interfaces__rosidl_typesupport_cpp.dir/rosidl_typesupport_cpp/lbot_arm_interfaces/srv/move_jp__type_support.cpp.o\x1b[0m\n'}
[4.607748] (lbot_arm_interfaces) StdoutLine: {'line': b'[ 45%] \x1b[32mBuilding CXX object CMakeFiles/lbot_arm_interfaces__rosidl_typesupport_cpp.dir/rosidl_typesupport_cpp/lbot_arm_interfaces/srv/set_string__type_support.cpp.o\x1b[0m\n'}
[4.607856] (lbot_arm_interfaces) StdoutLine: {'line': b'[ 45%] \x1b[32mBuilding CXX object CMakeFiles/lbot_arm_interfaces__rosidl_typesupport_cpp.dir/rosidl_typesupport_cpp/lbot_arm_interfaces/srv/move_j__type_support.cpp.o\x1b[0m\n'}
[4.607932] (lbot_arm_interfaces) StdoutLine: {'line': b'[ 45%] \x1b[32mBuilding CXX object CMakeFiles/lbot_arm_interfaces__rosidl_typesupport_cpp.dir/rosidl_typesupport_cpp/lbot_arm_interfaces/srv/inverse_kinematics__type_support.cpp.o\x1b[0m\n'}
[4.607999] (lbot_arm_interfaces) StdoutLine: {'line': b'[ 45%] \x1b[32mBuilding CXX object CMakeFiles/lbot_arm_interfaces__rosidl_typesupport_cpp.dir/rosidl_typesupport_cpp/lbot_arm_interfaces/srv/get_current_frame__type_support.cpp.o\x1b[0m\n'}
[4.608064] (lbot_arm_interfaces) StdoutLine: {'line': b'[ 46%] \x1b[32mBuilding CXX object CMakeFiles/lbot_arm_interfaces__rosidl_typesupport_cpp.dir/rosidl_typesupport_cpp/lbot_arm_interfaces/srv/change_frame__type_support.cpp.o\x1b[0m\n'}
[4.608256] (lbot_arm_interfaces) StdoutLine: {'line': b'[ 46%] \x1b[32mBuilding CXX object CMakeFiles/lbot_arm_interfaces__rosidl_typesupport_cpp.dir/rosidl_typesupport_cpp/lbot_arm_interfaces/srv/delete_frame__type_support.cpp.o\x1b[0m\n'}
[4.608369] (lbot_arm_interfaces) StdoutLine: {'line': b'[ 46%] \x1b[32mBuilding CXX object CMakeFiles/lbot_arm_interfaces__rosidl_typesupport_cpp.dir/rosidl_typesupport_cpp/lbot_arm_interfaces/srv/set_frame__type_support.cpp.o\x1b[0m\n'}
[4.608464] (lbot_arm_interfaces) StdoutLine: {'line': b'[ 47%] \x1b[32mBuilding CXX object CMakeFiles/lbot_arm_interfaces__rosidl_typesupport_cpp.dir/rosidl_typesupport_cpp/lbot_arm_interfaces/srv/get_all_frames__type_support.cpp.o\x1b[0m\n'}
[4.608556] (lbot_arm_interfaces) StdoutLine: {'line': b'[ 47%] \x1b[32mBuilding CXX object CMakeFiles/lbot_arm_interfaces__rosidl_typesupport_cpp.dir/rosidl_typesupport_cpp/lbot_arm_interfaces/srv/get_frame__type_support.cpp.o\x1b[0m\n'}
[4.608645] (lbot_arm_interfaces) StdoutLine: {'line': b'[ 48%] \x1b[32mBuilding CXX object CMakeFiles/lbot_arm_interfaces__rosidl_typesupport_cpp.dir/rosidl_typesupport_cpp/lbot_arm_interfaces/srv/set_emergency__type_support.cpp.o\x1b[0m\n'}
[4.608775] (lbot_arm_interfaces) StdoutLine: {'line': b'[ 48%] \x1b[32mBuilding CXX object CMakeFiles/lbot_arm_interfaces__rosidl_typesupport_cpp.dir/rosidl_typesupport_cpp/lbot_arm_interfaces/srv/set_enable__type_support.cpp.o\x1b[0m\n'}
[4.608862] (lbot_arm_interfaces) StdoutLine: {'line': b'[ 49%] \x1b[32mBuilding CXX object CMakeFiles/lbot_arm_interfaces__rosidl_typesupport_cpp.dir/rosidl_typesupport_cpp/lbot_arm_interfaces/msg/arm_state__type_support.cpp.o\x1b[0m\n'}
[4.608951] (-) TimerEvent: {}
[4.609043] (lbot_arm_interfaces) StdoutLine: {'line': b'[ 49%] \x1b[32mBuilding CXX object CMakeFiles/lbot_arm_interfaces__rosidl_typesupport_cpp.dir/rosidl_typesupport_cpp/lbot_arm_interfaces/srv/set_zero__type_support.cpp.o\x1b[0m\n'}
[4.609133] (lbot_arm_interfaces) StdoutLine: {'line': b'[ 49%] \x1b[32mBuilding CXX object CMakeFiles/lbot_arm_interfaces__rosidl_typesupport_cpp.dir/rosidl_typesupport_cpp/lbot_arm_interfaces/msg/lbot_frame__type_support.cpp.o\x1b[0m\n'}
[4.610265] (lbot_arm_interfaces) StdoutLine: {'line': b'[ 49%] \x1b[32mBuilding CXX object CMakeFiles/lbot_arm_interfaces__rosidl_typesupport_cpp.dir/rosidl_typesupport_cpp/lbot_arm_interfaces/srv/move_c__type_support.cpp.o\x1b[0m\n'}
[4.613232] (lbot_arm_interfaces) StdoutLine: {'line': b'[ 49%] \x1b[32mBuilding CXX object CMakeFiles/lbot_arm_interfaces__rosidl_typesupport_cpp.dir/rosidl_typesupport_cpp/lbot_arm_interfaces/msg/lbot_pose__type_support.cpp.o\x1b[0m\n'}
[4.625374] (lbot_arm_interfaces) StdoutLine: {'line': b'[ 50%] \x1b[32m\x1b[1mLinking CXX shared library liblbot_arm_interfaces__rosidl_typesupport_c.so\x1b[0m\n'}
[4.709063] (-) TimerEvent: {}
[4.710688] (lbot_arm_interfaces) StdoutLine: {'line': b'[ 50%] Built target lbot_arm_interfaces__rosidl_typesupport_c\n'}
[4.720606] (lbot_arm_interfaces) StdoutLine: {'line': b'[ 51%] \x1b[32mBuilding CXX object CMakeFiles/lbot_arm_interfaces__rosidl_typesupport_cpp.dir/rosidl_typesupport_cpp/lbot_arm_interfaces/msg/follow_joint__type_support.cpp.o\x1b[0m\n'}
[4.809153] (-) TimerEvent: {}
[4.909950] (-) TimerEvent: {}
[5.009609] (lbot_arm_interfaces) StdoutLine: {'line': b'[ 51%] \x1b[32mBuilding CXX object CMakeFiles/lbot_arm_interfaces__rosidl_typesupport_introspection_cpp.dir/rosidl_typesupport_introspection_cpp/lbot_arm_interfaces/srv/detail/move_l__type_support.cpp.o\x1b[0m\n'}
[5.010799] (lbot_arm_interfaces) StdoutLine: {'line': b'[ 52%] \x1b[32mBuilding CXX object CMakeFiles/lbot_arm_interfaces__rosidl_typesupport_introspection_cpp.dir/rosidl_typesupport_introspection_cpp/lbot_arm_interfaces/srv/detail/move_j__type_support.cpp.o\x1b[0m\n'}
[5.010956] (-) TimerEvent: {}
[5.013831] (lbot_arm_interfaces) StdoutLine: {'line': b'[ 53%] \x1b[32mBuilding CXX object CMakeFiles/lbot_arm_interfaces__rosidl_typesupport_introspection_cpp.dir/rosidl_typesupport_introspection_cpp/lbot_arm_interfaces/srv/detail/move_jp__type_support.cpp.o\x1b[0m\n'}
[5.014022] (lbot_arm_interfaces) StdoutLine: {'line': b'[ 53%] \x1b[32mBuilding CXX object CMakeFiles/lbot_arm_interfaces__rosidl_typesupport_introspection_cpp.dir/rosidl_typesupport_introspection_cpp/lbot_arm_interfaces/srv/detail/move_c__type_support.cpp.o\x1b[0m\n'}
[5.014101] (lbot_arm_interfaces) StdoutLine: {'line': b'[ 53%] \x1b[32mBuilding CXX object CMakeFiles/lbot_arm_interfaces__rosidl_typesupport_introspection_cpp.dir/rosidl_typesupport_introspection_cpp/lbot_arm_interfaces/srv/detail/inverse_kinematics__type_support.cpp.o\x1b[0m\n'}
[5.014176] (lbot_arm_interfaces) StdoutLine: {'line': b'[ 54%] \x1b[32mBuilding CXX object CMakeFiles/lbot_arm_interfaces__rosidl_typesupport_introspection_cpp.dir/rosidl_typesupport_introspection_cpp/lbot_arm_interfaces/srv/detail/forward_kinematics__type_support.cpp.o\x1b[0m\n'}
[5.015839] (lbot_arm_interfaces) StdoutLine: {'line': b'[ 54%] \x1b[32mBuilding CXX object CMakeFiles/lbot_arm_interfaces__rosidl_typesupport_introspection_cpp.dir/rosidl_typesupport_introspection_cpp/lbot_arm_interfaces/srv/detail/set_frame__type_support.cpp.o\x1b[0m\n'}
[5.020299] (lbot_arm_interfaces) StdoutLine: {'line': b'[ 55%] \x1b[32mBuilding CXX object CMakeFiles/lbot_arm_interfaces__rosidl_typesupport_introspection_cpp.dir/rosidl_typesupport_introspection_cpp/lbot_arm_interfaces/srv/detail/set_string__type_support.cpp.o\x1b[0m\n'}
[5.027890] (lbot_arm_interfaces) StdoutLine: {'line': b'[ 55%] \x1b[32mBuilding CXX object CMakeFiles/lbot_arm_interfaces__rosidl_typesupport_introspection_cpp.dir/rosidl_typesupport_introspection_cpp/lbot_arm_interfaces/srv/detail/get_frame__type_support.cpp.o\x1b[0m\n'}
[5.028109] (lbot_arm_interfaces) StdoutLine: {'line': b'[ 56%] \x1b[32mBuilding CXX object CMakeFiles/lbot_arm_interfaces__rosidl_typesupport_introspection_cpp.dir/rosidl_typesupport_introspection_cpp/lbot_arm_interfaces/srv/detail/get_current_frame__type_support.cpp.o\x1b[0m\n'}
[5.028185] (lbot_arm_interfaces) StdoutLine: {'line': b'[ 56%] \x1b[32mBuilding CXX object CMakeFiles/lbot_arm_interfaces__rosidl_typesupport_introspection_cpp.dir/rosidl_typesupport_introspection_cpp/lbot_arm_interfaces/srv/detail/change_frame__type_support.cpp.o\x1b[0m\n'}
[5.029291] (lbot_arm_interfaces) StdoutLine: {'line': b'[ 56%] \x1b[32mBuilding CXX object CMakeFiles/lbot_arm_interfaces__rosidl_typesupport_introspection_cpp.dir/rosidl_typesupport_introspection_cpp/lbot_arm_interfaces/srv/detail/delete_frame__type_support.cpp.o\x1b[0m\n'}
[5.034114] (lbot_arm_interfaces) StdoutLine: {'line': b'[ 57%] \x1b[32mBuilding CXX object CMakeFiles/lbot_arm_interfaces__rosidl_typesupport_introspection_cpp.dir/rosidl_typesupport_introspection_cpp/lbot_arm_interfaces/srv/detail/get_all_frames__type_support.cpp.o\x1b[0m\n'}
[5.034314] (lbot_arm_interfaces) StdoutLine: {'line': b'[ 57%] \x1b[32mBuilding CXX object CMakeFiles/lbot_arm_interfaces__rosidl_typesupport_introspection_cpp.dir/rosidl_typesupport_introspection_cpp/lbot_arm_interfaces/srv/detail/set_zero__type_support.cpp.o\x1b[0m\n'}
[5.036821] (lbot_arm_interfaces) StdoutLine: {'line': b'[ 58%] \x1b[32mBuilding CXX object CMakeFiles/lbot_arm_interfaces__rosidl_typesupport_introspection_cpp.dir/rosidl_typesupport_introspection_cpp/lbot_arm_interfaces/srv/detail/set_emergency__type_support.cpp.o\x1b[0m\n'}
[5.042737] (lbot_arm_interfaces) StdoutLine: {'line': b'[ 58%] \x1b[32mBuilding CXX object CMakeFiles/lbot_arm_interfaces__rosidl_typesupport_introspection_cpp.dir/rosidl_typesupport_introspection_cpp/lbot_arm_interfaces/srv/detail/set_enable__type_support.cpp.o\x1b[0m\n'}
[5.051990] (lbot_arm_interfaces) StdoutLine: {'line': b'[ 59%] \x1b[32mBuilding CXX object CMakeFiles/lbot_arm_interfaces__rosidl_typesupport_introspection_cpp.dir/rosidl_typesupport_introspection_cpp/lbot_arm_interfaces/msg/detail/arm_state__type_support.cpp.o\x1b[0m\n'}
[5.053005] (lbot_arm_interfaces) StdoutLine: {'line': b'[ 60%] \x1b[32mBuilding C object CMakeFiles/lbot_arm_interfaces__rosidl_typesupport_introspection_c.dir/rosidl_typesupport_introspection_c/lbot_arm_interfaces/srv/detail/move_j__type_support.c.o\x1b[0m\n'}
[5.063668] (lbot_arm_interfaces) StdoutLine: {'line': b'[ 60%] \x1b[32mBuilding C object CMakeFiles/lbot_arm_interfaces__rosidl_typesupport_introspection_c.dir/rosidl_typesupport_introspection_c/lbot_arm_interfaces/srv/detail/move_l__type_support.c.o\x1b[0m\n'}
[5.067373] (lbot_arm_interfaces) StdoutLine: {'line': b'[ 60%] \x1b[32mBuilding C object CMakeFiles/lbot_arm_interfaces__rosidl_typesupport_introspection_c.dir/rosidl_typesupport_introspection_c/lbot_arm_interfaces/srv/detail/move_jp__type_support.c.o\x1b[0m\n'}
[5.069116] (lbot_arm_interfaces) StdoutLine: {'line': b'[ 61%] \x1b[32mBuilding C object CMakeFiles/lbot_arm_interfaces__rosidl_typesupport_introspection_c.dir/rosidl_typesupport_introspection_c/lbot_arm_interfaces/srv/detail/move_c__type_support.c.o\x1b[0m\n'}
[5.076712] (lbot_arm_interfaces) StdoutLine: {'line': b'[ 61%] \x1b[32m\x1b[1mLinking CXX shared library liblbot_arm_interfaces__rosidl_typesupport_cpp.so\x1b[0m\n'}
[5.106270] (lbot_arm_interfaces) StdoutLine: {'line': b'[ 61%] \x1b[32mBuilding CXX object CMakeFiles/lbot_arm_interfaces__rosidl_typesupport_introspection_cpp.dir/rosidl_typesupport_introspection_cpp/lbot_arm_interfaces/msg/detail/lbot_pose__type_support.cpp.o\x1b[0m\n'}
[5.113959] (-) TimerEvent: {}
[5.117008] (lbot_arm_interfaces) StdoutLine: {'line': b'[ 62%] \x1b[32mBuilding CXX object CMakeFiles/lbot_arm_interfaces__rosidl_typesupport_introspection_cpp.dir/rosidl_typesupport_introspection_cpp/lbot_arm_interfaces/msg/detail/lbot_frame__type_support.cpp.o\x1b[0m\n'}
[5.119517] (lbot_arm_interfaces) StdoutLine: {'line': b'[ 62%] \x1b[32mBuilding CXX object CMakeFiles/lbot_arm_interfaces__rosidl_typesupport_introspection_cpp.dir/rosidl_typesupport_introspection_cpp/lbot_arm_interfaces/msg/detail/follow_joint__type_support.cpp.o\x1b[0m\n'}
[5.121436] (lbot_arm_interfaces) StdoutLine: {'line': b'[ 63%] \x1b[32mBuilding C object CMakeFiles/lbot_arm_interfaces__rosidl_typesupport_introspection_c.dir/rosidl_typesupport_introspection_c/lbot_arm_interfaces/srv/detail/inverse_kinematics__type_support.c.o\x1b[0m\n'}
[5.183485] (lbot_arm_interfaces) StdoutLine: {'line': b'[ 63%] \x1b[32mBuilding C object CMakeFiles/lbot_arm_interfaces__rosidl_typesupport_introspection_c.dir/rosidl_typesupport_introspection_c/lbot_arm_interfaces/srv/detail/forward_kinematics__type_support.c.o\x1b[0m\n'}
[5.201474] (lbot_arm_interfaces) StdoutLine: {'line': b'[ 63%] Built target lbot_arm_interfaces__rosidl_typesupport_cpp\n'}
[5.211994] (lbot_arm_interfaces) StdoutLine: {'line': b'[ 63%] \x1b[32mBuilding C object CMakeFiles/lbot_arm_interfaces__rosidl_typesupport_introspection_c.dir/rosidl_typesupport_introspection_c/lbot_arm_interfaces/srv/detail/set_frame__type_support.c.o\x1b[0m\n'}
[5.214046] (-) TimerEvent: {}
[5.241937] (lbot_arm_interfaces) StdoutLine: {'line': b'[ 64%] \x1b[32mBuilding C object CMakeFiles/lbot_arm_interfaces__rosidl_typesupport_introspection_c.dir/rosidl_typesupport_introspection_c/lbot_arm_interfaces/srv/detail/set_string__type_support.c.o\x1b[0m\n'}
[5.264977] (lbot_arm_interfaces) StdoutLine: {'line': b'[ 64%] \x1b[32mBuilding C object CMakeFiles/lbot_arm_interfaces__rosidl_typesupport_introspection_c.dir/rosidl_typesupport_introspection_c/lbot_arm_interfaces/srv/detail/get_frame__type_support.c.o\x1b[0m\n'}
[5.293862] (lbot_arm_interfaces) StdoutLine: {'line': b'[ 65%] \x1b[32mBuilding C object CMakeFiles/lbot_arm_interfaces__rosidl_typesupport_introspection_c.dir/rosidl_typesupport_introspection_c/lbot_arm_interfaces/srv/detail/get_current_frame__type_support.c.o\x1b[0m\n'}
[5.314613] (-) TimerEvent: {}
[5.317474] (lbot_arm_interfaces) StdoutLine: {'line': b'[ 65%] \x1b[32mBuilding C object CMakeFiles/lbot_arm_interfaces__rosidl_typesupport_introspection_c.dir/rosidl_typesupport_introspection_c/lbot_arm_interfaces/srv/detail/change_frame__type_support.c.o\x1b[0m\n'}
[5.346826] (lbot_arm_interfaces) StdoutLine: {'line': b'[ 66%] \x1b[32mBuilding C object CMakeFiles/lbot_arm_interfaces__rosidl_typesupport_introspection_c.dir/rosidl_typesupport_introspection_c/lbot_arm_interfaces/srv/detail/delete_frame__type_support.c.o\x1b[0m\n'}
[5.368669] (lbot_arm_interfaces) StdoutLine: {'line': b'[ 66%] \x1b[32mBuilding C object CMakeFiles/lbot_arm_interfaces__rosidl_typesupport_introspection_c.dir/rosidl_typesupport_introspection_c/lbot_arm_interfaces/srv/detail/get_all_frames__type_support.c.o\x1b[0m\n'}
[5.395977] (lbot_arm_interfaces) StdoutLine: {'line': b'[ 67%] \x1b[32mBuilding C object CMakeFiles/lbot_arm_interfaces__rosidl_typesupport_introspection_c.dir/rosidl_typesupport_introspection_c/lbot_arm_interfaces/srv/detail/set_zero__type_support.c.o\x1b[0m\n'}
[5.414703] (-) TimerEvent: {}
[5.421993] (lbot_arm_interfaces) StdoutLine: {'line': b'[ 67%] \x1b[32mBuilding C object CMakeFiles/lbot_arm_interfaces__rosidl_typesupport_introspection_c.dir/rosidl_typesupport_introspection_c/lbot_arm_interfaces/srv/detail/set_emergency__type_support.c.o\x1b[0m\n'}
[5.432257] (lbot_arm_interfaces) StdoutLine: {'line': b'[ 67%] \x1b[32mBuilding C object CMakeFiles/lbot_arm_interfaces__rosidl_typesupport_introspection_c.dir/rosidl_typesupport_introspection_c/lbot_arm_interfaces/srv/detail/set_enable__type_support.c.o\x1b[0m\n'}
[5.438524] (lbot_arm_interfaces) StdoutLine: {'line': b'[ 67%] \x1b[32mBuilding C object CMakeFiles/lbot_arm_interfaces__rosidl_typesupport_introspection_c.dir/rosidl_typesupport_introspection_c/lbot_arm_interfaces/msg/detail/lbot_pose__type_support.c.o\x1b[0m\n'}
[5.441340] (lbot_arm_interfaces) StdoutLine: {'line': b'[ 68%] \x1b[32mBuilding C object CMakeFiles/lbot_arm_interfaces__rosidl_typesupport_introspection_c.dir/rosidl_typesupport_introspection_c/lbot_arm_interfaces/msg/detail/arm_state__type_support.c.o\x1b[0m\n'}
[5.446764] (lbot_arm_interfaces) StdoutLine: {'line': b'[ 69%] \x1b[32mBuilding C object CMakeFiles/lbot_arm_interfaces__rosidl_typesupport_introspection_c.dir/rosidl_typesupport_introspection_c/lbot_arm_interfaces/msg/detail/lbot_frame__type_support.c.o\x1b[0m\n'}
[5.449693] (lbot_arm_interfaces) StdoutLine: {'line': b'[ 69%] \x1b[32mBuilding C object CMakeFiles/lbot_arm_interfaces__rosidl_typesupport_introspection_c.dir/rosidl_typesupport_introspection_c/lbot_arm_interfaces/msg/detail/follow_joint__type_support.c.o\x1b[0m\n'}
[5.480194] (lbot_arm_interfaces) StdoutLine: {'line': b'[ 70%] \x1b[32m\x1b[1mLinking C shared library liblbot_arm_interfaces__rosidl_typesupport_introspection_c.so\x1b[0m\n'}
[5.502756] (lbot_arm_interfaces) StdoutLine: {'line': b'[ 70%] Built target lbot_arm_interfaces__rosidl_typesupport_introspection_c\n'}
[5.514827] (-) TimerEvent: {}
[5.533209] (lbot_arm_interfaces) StdoutLine: {'line': b'[ 70%] \x1b[32m\x1b[1mLinking CXX shared library liblbot_arm_interfaces__rosidl_typesupport_introspection_cpp.so\x1b[0m\n'}
[5.587044] (lbot_arm_interfaces) StdoutLine: {'line': b'[ 73%] \x1b[32mBuilding CXX object CMakeFiles/lbot_arm_interfaces__rosidl_typesupport_fastrtps_cpp.dir/rosidl_typesupport_fastrtps_cpp/lbot_arm_interfaces/srv/detail/dds_fastrtps/get_frame__type_support.cpp.o\x1b[0m\n'}
[5.587264] (lbot_arm_interfaces) StdoutLine: {'line': b'[ 73%] \x1b[32mBuilding CXX object CMakeFiles/lbot_arm_interfaces__rosidl_typesupport_fastrtps_cpp.dir/rosidl_typesupport_fastrtps_cpp/lbot_arm_interfaces/srv/detail/dds_fastrtps/inverse_kinematics__type_support.cpp.o\x1b[0m\n'}
[5.587362] (lbot_arm_interfaces) StdoutLine: {'line': b'[ 73%] \x1b[32mBuilding CXX object CMakeFiles/lbot_arm_interfaces__rosidl_typesupport_fastrtps_cpp.dir/rosidl_typesupport_fastrtps_cpp/lbot_arm_interfaces/srv/detail/dds_fastrtps/set_string__type_support.cpp.o\x1b[0m\n'}
[5.587454] (lbot_arm_interfaces) StdoutLine: {'line': b'[ 73%] \x1b[32mBuilding CXX object CMakeFiles/lbot_arm_interfaces__rosidl_typesupport_fastrtps_cpp.dir/rosidl_typesupport_fastrtps_cpp/lbot_arm_interfaces/srv/detail/dds_fastrtps/move_jp__type_support.cpp.o\x1b[0m\n'}
[5.587542] (lbot_arm_interfaces) StdoutLine: {'line': b'[ 73%] \x1b[32mBuilding CXX object CMakeFiles/lbot_arm_interfaces__rosidl_typesupport_fastrtps_cpp.dir/rosidl_typesupport_fastrtps_cpp/lbot_arm_interfaces/srv/detail/dds_fastrtps/forward_kinematics__type_support.cpp.o\x1b[0m\n'}
[5.587624] (lbot_arm_interfaces) StdoutLine: {'line': b'[ 73%] \x1b[32mBuilding CXX object CMakeFiles/lbot_arm_interfaces__rosidl_typesupport_fastrtps_cpp.dir/rosidl_typesupport_fastrtps_cpp/lbot_arm_interfaces/srv/detail/dds_fastrtps/set_frame__type_support.cpp.o\x1b[0m\n'}
[5.587706] (lbot_arm_interfaces) StdoutLine: {'line': b'[ 73%] \x1b[32mBuilding CXX object CMakeFiles/lbot_arm_interfaces__rosidl_typesupport_fastrtps_cpp.dir/rosidl_typesupport_fastrtps_cpp/lbot_arm_interfaces/srv/detail/dds_fastrtps/move_j__type_support.cpp.o\x1b[0m\n'}
[5.587789] (lbot_arm_interfaces) StdoutLine: {'line': b'[ 74%] \x1b[32mBuilding CXX object CMakeFiles/lbot_arm_interfaces__rosidl_typesupport_fastrtps_cpp.dir/rosidl_typesupport_fastrtps_cpp/lbot_arm_interfaces/srv/detail/dds_fastrtps/move_c__type_support.cpp.o\x1b[0m\n'}
[5.587868] (lbot_arm_interfaces) StdoutLine: {'line': b'[ 74%] \x1b[32mBuilding CXX object CMakeFiles/lbot_arm_interfaces__rosidl_typesupport_fastrtps_cpp.dir/rosidl_typesupport_fastrtps_cpp/lbot_arm_interfaces/srv/detail/dds_fastrtps/move_l__type_support.cpp.o\x1b[0m\n'}
[5.588024] (lbot_arm_interfaces) StdoutLine: {'line': b'[ 74%] \x1b[32mBuilding CXX object CMakeFiles/lbot_arm_interfaces__rosidl_typesupport_fastrtps_cpp.dir/rosidl_typesupport_fastrtps_cpp/lbot_arm_interfaces/srv/detail/dds_fastrtps/get_current_frame__type_support.cpp.o\x1b[0m\n'}
[5.588112] (lbot_arm_interfaces) StdoutLine: {'line': b'[ 74%] \x1b[32mBuilding CXX object CMakeFiles/lbot_arm_interfaces__rosidl_typesupport_fastrtps_cpp.dir/rosidl_typesupport_fastrtps_cpp/lbot_arm_interfaces/srv/detail/dds_fastrtps/change_frame__type_support.cpp.o\x1b[0m\n'}
[5.588446] (lbot_arm_interfaces) StdoutLine: {'line': b'[ 74%] \x1b[32mBuilding CXX object CMakeFiles/lbot_arm_interfaces__rosidl_typesupport_fastrtps_cpp.dir/rosidl_typesupport_fastrtps_cpp/lbot_arm_interfaces/srv/detail/dds_fastrtps/set_emergency__type_support.cpp.o\x1b[0m\n'}
[5.589939] (lbot_arm_interfaces) StdoutLine: {'line': b'[ 76%] \x1b[32mBuilding CXX object CMakeFiles/lbot_arm_interfaces__rosidl_typesupport_fastrtps_cpp.dir/rosidl_typesupport_fastrtps_cpp/lbot_arm_interfaces/srv/detail/dds_fastrtps/set_zero__type_support.cpp.o\x1b[0m\n'}
[5.590140] (lbot_arm_interfaces) StdoutLine: {'line': b'[ 76%] \x1b[32mBuilding CXX object CMakeFiles/lbot_arm_interfaces__rosidl_typesupport_fastrtps_cpp.dir/rosidl_typesupport_fastrtps_cpp/lbot_arm_interfaces/srv/detail/dds_fastrtps/set_enable__type_support.cpp.o\x1b[0m\n'}
[5.590248] (lbot_arm_interfaces) StdoutLine: {'line': b'[ 76%] \x1b[32mBuilding CXX object CMakeFiles/lbot_arm_interfaces__rosidl_typesupport_fastrtps_cpp.dir/rosidl_typesupport_fastrtps_cpp/lbot_arm_interfaces/msg/detail/dds_fastrtps/lbot_frame__type_support.cpp.o\x1b[0m\n'}
[5.590336] (lbot_arm_interfaces) StdoutLine: {'line': b'[ 77%] \x1b[32mBuilding CXX object CMakeFiles/lbot_arm_interfaces__rosidl_typesupport_fastrtps_cpp.dir/rosidl_typesupport_fastrtps_cpp/lbot_arm_interfaces/msg/detail/dds_fastrtps/lbot_pose__type_support.cpp.o\x1b[0m\n'}
[5.590420] (lbot_arm_interfaces) StdoutLine: {'line': b'[ 78%] \x1b[32mBuilding CXX object CMakeFiles/lbot_arm_interfaces__rosidl_typesupport_fastrtps_cpp.dir/rosidl_typesupport_fastrtps_cpp/lbot_arm_interfaces/srv/detail/dds_fastrtps/delete_frame__type_support.cpp.o\x1b[0m\n'}
[5.590501] (lbot_arm_interfaces) StdoutLine: {'line': b'[ 78%] \x1b[32mBuilding CXX object CMakeFiles/lbot_arm_interfaces__rosidl_typesupport_fastrtps_cpp.dir/rosidl_typesupport_fastrtps_cpp/lbot_arm_interfaces/msg/detail/dds_fastrtps/follow_joint__type_support.cpp.o\x1b[0m\n'}
[5.590580] (lbot_arm_interfaces) StdoutLine: {'line': b'[ 78%] \x1b[32mBuilding CXX object CMakeFiles/lbot_arm_interfaces__rosidl_typesupport_fastrtps_cpp.dir/rosidl_typesupport_fastrtps_cpp/lbot_arm_interfaces/srv/detail/dds_fastrtps/get_all_frames__type_support.cpp.o\x1b[0m\n'}
[5.590668] (lbot_arm_interfaces) StdoutLine: {'line': b'[ 78%] \x1b[32mBuilding CXX object CMakeFiles/lbot_arm_interfaces__rosidl_typesupport_fastrtps_cpp.dir/rosidl_typesupport_fastrtps_cpp/lbot_arm_interfaces/msg/detail/dds_fastrtps/arm_state__type_support.cpp.o\x1b[0m\n'}
[5.614953] (-) TimerEvent: {}
[5.635355] (lbot_arm_interfaces) StdoutLine: {'line': b'[ 78%] Built target lbot_arm_interfaces__rosidl_typesupport_introspection_cpp\n'}
[5.716961] (-) TimerEvent: {}
[5.817268] (-) TimerEvent: {}
[5.820013] (lbot_arm_interfaces) StdoutLine: {'line': b'[ 78%] \x1b[32mBuilding CXX object CMakeFiles/lbot_arm_interfaces__rosidl_typesupport_fastrtps_c.dir/rosidl_typesupport_fastrtps_c/lbot_arm_interfaces/srv/detail/move_j__type_support_c.cpp.o\x1b[0m\n'}
[5.820294] (lbot_arm_interfaces) StdoutLine: {'line': b'[ 79%] \x1b[32mBuilding CXX object CMakeFiles/lbot_arm_interfaces__rosidl_typesupport_fastrtps_c.dir/rosidl_typesupport_fastrtps_c/lbot_arm_interfaces/srv/detail/move_l__type_support_c.cpp.o\x1b[0m\n'}
[5.820398] (lbot_arm_interfaces) StdoutLine: {'line': b'[ 79%] \x1b[32mBuilding CXX object CMakeFiles/lbot_arm_interfaces__rosidl_typesupport_fastrtps_c.dir/rosidl_typesupport_fastrtps_c/lbot_arm_interfaces/srv/detail/move_c__type_support_c.cpp.o\x1b[0m\n'}
[5.820484] (lbot_arm_interfaces) StdoutLine: {'line': b'[ 80%] \x1b[32mBuilding CXX object CMakeFiles/lbot_arm_interfaces__rosidl_typesupport_fastrtps_c.dir/rosidl_typesupport_fastrtps_c/lbot_arm_interfaces/srv/detail/move_jp__type_support_c.cpp.o\x1b[0m\n'}
[5.917979] (-) TimerEvent: {}
[6.018352] (-) TimerEvent: {}
[6.043541] (lbot_arm_interfaces) StdoutLine: {'line': b'[ 80%] \x1b[32mBuilding CXX object CMakeFiles/lbot_arm_interfaces__rosidl_typesupport_fastrtps_c.dir/rosidl_typesupport_fastrtps_c/lbot_arm_interfaces/srv/detail/inverse_kinematics__type_support_c.cpp.o\x1b[0m\n'}
[6.049415] (lbot_arm_interfaces) StdoutLine: {'line': b'[ 80%] \x1b[32mBuilding CXX object CMakeFiles/lbot_arm_interfaces__rosidl_typesupport_fastrtps_c.dir/rosidl_typesupport_fastrtps_c/lbot_arm_interfaces/srv/detail/forward_kinematics__type_support_c.cpp.o\x1b[0m\n'}
[6.092832] (lbot_arm_interfaces) StdoutLine: {'line': b'[ 81%] \x1b[32mBuilding CXX object CMakeFiles/lbot_arm_interfaces__rosidl_typesupport_fastrtps_c.dir/rosidl_typesupport_fastrtps_c/lbot_arm_interfaces/srv/detail/set_frame__type_support_c.cpp.o\x1b[0m\n'}
[6.118465] (-) TimerEvent: {}
[6.131857] (lbot_arm_interfaces) StdoutLine: {'line': b'[ 81%] \x1b[32mBuilding CXX object CMakeFiles/lbot_arm_interfaces__rosidl_typesupport_fastrtps_c.dir/rosidl_typesupport_fastrtps_c/lbot_arm_interfaces/srv/detail/set_string__type_support_c.cpp.o\x1b[0m\n'}
[6.155021] (lbot_arm_interfaces) StdoutLine: {'line': b'[ 82%] \x1b[32mBuilding CXX object CMakeFiles/lbot_arm_interfaces__rosidl_typesupport_fastrtps_c.dir/rosidl_typesupport_fastrtps_c/lbot_arm_interfaces/srv/detail/get_frame__type_support_c.cpp.o\x1b[0m\n'}
[6.206622] (lbot_arm_interfaces) StdoutLine: {'line': b'[ 82%] \x1b[32mBuilding CXX object CMakeFiles/lbot_arm_interfaces__rosidl_typesupport_fastrtps_c.dir/rosidl_typesupport_fastrtps_c/lbot_arm_interfaces/srv/detail/get_current_frame__type_support_c.cpp.o\x1b[0m\n'}
[6.213284] (lbot_arm_interfaces) StdoutLine: {'line': b'[ 83%] \x1b[32mBuilding CXX object CMakeFiles/lbot_arm_interfaces__rosidl_typesupport_fastrtps_c.dir/rosidl_typesupport_fastrtps_c/lbot_arm_interfaces/srv/detail/change_frame__type_support_c.cpp.o\x1b[0m\n'}
[6.217173] (lbot_arm_interfaces) StdoutLine: {'line': b'[ 83%] \x1b[32mBuilding CXX object CMakeFiles/lbot_arm_interfaces__rosidl_typesupport_fastrtps_c.dir/rosidl_typesupport_fastrtps_c/lbot_arm_interfaces/srv/detail/delete_frame__type_support_c.cpp.o\x1b[0m\n'}
[6.217373] (lbot_arm_interfaces) StdoutLine: {'line': b'[ 84%] \x1b[32mBuilding CXX object CMakeFiles/lbot_arm_interfaces__rosidl_typesupport_fastrtps_c.dir/rosidl_typesupport_fastrtps_c/lbot_arm_interfaces/srv/detail/get_all_frames__type_support_c.cpp.o\x1b[0m\n'}
[6.218555] (-) TimerEvent: {}
[6.219967] (lbot_arm_interfaces) StdoutLine: {'line': b'[ 84%] \x1b[32mBuilding CXX object CMakeFiles/lbot_arm_interfaces__rosidl_typesupport_fastrtps_c.dir/rosidl_typesupport_fastrtps_c/lbot_arm_interfaces/srv/detail/set_emergency__type_support_c.cpp.o\x1b[0m\n'}
[6.220177] (lbot_arm_interfaces) StdoutLine: {'line': b'[ 84%] \x1b[32mBuilding CXX object CMakeFiles/lbot_arm_interfaces__rosidl_typesupport_fastrtps_c.dir/rosidl_typesupport_fastrtps_c/lbot_arm_interfaces/srv/detail/set_zero__type_support_c.cpp.o\x1b[0m\n'}
[6.223122] (lbot_arm_interfaces) StdoutLine: {'line': b'[ 85%] \x1b[32mBuilding CXX object CMakeFiles/lbot_arm_interfaces__rosidl_typesupport_fastrtps_c.dir/rosidl_typesupport_fastrtps_c/lbot_arm_interfaces/srv/detail/set_enable__type_support_c.cpp.o\x1b[0m\n'}
[6.249027] (lbot_arm_interfaces) StdoutLine: {'line': b'[ 85%] \x1b[32mBuilding CXX object CMakeFiles/lbot_arm_interfaces__rosidl_typesupport_fastrtps_c.dir/rosidl_typesupport_fastrtps_c/lbot_arm_interfaces/msg/detail/arm_state__type_support_c.cpp.o\x1b[0m\n'}
[6.252614] (lbot_arm_interfaces) StdoutLine: {'line': b'[ 86%] \x1b[32mBuilding CXX object CMakeFiles/lbot_arm_interfaces__rosidl_typesupport_fastrtps_c.dir/rosidl_typesupport_fastrtps_c/lbot_arm_interfaces/msg/detail/lbot_pose__type_support_c.cpp.o\x1b[0m\n'}
[6.268708] (lbot_arm_interfaces) StdoutLine: {'line': b'[ 86%] \x1b[32mBuilding CXX object CMakeFiles/lbot_arm_interfaces__rosidl_typesupport_fastrtps_c.dir/rosidl_typesupport_fastrtps_c/lbot_arm_interfaces/msg/detail/lbot_frame__type_support_c.cpp.o\x1b[0m\n'}
[6.270245] (lbot_arm_interfaces) StdoutLine: {'line': b'[ 87%] \x1b[32mBuilding CXX object CMakeFiles/lbot_arm_interfaces__rosidl_typesupport_fastrtps_c.dir/rosidl_typesupport_fastrtps_c/lbot_arm_interfaces/msg/detail/follow_joint__type_support_c.cpp.o\x1b[0m\n'}
[6.303649] (lbot_arm_interfaces) StdoutLine: {'line': b'[ 88%] \x1b[32m\x1b[1mLinking CXX shared library liblbot_arm_interfaces__rosidl_typesupport_fastrtps_cpp.so\x1b[0m\n'}
[6.318666] (-) TimerEvent: {}
[6.401957] (lbot_arm_interfaces) StdoutLine: {'line': b'[ 88%] Built target lbot_arm_interfaces__rosidl_typesupport_fastrtps_cpp\n'}
[6.418771] (-) TimerEvent: {}
[6.519059] (-) TimerEvent: {}
[6.619354] (-) TimerEvent: {}
[6.677224] (lbot_arm_interfaces) StdoutLine: {'line': b'[ 88%] \x1b[32m\x1b[1mLinking CXX shared library liblbot_arm_interfaces__rosidl_typesupport_fastrtps_c.so\x1b[0m\n'}
[6.719451] (-) TimerEvent: {}
[6.727231] (lbot_arm_interfaces) StdoutLine: {'line': b'[ 88%] Built target lbot_arm_interfaces__rosidl_typesupport_fastrtps_c\n'}
[6.746208] (lbot_arm_interfaces) StdoutLine: {'line': b'[ 88%] Built target lbot_arm_interfaces\n'}
[6.772296] (lbot_arm_interfaces) StdoutLine: {'line': b'[ 88%] \x1b[34m\x1b[1mGenerating Python code for ROS interfaces\x1b[0m\n'}
[6.819527] (-) TimerEvent: {}
[6.919780] (-) TimerEvent: {}
[7.019989] (-) TimerEvent: {}
[7.120202] (-) TimerEvent: {}
[7.220446] (-) TimerEvent: {}
[7.320657] (-) TimerEvent: {}
[7.420922] (-) TimerEvent: {}
[7.521135] (-) TimerEvent: {}
[7.621361] (-) TimerEvent: {}
[7.721531] (-) TimerEvent: {}
[7.821774] (-) TimerEvent: {}
[7.922000] (-) TimerEvent: {}
[8.022178] (-) TimerEvent: {}
[8.117262] (lbot_arm_interfaces) StdoutLine: {'line': b'[ 88%] Built target lbot_arm_interfaces__py\n'}
[8.122275] (-) TimerEvent: {}
[8.138562] (lbot_arm_interfaces) StdoutLine: {'line': b'[ 88%] \x1b[32mBuilding C object CMakeFiles/lbot_arm_interfaces__rosidl_generator_py.dir/rosidl_generator_py/lbot_arm_interfaces/srv/_move_c_s.c.o\x1b[0m\n'}
[8.139046] (lbot_arm_interfaces) StdoutLine: {'line': b'[ 89%] \x1b[32mBuilding C object CMakeFiles/lbot_arm_interfaces__rosidl_generator_py.dir/rosidl_generator_py/lbot_arm_interfaces/srv/_move_l_s.c.o\x1b[0m\n'}
[8.139229] (lbot_arm_interfaces) StdoutLine: {'line': b'[ 90%] \x1b[32mBuilding C object CMakeFiles/lbot_arm_interfaces__rosidl_generator_py.dir/rosidl_generator_py/lbot_arm_interfaces/srv/_move_jp_s.c.o\x1b[0m\n'}
[8.140515] (lbot_arm_interfaces) StdoutLine: {'line': b'[ 90%] \x1b[32mBuilding C object CMakeFiles/lbot_arm_interfaces__rosidl_generator_py.dir/rosidl_generator_py/lbot_arm_interfaces/srv/_move_j_s.c.o\x1b[0m\n'}
[8.140881] (lbot_arm_interfaces) StdoutLine: {'line': b'[ 91%] \x1b[32mBuilding C object CMakeFiles/lbot_arm_interfaces__rosidl_generator_py.dir/rosidl_generator_py/lbot_arm_interfaces/srv/_forward_kinematics_s.c.o\x1b[0m\n'}
[8.141739] (lbot_arm_interfaces) StdoutLine: {'line': b'[ 91%] \x1b[32mBuilding C object CMakeFiles/lbot_arm_interfaces__rosidl_generator_py.dir/rosidl_generator_py/lbot_arm_interfaces/srv/_get_current_frame_s.c.o\x1b[0m\n'}
[8.142119] (lbot_arm_interfaces) StdoutLine: {'line': b'[ 91%] \x1b[32mBuilding C object CMakeFiles/lbot_arm_interfaces__rosidl_generator_py.dir/rosidl_generator_py/lbot_arm_interfaces/srv/_set_frame_s.c.o\x1b[0m\n'}
[8.142399] (lbot_arm_interfaces) StdoutLine: {'line': b'[ 91%] \x1b[32mBuilding C object CMakeFiles/lbot_arm_interfaces__rosidl_generator_py.dir/rosidl_generator_py/lbot_arm_interfaces/srv/_inverse_kinematics_s.c.o\x1b[0m\n'}
[8.142823] (lbot_arm_interfaces) StdoutLine: {'line': b'[ 92%] \x1b[32mBuilding C object CMakeFiles/lbot_arm_interfaces__rosidl_generator_py.dir/rosidl_generator_py/lbot_arm_interfaces/srv/_set_string_s.c.o\x1b[0m\n'}
[8.144265] (lbot_arm_interfaces) StdoutLine: {'line': b'[ 92%] \x1b[32mBuilding C object CMakeFiles/lbot_arm_interfaces__rosidl_generator_py.dir/rosidl_generator_py/lbot_arm_interfaces/srv/_get_frame_s.c.o\x1b[0m\n'}
[8.144581] (lbot_arm_interfaces) StdoutLine: {'line': b'[ 93%] \x1b[32mBuilding C object CMakeFiles/lbot_arm_interfaces__rosidl_generator_py.dir/rosidl_generator_py/lbot_arm_interfaces/srv/_change_frame_s.c.o\x1b[0m\n'}
[8.144841] (lbot_arm_interfaces) StdoutLine: {'line': b'[ 94%] \x1b[32mBuilding C object CMakeFiles/lbot_arm_interfaces__rosidl_generator_py.dir/rosidl_generator_py/lbot_arm_interfaces/srv/_get_all_frames_s.c.o\x1b[0m\n'}
[8.145088] (lbot_arm_interfaces) StdoutLine: {'line': b'[ 94%] \x1b[32mBuilding C object CMakeFiles/lbot_arm_interfaces__rosidl_generator_py.dir/rosidl_generator_py/lbot_arm_interfaces/srv/_delete_frame_s.c.o\x1b[0m\n'}
[8.148588] (lbot_arm_interfaces) StdoutLine: {'line': b'[ 94%] \x1b[32mBuilding C object CMakeFiles/lbot_arm_interfaces__rosidl_generator_py.dir/rosidl_generator_py/lbot_arm_interfaces/srv/_set_enable_s.c.o\x1b[0m\n'}
[8.148937] (lbot_arm_interfaces) StdoutLine: {'line': b'[ 95%] \x1b[32mBuilding C object CMakeFiles/lbot_arm_interfaces__rosidl_generator_py.dir/rosidl_generator_py/lbot_arm_interfaces/srv/_set_zero_s.c.o\x1b[0m\n'}
[8.149109] (lbot_arm_interfaces) StdoutLine: {'line': b'[ 95%] \x1b[32mBuilding C object CMakeFiles/lbot_arm_interfaces__rosidl_generator_py.dir/rosidl_generator_py/lbot_arm_interfaces/srv/_set_emergency_s.c.o\x1b[0m\n'}
[8.149266] (lbot_arm_interfaces) StdoutLine: {'line': b'[ 95%] \x1b[32mBuilding C object CMakeFiles/lbot_arm_interfaces__rosidl_generator_py.dir/rosidl_generator_py/lbot_arm_interfaces/msg/_lbot_pose_s.c.o\x1b[0m\n'}
[8.149403] (lbot_arm_interfaces) StdoutLine: {'line': b'[ 96%] \x1b[32mBuilding C object CMakeFiles/lbot_arm_interfaces__rosidl_generator_py.dir/rosidl_generator_py/lbot_arm_interfaces/msg/_arm_state_s.c.o\x1b[0m\n'}
[8.151984] (lbot_arm_interfaces) StdoutLine: {'line': b'[ 96%] \x1b[32mBuilding C object CMakeFiles/lbot_arm_interfaces__rosidl_generator_py.dir/rosidl_generator_py/lbot_arm_interfaces/msg/_lbot_frame_s.c.o\x1b[0m\n'}
[8.152303] (lbot_arm_interfaces) StdoutLine: {'line': b'[ 97%] \x1b[32mBuilding C object CMakeFiles/lbot_arm_interfaces__rosidl_generator_py.dir/rosidl_generator_py/lbot_arm_interfaces/msg/_follow_joint_s.c.o\x1b[0m\n'}
[8.222392] (-) TimerEvent: {}
[8.322846] (-) TimerEvent: {}
[8.325284] (lbot_arm_interfaces) StdoutLine: {'line': b'[ 97%] \x1b[32m\x1b[1mLinking C shared library liblbot_arm_interfaces__rosidl_generator_py.so\x1b[0m\n'}
[8.372465] (lbot_arm_interfaces) StdoutLine: {'line': b'[ 97%] Built target lbot_arm_interfaces__rosidl_generator_py\n'}
[8.395441] (lbot_arm_interfaces) StdoutLine: {'line': b'[ 97%] \x1b[32mBuilding C object CMakeFiles/lbot_arm_interfaces_s__rosidl_typesupport_fastrtps_c.dir/rosidl_generator_py/lbot_arm_interfaces/_lbot_arm_interfaces_s.ep.rosidl_typesupport_fastrtps_c.c.o\x1b[0m\n'}
[8.395566] (lbot_arm_interfaces) StdoutLine: {'line': b'[ 97%] \x1b[32mBuilding C object CMakeFiles/lbot_arm_interfaces_s__rosidl_typesupport_introspection_c.dir/rosidl_generator_py/lbot_arm_interfaces/_lbot_arm_interfaces_s.ep.rosidl_typesupport_introspection_c.c.o\x1b[0m\n'}
[8.395655] (lbot_arm_interfaces) StdoutLine: {'line': b'[ 97%] \x1b[32mBuilding C object CMakeFiles/lbot_arm_interfaces_s__rosidl_typesupport_c.dir/rosidl_generator_py/lbot_arm_interfaces/_lbot_arm_interfaces_s.ep.rosidl_typesupport_c.c.o\x1b[0m\n'}
[8.423023] (-) TimerEvent: {}
[8.523224] (-) TimerEvent: {}
[8.536178] (lbot_arm_interfaces) StdoutLine: {'line': b'[ 98%] \x1b[32m\x1b[1mLinking C shared module rosidl_generator_py/lbot_arm_interfaces/lbot_arm_interfaces_s__rosidl_typesupport_introspection_c.so\x1b[0m\n'}
[8.536301] (lbot_arm_interfaces) StdoutLine: {'line': b'[ 99%] \x1b[32m\x1b[1mLinking C shared module rosidl_generator_py/lbot_arm_interfaces/lbot_arm_interfaces_s__rosidl_typesupport_c.so\x1b[0m\n'}
[8.538811] (lbot_arm_interfaces) StdoutLine: {'line': b'[100%] \x1b[32m\x1b[1mLinking C shared module rosidl_generator_py/lbot_arm_interfaces/lbot_arm_interfaces_s__rosidl_typesupport_fastrtps_c.so\x1b[0m\n'}
[8.557325] (lbot_arm_interfaces) StdoutLine: {'line': b'[100%] Built target lbot_arm_interfaces_s__rosidl_typesupport_introspection_c\n'}
[8.560873] (lbot_arm_interfaces) StdoutLine: {'line': b'[100%] Built target lbot_arm_interfaces_s__rosidl_typesupport_c\n'}
[8.565204] (lbot_arm_interfaces) StdoutLine: {'line': b'[100%] Built target lbot_arm_interfaces_s__rosidl_typesupport_fastrtps_c\n'}
[8.573664] (lbot_arm_interfaces) CommandEnded: {'returncode': 0}
[8.574188] (lbot_arm_interfaces) JobProgress: {'identifier': 'lbot_arm_interfaces', 'progress': 'install'}
[8.581453] (lbot_arm_interfaces) Command: {'cmd': ['/usr/bin/cmake', '--install', '/home/dawntildusk/lbot_ws/build/lbot_arm_interfaces'], 'cwd': '/home/dawntildusk/lbot_ws/build/lbot_arm_interfaces', 'env': OrderedDict({'GJS_DEBUG_TOPICS': 'JS ERROR;JS LOG', 'LESSOPEN': '| /usr/bin/lesspipe %s', 'CONDA_PROMPT_MODIFIER': '', 'LANGUAGE': 'zh_CN:en_US:en', 'USER': 'dawntildusk', 'LC_TIME': 'zh_CN.UTF-8', 'XDG_SESSION_TYPE': 'x11', 'GIT_ASKPASS': '/usr/share/code/resources/app/extensions/git/dist/askpass.sh', 'CLUTTER_DISABLE_MIPMAPPED_TEXT': '1', 'SHLVL': '1', 'LD_LIBRARY_PATH': '/opt/ros/jazzy/opt/rviz_ogre_vendor/lib:/opt/ros/jazzy/lib/x86_64-linux-gnu:/opt/ros/jazzy/opt/gz_math_vendor/lib:/opt/ros/jazzy/opt/gz_utils_vendor/lib:/opt/ros/jazzy/opt/gz_cmake_vendor/lib:/opt/ros/jazzy/lib', 'HOME': '/home/dawntildusk', 'CHROME_DESKTOP': 'code.desktop', 'CONDA_SHLVL': '0', 'OLDPWD': '/home/dawntildusk/lbot_ws', 'TERM_PROGRAM_VERSION': '1.136.1', 'DESKTOP_SESSION': 'ubuntu', 'GIO_LAUNCHED_DESKTOP_FILE': '/usr/share/applications/code.desktop', 'ROS_PYTHON_VERSION': '3', 'GNOME_SHELL_SESSION_MODE': 'ubuntu', 'GTK_MODULES': 'gail:atk-bridge', 'SDL_IM_MODULE': 'fcitx', 'VSCODE_GIT_ASKPASS_MAIN': '/usr/share/code/resources/app/extensions/git/dist/askpass-main.js', 'LC_MONETARY': 'zh_CN.UTF-8', 'VSCODE_GIT_ASKPASS_NODE': '/usr/share/code/code', 'MANAGERPID': '2288', 'SYSTEMD_EXEC_PID': '2708', 'VSCODE_PYTHON_AUTOACTIVATE_GUARD': '1', 'GSM_SKIP_SSH_AGENT_WORKAROUND': 'true', 'DBUS_SESSION_BUS_ADDRESS': 'unix:path=/run/user/1000/bus', 'COLORTERM': 'truecolor', '_CE_M': '', '_CONDA_ROOT': '/home/dawntildusk/miniconda3', 'GIO_LAUNCHED_DESKTOP_FILE_PID': '44016', 'DEBUGINFOD_URLS': 'https://debuginfod.ubuntu.com', 'ROS_DISTRO': 'jazzy', 'GTK_IM_MODULE': 'fcitx', 'LOGNAME': 'dawntildusk', 'JOURNAL_STREAM': '10:29928', '_': '/usr/bin/colcon', 'ROS_VERSION': '2', 'MEMORY_PRESSURE_WATCH': '/sys/fs/cgroup/user.slice/user-1000.slice/user@1000.service/session.slice/org.gnome.Shell@x11.service/memory.pressure', 'XDG_SESSION_CLASS': 'user', 'USERNAME': 'dawntildusk', 'TERM': 'xterm-256color', 'GNOME_DESKTOP_SESSION_ID': 'this-is-deprecated', '_CE_CONDA': '', 'FC_FONTATIONS': '1', 'WINDOWPATH': '2', 'PATH': '/opt/ros/jazzy/bin:/home/dawntildusk/.config/Code/User/globalStorage/github.copilot-chat/debugCommand:/home/dawntildusk/.config/Code/User/globalStorage/github.copilot-chat/copilotCli:/home/dawntildusk/miniconda3/condabin:/usr/local/sbin:/usr/local/bin:/usr/sbin:/usr/bin:/sbin:/bin:/usr/games:/usr/local/games:/snap/bin:/snap/bin', 'SESSION_MANAGER': 'local/dawntildusk-TX-Gaming-FX608JPR-FX608JPR:@/tmp/.ICE-unix/2640,unix/dawntildusk-TX-Gaming-FX608JPR-FX608JPR:/tmp/.ICE-unix/2640', 'INVOCATION_ID': '39883ff62c494379bef8f4b89657dd8f', 'PAPERSIZE': 'a4', 'XDG_MENU_PREFIX': 'gnome-', 'LC_ADDRESS': 'zh_CN.UTF-8', 'XDG_RUNTIME_DIR': '/run/user/1000', 'GDK_BACKEND': 'x11', 'DISPLAY': ':1', 'LANG': 'zh_CN.UTF-8', 'XDG_CURRENT_DESKTOP': 'ubuntu:GNOME', 'LC_TELEPHONE': 'zh_CN.UTF-8', 'XMODIFIERS': '@im=fcitx', 'XDG_SESSION_DESKTOP': 'ubuntu', 'XAUTHORITY': '/run/user/1000/gdm/Xauthority', 'LS_COLORS': 'rs=0:di=01;34:ln=01;36:mh=00:pi=40;33:so=01;35:do=01;35:bd=40;33;01:cd=40;33;01:or=40;31;01:mi=00:su=37;41:sg=30;43:ca=00:tw=30;42:ow=34;42:st=37;44:ex=01;32:*.tar=01;31:*.tgz=01;31:*.arc=01;31:*.arj=01;31:*.taz=01;31:*.lha=01;31:*.lz4=01;31:*.lzh=01;31:*.lzma=01;31:*.tlz=01;31:*.txz=01;31:*.tzo=01;31:*.t7z=01;31:*.zip=01;31:*.z=01;31:*.dz=01;31:*.gz=01;31:*.lrz=01;31:*.lz=01;31:*.lzo=01;31:*.xz=01;31:*.zst=01;31:*.tzst=01;31:*.bz2=01;31:*.bz=01;31:*.tbz=01;31:*.tbz2=01;31:*.tz=01;31:*.deb=01;31:*.rpm=01;31:*.jar=01;31:*.war=01;31:*.ear=01;31:*.sar=01;31:*.rar=01;31:*.alz=01;31:*.ace=01;31:*.zoo=01;31:*.cpio=01;31:*.7z=01;31:*.rz=01;31:*.cab=01;31:*.wim=01;31:*.swm=01;31:*.dwm=01;31:*.esd=01;31:*.avif=01;35:*.jpg=01;35:*.jpeg=01;35:*.mjpg=01;35:*.mjpeg=01;35:*.gif=01;35:*.bmp=01;35:*.pbm=01;35:*.pgm=01;35:*.ppm=01;35:*.tga=01;35:*.xbm=01;35:*.xpm=01;35:*.tif=01;35:*.tiff=01;35:*.png=01;35:*.svg=01;35:*.svgz=01;35:*.mng=01;35:*.pcx=01;35:*.mov=01;35:*.mpg=01;35:*.mpeg=01;35:*.m2v=01;35:*.mkv=01;35:*.webm=01;35:*.webp=01;35:*.ogm=01;35:*.mp4=01;35:*.m4v=01;35:*.mp4v=01;35:*.vob=01;35:*.qt=01;35:*.nuv=01;35:*.wmv=01;35:*.asf=01;35:*.rm=01;35:*.rmvb=01;35:*.flc=01;35:*.avi=01;35:*.fli=01;35:*.flv=01;35:*.gl=01;35:*.dl=01;35:*.xcf=01;35:*.xwd=01;35:*.yuv=01;35:*.cgm=01;35:*.emf=01;35:*.ogv=01;35:*.ogx=01;35:*.aac=00;36:*.au=00;36:*.flac=00;36:*.m4a=00;36:*.mid=00;36:*.midi=00;36:*.mka=00;36:*.mp3=00;36:*.mpc=00;36:*.ogg=00;36:*.ra=00;36:*.wav=00;36:*.oga=00;36:*.opus=00;36:*.spx=00;36:*.xspf=00;36:*~=00;90:*#=00;90:*.bak=00;90:*.crdownload=00;90:*.dpkg-dist=00;90:*.dpkg-new=00;90:*.dpkg-old=00;90:*.dpkg-tmp=00;90:*.old=00;90:*.orig=00;90:*.part=00;90:*.rej=00;90:*.rpmnew=00;90:*.rpmorig=00;90:*.rpmsave=00;90:*.swp=00;90:*.tmp=00;90:*.ucf-dist=00;90:*.ucf-new=00;90:*.ucf-old=00;90:', 'VSCODE_GIT_IPC_HANDLE': '/run/user/1000/vscode-git-fc3f46f092.sock', 'TERM_PROGRAM': 'vscode', 'SSH_AUTH_SOCK': '/run/user/1000/keyring/ssh', 'AMENT_PREFIX_PATH': '/opt/ros/jazzy', 'CONDA_PYTHON_EXE': '/home/dawntildusk/miniconda3/bin/python', 'SHELL': '/bin/bash', 'LC_NAME': 'zh_CN.UTF-8', 'QT_ACCESSIBILITY': '1', 'GDMSESSION': 'ubuntu', 'LESSCLOSE': '/usr/bin/lesspipe %s %s', 'CONDA_DEFAULT_ENV': '', 'LC_MEASUREMENT': 'zh_CN.UTF-8', 'GPG_AGENT_INFO': '/run/user/1000/gnupg/S.gpg-agent:0:1', 'GJS_DEBUG_OUTPUT': 'stderr', '_CONDA_EXE': '/home/dawntildusk/miniconda3/bin/conda', 'LC_IDENTIFICATION': 'zh_CN.UTF-8', 'ROS_AUTOMATIC_DISCOVERY_RANGE': 'SUBNET', 'VSCODE_GIT_ASKPASS_EXTRA_ARGS': '', 'QT_IM_MODULE': 'fcitx', 'PWD': '/home/dawntildusk/lbot_ws/build/lbot_arm_interfaces', 'XDG_CONFIG_DIRS': '/etc/xdg/xdg-ubuntu:/etc/xdg', 'COPILOT_DEBUG_NONCE': '7dac8b5f3bc076abaa655999b86f7af0', 'CONDA_EXE': '/home/dawntildusk/miniconda3/bin/conda', 'CLUTTER_IM_MODULE': 'xim', 'XDG_DATA_DIRS': '/usr/share/ubuntu:/usr/share/gnome:/usr/local/share/:/usr/share/:/var/lib/snapd/desktop', 'QTWEBENGINE_DICTIONARIES_PATH': '/usr/share/hunspell-bdic/', 'PYTHONPATH': '/opt/ros/jazzy/lib/python3.12/site-packages', 'LC_NUMERIC': 'zh_CN.UTF-8', 'CONDA_PREFIX': '', 'LC_PAPER': 'zh_CN.UTF-8', 'COLCON': '1', 'MEMORY_PRESSURE_WRITE': 'c29tZSAyMDAwMDAgMjAwMDAwMAA=', 'CMAKE_PREFIX_PATH': '/opt/ros/jazzy/opt/gz_math_vendor:/opt/ros/jazzy/opt/gz_utils_vendor:/opt/ros/jazzy/opt/gz_cmake_vendor:/opt/ros/jazzy'}), 'shell': False}
[8.591640] (lbot_arm_interfaces) StdoutLine: {'line': b'-- Install configuration: ""\n'}
[8.592791] (lbot_arm_interfaces) StdoutLine: {'line': b'-- Execute custom install script\n'}
[8.593194] (lbot_arm_interfaces) StdoutLine: {'line': b'-- Symlinking: /home/dawntildusk/lbot_ws/install/lbot_arm_interfaces/share/ament_index/resource_index/rosidl_interfaces/lbot_arm_interfaces\n'}
[8.603411] (lbot_arm_interfaces) StdoutLine: {'line': b'-- Symlinking: /home/dawntildusk/lbot_ws/install/lbot_arm_interfaces/share/lbot_arm_interfaces/srv/MoveJ.json\n'}
[8.613588] (lbot_arm_interfaces) StdoutLine: {'line': b'-- Symlinking: /home/dawntildusk/lbot_ws/install/lbot_arm_interfaces/share/lbot_arm_interfaces/srv/MoveL.json\n'}
[8.620744] (lbot_arm_interfaces) StdoutLine: {'line': b'-- Symlinking: /home/dawntildusk/lbot_ws/install/lbot_arm_interfaces/share/lbot_arm_interfaces/srv/MoveC.json\n'}
[8.623275] (-) TimerEvent: {}
[8.628674] (lbot_arm_interfaces) StdoutLine: {'line': b'-- Symlinking: /home/dawntildusk/lbot_ws/install/lbot_arm_interfaces/share/lbot_arm_interfaces/srv/MoveJP.json\n'}
[8.635688] (lbot_arm_interfaces) StdoutLine: {'line': b'-- Symlinking: /home/dawntildusk/lbot_ws/install/lbot_arm_interfaces/share/lbot_arm_interfaces/srv/InverseKinematics.json\n'}
[8.642100] (lbot_arm_interfaces) StdoutLine: {'line': b'-- Symlinking: /home/dawntildusk/lbot_ws/install/lbot_arm_interfaces/share/lbot_arm_interfaces/srv/ForwardKinematics.json\n'}
[8.646278] (lbot_arm_interfaces) StdoutLine: {'line': b'-- Symlinking: /home/dawntildusk/lbot_ws/install/lbot_arm_interfaces/share/lbot_arm_interfaces/srv/SetFrame.json\n'}
[8.651388] (lbot_arm_interfaces) StdoutLine: {'line': b'-- Symlinking: /home/dawntildusk/lbot_ws/install/lbot_arm_interfaces/share/lbot_arm_interfaces/srv/SetString.json\n'}
[8.657811] (lbot_arm_interfaces) StdoutLine: {'line': b'-- Symlinking: /home/dawntildusk/lbot_ws/install/lbot_arm_interfaces/share/lbot_arm_interfaces/srv/GetFrame.json\n'}
[8.662415] (lbot_arm_interfaces) StdoutLine: {'line': b'-- Symlinking: /home/dawntildusk/lbot_ws/install/lbot_arm_interfaces/share/lbot_arm_interfaces/srv/GetCurrentFrame.json\n'}
[8.667374] (lbot_arm_interfaces) StdoutLine: {'line': b'-- Symlinking: /home/dawntildusk/lbot_ws/install/lbot_arm_interfaces/share/lbot_arm_interfaces/srv/ChangeFrame.json\n'}
[8.672010] (lbot_arm_interfaces) StdoutLine: {'line': b'-- Symlinking: /home/dawntildusk/lbot_ws/install/lbot_arm_interfaces/share/lbot_arm_interfaces/srv/DeleteFrame.json\n'}
[8.676321] (lbot_arm_interfaces) StdoutLine: {'line': b'-- Symlinking: /home/dawntildusk/lbot_ws/install/lbot_arm_interfaces/share/lbot_arm_interfaces/srv/GetAllFrames.json\n'}
[8.683371] (lbot_arm_interfaces) StdoutLine: {'line': b'-- Symlinking: /home/dawntildusk/lbot_ws/install/lbot_arm_interfaces/share/lbot_arm_interfaces/srv/SetZero.json\n'}
[8.689847] (lbot_arm_interfaces) StdoutLine: {'line': b'-- Symlinking: /home/dawntildusk/lbot_ws/install/lbot_arm_interfaces/share/lbot_arm_interfaces/srv/SetEmergency.json\n'}
[8.696057] (lbot_arm_interfaces) StdoutLine: {'line': b'-- Symlinking: /home/dawntildusk/lbot_ws/install/lbot_arm_interfaces/share/lbot_arm_interfaces/srv/SetEnable.json\n'}
[8.700534] (lbot_arm_interfaces) StdoutLine: {'line': b'-- Symlinking: /home/dawntildusk/lbot_ws/install/lbot_arm_interfaces/share/lbot_arm_interfaces/msg/ArmState.json\n'}
[8.707175] (lbot_arm_interfaces) StdoutLine: {'line': b'-- Symlinking: /home/dawntildusk/lbot_ws/install/lbot_arm_interfaces/share/lbot_arm_interfaces/msg/LbotPose.json\n'}
[8.712323] (lbot_arm_interfaces) StdoutLine: {'line': b'-- Symlinking: /home/dawntildusk/lbot_ws/install/lbot_arm_interfaces/share/lbot_arm_interfaces/msg/LbotFrame.json\n'}
[8.716293] (lbot_arm_interfaces) StdoutLine: {'line': b'-- Symlinking: /home/dawntildusk/lbot_ws/install/lbot_arm_interfaces/share/lbot_arm_interfaces/msg/FollowJoint.json\n'}
[8.721718] (lbot_arm_interfaces) StdoutLine: {'line': b'-- Symlinking: /home/dawntildusk/lbot_ws/install/lbot_arm_interfaces/include/lbot_arm_interfaces/lbot_arm_interfaces/msg/arm_state.h\n'}
[8.723382] (-) TimerEvent: {}
[8.729090] (lbot_arm_interfaces) StdoutLine: {'line': b'-- Symlinking: /home/dawntildusk/lbot_ws/install/lbot_arm_interfaces/include/lbot_arm_interfaces/lbot_arm_interfaces/msg/detail/arm_state__functions.h\n'}
[8.735142] (lbot_arm_interfaces) StdoutLine: {'line': b'-- Symlinking: /home/dawntildusk/lbot_ws/install/lbot_arm_interfaces/include/lbot_arm_interfaces/lbot_arm_interfaces/msg/detail/arm_state__struct.h\n'}
[8.739211] (lbot_arm_interfaces) StdoutLine: {'line': b'-- Symlinking: /home/dawntildusk/lbot_ws/install/lbot_arm_interfaces/include/lbot_arm_interfaces/lbot_arm_interfaces/msg/detail/arm_state__type_support.h\n'}
[8.744757] (lbot_arm_interfaces) StdoutLine: {'line': b'-- Symlinking: /home/dawntildusk/lbot_ws/install/lbot_arm_interfaces/include/lbot_arm_interfaces/lbot_arm_interfaces/msg/detail/follow_joint__functions.h\n'}
[8.749172] (lbot_arm_interfaces) StdoutLine: {'line': b'-- Symlinking: /home/dawntildusk/lbot_ws/install/lbot_arm_interfaces/include/lbot_arm_interfaces/lbot_arm_interfaces/msg/detail/follow_joint__struct.h\n'}
[8.754056] (lbot_arm_interfaces) StdoutLine: {'line': b'-- Symlinking: /home/dawntildusk/lbot_ws/install/lbot_arm_interfaces/include/lbot_arm_interfaces/lbot_arm_interfaces/msg/detail/follow_joint__type_support.h\n'}
[8.760447] (lbot_arm_interfaces) StdoutLine: {'line': b'-- Symlinking: /home/dawntildusk/lbot_ws/install/lbot_arm_interfaces/include/lbot_arm_interfaces/lbot_arm_interfaces/msg/detail/lbot_frame__functions.h\n'}
[8.765104] (lbot_arm_interfaces) StdoutLine: {'line': b'-- Symlinking: /home/dawntildusk/lbot_ws/install/lbot_arm_interfaces/include/lbot_arm_interfaces/lbot_arm_interfaces/msg/detail/lbot_frame__struct.h\n'}
[8.770133] (lbot_arm_interfaces) StdoutLine: {'line': b'-- Symlinking: /home/dawntildusk/lbot_ws/install/lbot_arm_interfaces/include/lbot_arm_interfaces/lbot_arm_interfaces/msg/detail/lbot_frame__type_support.h\n'}
[8.776297] (lbot_arm_interfaces) StdoutLine: {'line': b'-- Symlinking: /home/dawntildusk/lbot_ws/install/lbot_arm_interfaces/include/lbot_arm_interfaces/lbot_arm_interfaces/msg/detail/lbot_pose__functions.h\n'}
[8.782395] (lbot_arm_interfaces) StdoutLine: {'line': b'-- Symlinking: /home/dawntildusk/lbot_ws/install/lbot_arm_interfaces/include/lbot_arm_interfaces/lbot_arm_interfaces/msg/detail/lbot_pose__struct.h\n'}
[8.787824] (lbot_arm_interfaces) StdoutLine: {'line': b'-- Symlinking: /home/dawntildusk/lbot_ws/install/lbot_arm_interfaces/include/lbot_arm_interfaces/lbot_arm_interfaces/msg/detail/lbot_pose__type_support.h\n'}
[8.792969] (lbot_arm_interfaces) StdoutLine: {'line': b'-- Symlinking: /home/dawntildusk/lbot_ws/install/lbot_arm_interfaces/include/lbot_arm_interfaces/lbot_arm_interfaces/msg/follow_joint.h\n'}
[8.799304] (lbot_arm_interfaces) StdoutLine: {'line': b'-- Symlinking: /home/dawntildusk/lbot_ws/install/lbot_arm_interfaces/include/lbot_arm_interfaces/lbot_arm_interfaces/msg/lbot_frame.h\n'}
[8.805227] (lbot_arm_interfaces) StdoutLine: {'line': b'-- Symlinking: /home/dawntildusk/lbot_ws/install/lbot_arm_interfaces/include/lbot_arm_interfaces/lbot_arm_interfaces/msg/lbot_pose.h\n'}
[8.810284] (lbot_arm_interfaces) StdoutLine: {'line': b'-- Symlinking: /home/dawntildusk/lbot_ws/install/lbot_arm_interfaces/include/lbot_arm_interfaces/lbot_arm_interfaces/msg/rosidl_generator_c__visibility_control.h\n'}
[8.815009] (lbot_arm_interfaces) StdoutLine: {'line': b'-- Symlinking: /home/dawntildusk/lbot_ws/install/lbot_arm_interfaces/include/lbot_arm_interfaces/lbot_arm_interfaces/srv/change_frame.h\n'}
[8.819030] (lbot_arm_interfaces) StdoutLine: {'line': b'-- Symlinking: /home/dawntildusk/lbot_ws/install/lbot_arm_interfaces/include/lbot_arm_interfaces/lbot_arm_interfaces/srv/delete_frame.h\n'}
[8.823468] (-) TimerEvent: {}
[8.825221] (lbot_arm_interfaces) StdoutLine: {'line': b'-- Symlinking: /home/dawntildusk/lbot_ws/install/lbot_arm_interfaces/include/lbot_arm_interfaces/lbot_arm_interfaces/srv/detail/change_frame__functions.h\n'}
[8.830602] (lbot_arm_interfaces) StdoutLine: {'line': b'-- Symlinking: /home/dawntildusk/lbot_ws/install/lbot_arm_interfaces/include/lbot_arm_interfaces/lbot_arm_interfaces/srv/detail/change_frame__struct.h\n'}
[8.836129] (lbot_arm_interfaces) StdoutLine: {'line': b'-- Symlinking: /home/dawntildusk/lbot_ws/install/lbot_arm_interfaces/include/lbot_arm_interfaces/lbot_arm_interfaces/srv/detail/change_frame__type_support.h\n'}
[8.840460] (lbot_arm_interfaces) StdoutLine: {'line': b'-- Symlinking: /home/dawntildusk/lbot_ws/install/lbot_arm_interfaces/include/lbot_arm_interfaces/lbot_arm_interfaces/srv/detail/delete_frame__functions.h\n'}
[8.844635] (lbot_arm_interfaces) StdoutLine: {'line': b'-- Symlinking: /home/dawntildusk/lbot_ws/install/lbot_arm_interfaces/include/lbot_arm_interfaces/lbot_arm_interfaces/srv/detail/delete_frame__struct.h\n'}
[8.852080] (lbot_arm_interfaces) StdoutLine: {'line': b'-- Symlinking: /home/dawntildusk/lbot_ws/install/lbot_arm_interfaces/include/lbot_arm_interfaces/lbot_arm_interfaces/srv/detail/delete_frame__type_support.h\n'}
[8.857828] (lbot_arm_interfaces) StdoutLine: {'line': b'-- Symlinking: /home/dawntildusk/lbot_ws/install/lbot_arm_interfaces/include/lbot_arm_interfaces/lbot_arm_interfaces/srv/detail/forward_kinematics__functions.h\n'}
[8.863743] (lbot_arm_interfaces) StdoutLine: {'line': b'-- Symlinking: /home/dawntildusk/lbot_ws/install/lbot_arm_interfaces/include/lbot_arm_interfaces/lbot_arm_interfaces/srv/detail/forward_kinematics__struct.h\n'}
[8.869433] (lbot_arm_interfaces) StdoutLine: {'line': b'-- Symlinking: /home/dawntildusk/lbot_ws/install/lbot_arm_interfaces/include/lbot_arm_interfaces/lbot_arm_interfaces/srv/detail/forward_kinematics__type_support.h\n'}
[8.875736] (lbot_arm_interfaces) StdoutLine: {'line': b'-- Symlinking: /home/dawntildusk/lbot_ws/install/lbot_arm_interfaces/include/lbot_arm_interfaces/lbot_arm_interfaces/srv/detail/get_all_frames__functions.h\n'}
[8.881866] (lbot_arm_interfaces) StdoutLine: {'line': b'-- Symlinking: /home/dawntildusk/lbot_ws/install/lbot_arm_interfaces/include/lbot_arm_interfaces/lbot_arm_interfaces/srv/detail/get_all_frames__struct.h\n'}
[8.887003] (lbot_arm_interfaces) StdoutLine: {'line': b'-- Symlinking: /home/dawntildusk/lbot_ws/install/lbot_arm_interfaces/include/lbot_arm_interfaces/lbot_arm_interfaces/srv/detail/get_all_frames__type_support.h\n'}
[8.892808] (lbot_arm_interfaces) StdoutLine: {'line': b'-- Symlinking: /home/dawntildusk/lbot_ws/install/lbot_arm_interfaces/include/lbot_arm_interfaces/lbot_arm_interfaces/srv/detail/get_current_frame__functions.h\n'}
[8.899240] (lbot_arm_interfaces) StdoutLine: {'line': b'-- Symlinking: /home/dawntildusk/lbot_ws/install/lbot_arm_interfaces/include/lbot_arm_interfaces/lbot_arm_interfaces/srv/detail/get_current_frame__struct.h\n'}
[8.905008] (lbot_arm_interfaces) StdoutLine: {'line': b'-- Symlinking: /home/dawntildusk/lbot_ws/install/lbot_arm_interfaces/include/lbot_arm_interfaces/lbot_arm_interfaces/srv/detail/get_current_frame__type_support.h\n'}
[8.909150] (lbot_arm_interfaces) StdoutLine: {'line': b'-- Symlinking: /home/dawntildusk/lbot_ws/install/lbot_arm_interfaces/include/lbot_arm_interfaces/lbot_arm_interfaces/srv/detail/get_frame__functions.h\n'}
[8.914298] (lbot_arm_interfaces) StdoutLine: {'line': b'-- Symlinking: /home/dawntildusk/lbot_ws/install/lbot_arm_interfaces/include/lbot_arm_interfaces/lbot_arm_interfaces/srv/detail/get_frame__struct.h\n'}
[8.918273] (lbot_arm_interfaces) StdoutLine: {'line': b'-- Symlinking: /home/dawntildusk/lbot_ws/install/lbot_arm_interfaces/include/lbot_arm_interfaces/lbot_arm_interfaces/srv/detail/get_frame__type_support.h\n'}
[8.923551] (-) TimerEvent: {}
[8.924568] (lbot_arm_interfaces) StdoutLine: {'line': b'-- Symlinking: /home/dawntildusk/lbot_ws/install/lbot_arm_interfaces/include/lbot_arm_interfaces/lbot_arm_interfaces/srv/detail/inverse_kinematics__functions.h\n'}
[8.930626] (lbot_arm_interfaces) StdoutLine: {'line': b'-- Symlinking: /home/dawntildusk/lbot_ws/install/lbot_arm_interfaces/include/lbot_arm_interfaces/lbot_arm_interfaces/srv/detail/inverse_kinematics__struct.h\n'}
[8.935443] (lbot_arm_interfaces) StdoutLine: {'line': b'-- Symlinking: /home/dawntildusk/lbot_ws/install/lbot_arm_interfaces/include/lbot_arm_interfaces/lbot_arm_interfaces/srv/detail/inverse_kinematics__type_support.h\n'}
[8.940211] (lbot_arm_interfaces) StdoutLine: {'line': b'-- Symlinking: /home/dawntildusk/lbot_ws/install/lbot_arm_interfaces/include/lbot_arm_interfaces/lbot_arm_interfaces/srv/detail/move_c__functions.h\n'}
[8.947139] (lbot_arm_interfaces) StdoutLine: {'line': b'-- Symlinking: /home/dawntildusk/lbot_ws/install/lbot_arm_interfaces/include/lbot_arm_interfaces/lbot_arm_interfaces/srv/detail/move_c__struct.h\n'}
[8.955199] (lbot_arm_interfaces) StdoutLine: {'line': b'-- Symlinking: /home/dawntildusk/lbot_ws/install/lbot_arm_interfaces/include/lbot_arm_interfaces/lbot_arm_interfaces/srv/detail/move_c__type_support.h\n'}
[8.961732] (lbot_arm_interfaces) StdoutLine: {'line': b'-- Symlinking: /home/dawntildusk/lbot_ws/install/lbot_arm_interfaces/include/lbot_arm_interfaces/lbot_arm_interfaces/srv/detail/move_j__functions.h\n'}
[8.970771] (lbot_arm_interfaces) StdoutLine: {'line': b'-- Symlinking: /home/dawntildusk/lbot_ws/install/lbot_arm_interfaces/include/lbot_arm_interfaces/lbot_arm_interfaces/srv/detail/move_j__struct.h\n'}
[8.980929] (lbot_arm_interfaces) StdoutLine: {'line': b'-- Symlinking: /home/dawntildusk/lbot_ws/install/lbot_arm_interfaces/include/lbot_arm_interfaces/lbot_arm_interfaces/srv/detail/move_j__type_support.h\n'}
[8.988046] (lbot_arm_interfaces) StdoutLine: {'line': b'-- Symlinking: /home/dawntildusk/lbot_ws/install/lbot_arm_interfaces/include/lbot_arm_interfaces/lbot_arm_interfaces/srv/detail/move_jp__functions.h\n'}
[8.996725] (lbot_arm_interfaces) StdoutLine: {'line': b'-- Symlinking: /home/dawntildusk/lbot_ws/install/lbot_arm_interfaces/include/lbot_arm_interfaces/lbot_arm_interfaces/srv/detail/move_jp__struct.h\n'}
[9.006593] (lbot_arm_interfaces) StdoutLine: {'line': b'-- Symlinking: /home/dawntildusk/lbot_ws/install/lbot_arm_interfaces/include/lbot_arm_interfaces/lbot_arm_interfaces/srv/detail/move_jp__type_support.h\n'}
[9.014265] (lbot_arm_interfaces) StdoutLine: {'line': b'-- Symlinking: /home/dawntildusk/lbot_ws/install/lbot_arm_interfaces/include/lbot_arm_interfaces/lbot_arm_interfaces/srv/detail/move_l__functions.h\n'}
[9.022706] (lbot_arm_interfaces) StdoutLine: {'line': b'-- Symlinking: /home/dawntildusk/lbot_ws/install/lbot_arm_interfaces/include/lbot_arm_interfaces/lbot_arm_interfaces/srv/detail/move_l__struct.h\n'}
[9.023616] (-) TimerEvent: {}
[9.031738] (lbot_arm_interfaces) StdoutLine: {'line': b'-- Symlinking: /home/dawntildusk/lbot_ws/install/lbot_arm_interfaces/include/lbot_arm_interfaces/lbot_arm_interfaces/srv/detail/move_l__type_support.h\n'}
[9.040649] (lbot_arm_interfaces) StdoutLine: {'line': b'-- Symlinking: /home/dawntildusk/lbot_ws/install/lbot_arm_interfaces/include/lbot_arm_interfaces/lbot_arm_interfaces/srv/detail/set_emergency__functions.h\n'}
[9.049692] (lbot_arm_interfaces) StdoutLine: {'line': b'-- Symlinking: /home/dawntildusk/lbot_ws/install/lbot_arm_interfaces/include/lbot_arm_interfaces/lbot_arm_interfaces/srv/detail/set_emergency__struct.h\n'}
[9.059204] (lbot_arm_interfaces) StdoutLine: {'line': b'-- Symlinking: /home/dawntildusk/lbot_ws/install/lbot_arm_interfaces/include/lbot_arm_interfaces/lbot_arm_interfaces/srv/detail/set_emergency__type_support.h\n'}
[9.069152] (lbot_arm_interfaces) StdoutLine: {'line': b'-- Symlinking: /home/dawntildusk/lbot_ws/install/lbot_arm_interfaces/include/lbot_arm_interfaces/lbot_arm_interfaces/srv/detail/set_enable__functions.h\n'}
[9.080340] (lbot_arm_interfaces) StdoutLine: {'line': b'-- Symlinking: /home/dawntildusk/lbot_ws/install/lbot_arm_interfaces/include/lbot_arm_interfaces/lbot_arm_interfaces/srv/detail/set_enable__struct.h\n'}
[9.089063] (lbot_arm_interfaces) StdoutLine: {'line': b'-- Symlinking: /home/dawntildusk/lbot_ws/install/lbot_arm_interfaces/include/lbot_arm_interfaces/lbot_arm_interfaces/srv/detail/set_enable__type_support.h\n'}
[9.099430] (lbot_arm_interfaces) StdoutLine: {'line': b'-- Symlinking: /home/dawntildusk/lbot_ws/install/lbot_arm_interfaces/include/lbot_arm_interfaces/lbot_arm_interfaces/srv/detail/set_frame__functions.h\n'}
[9.106070] (lbot_arm_interfaces) StdoutLine: {'line': b'-- Symlinking: /home/dawntildusk/lbot_ws/install/lbot_arm_interfaces/include/lbot_arm_interfaces/lbot_arm_interfaces/srv/detail/set_frame__struct.h\n'}
[9.113797] (lbot_arm_interfaces) StdoutLine: {'line': b'-- Symlinking: /home/dawntildusk/lbot_ws/install/lbot_arm_interfaces/include/lbot_arm_interfaces/lbot_arm_interfaces/srv/detail/set_frame__type_support.h\n'}
[9.122841] (lbot_arm_interfaces) StdoutLine: {'line': b'-- Symlinking: /home/dawntildusk/lbot_ws/install/lbot_arm_interfaces/include/lbot_arm_interfaces/lbot_arm_interfaces/srv/detail/set_string__functions.h\n'}
[9.123710] (-) TimerEvent: {}
[9.132627] (lbot_arm_interfaces) StdoutLine: {'line': b'-- Symlinking: /home/dawntildusk/lbot_ws/install/lbot_arm_interfaces/include/lbot_arm_interfaces/lbot_arm_interfaces/srv/detail/set_string__struct.h\n'}
[9.142376] (lbot_arm_interfaces) StdoutLine: {'line': b'-- Symlinking: /home/dawntildusk/lbot_ws/install/lbot_arm_interfaces/include/lbot_arm_interfaces/lbot_arm_interfaces/srv/detail/set_string__type_support.h\n'}
[9.151519] (lbot_arm_interfaces) StdoutLine: {'line': b'-- Symlinking: /home/dawntildusk/lbot_ws/install/lbot_arm_interfaces/include/lbot_arm_interfaces/lbot_arm_interfaces/srv/detail/set_zero__functions.h\n'}
[9.157669] (lbot_arm_interfaces) StdoutLine: {'line': b'-- Symlinking: /home/dawntildusk/lbot_ws/install/lbot_arm_interfaces/include/lbot_arm_interfaces/lbot_arm_interfaces/srv/detail/set_zero__struct.h\n'}
[9.164130] (lbot_arm_interfaces) StdoutLine: {'line': b'-- Symlinking: /home/dawntildusk/lbot_ws/install/lbot_arm_interfaces/include/lbot_arm_interfaces/lbot_arm_interfaces/srv/detail/set_zero__type_support.h\n'}
[9.173568] (lbot_arm_interfaces) StdoutLine: {'line': b'-- Symlinking: /home/dawntildusk/lbot_ws/install/lbot_arm_interfaces/include/lbot_arm_interfaces/lbot_arm_interfaces/srv/forward_kinematics.h\n'}
[9.183831] (lbot_arm_interfaces) StdoutLine: {'line': b'-- Symlinking: /home/dawntildusk/lbot_ws/install/lbot_arm_interfaces/include/lbot_arm_interfaces/lbot_arm_interfaces/srv/get_all_frames.h\n'}
[9.191414] (lbot_arm_interfaces) StdoutLine: {'line': b'-- Symlinking: /home/dawntildusk/lbot_ws/install/lbot_arm_interfaces/include/lbot_arm_interfaces/lbot_arm_interfaces/srv/get_current_frame.h\n'}
[9.197197] (lbot_arm_interfaces) StdoutLine: {'line': b'-- Symlinking: /home/dawntildusk/lbot_ws/install/lbot_arm_interfaces/include/lbot_arm_interfaces/lbot_arm_interfaces/srv/get_frame.h\n'}
[9.202272] (lbot_arm_interfaces) StdoutLine: {'line': b'-- Symlinking: /home/dawntildusk/lbot_ws/install/lbot_arm_interfaces/include/lbot_arm_interfaces/lbot_arm_interfaces/srv/inverse_kinematics.h\n'}
[9.207773] (lbot_arm_interfaces) StdoutLine: {'line': b'-- Symlinking: /home/dawntildusk/lbot_ws/install/lbot_arm_interfaces/include/lbot_arm_interfaces/lbot_arm_interfaces/srv/move_c.h\n'}
[9.215153] (lbot_arm_interfaces) StdoutLine: {'line': b'-- Symlinking: /home/dawntildusk/lbot_ws/install/lbot_arm_interfaces/include/lbot_arm_interfaces/lbot_arm_interfaces/srv/move_j.h\n'}
[9.223807] (lbot_arm_interfaces) StdoutLine: {'line': b'-- Symlinking: /home/dawntildusk/lbot_ws/install/lbot_arm_interfaces/include/lbot_arm_interfaces/lbot_arm_interfaces/srv/move_jp.h\n'}
[9.223951] (-) TimerEvent: {}
[9.233704] (lbot_arm_interfaces) StdoutLine: {'line': b'-- Symlinking: /home/dawntildusk/lbot_ws/install/lbot_arm_interfaces/include/lbot_arm_interfaces/lbot_arm_interfaces/srv/move_l.h\n'}
[9.245182] (lbot_arm_interfaces) StdoutLine: {'line': b'-- Symlinking: /home/dawntildusk/lbot_ws/install/lbot_arm_interfaces/include/lbot_arm_interfaces/lbot_arm_interfaces/srv/set_emergency.h\n'}
[9.256400] (lbot_arm_interfaces) StdoutLine: {'line': b'-- Symlinking: /home/dawntildusk/lbot_ws/install/lbot_arm_interfaces/include/lbot_arm_interfaces/lbot_arm_interfaces/srv/set_enable.h\n'}
[9.267545] (lbot_arm_interfaces) StdoutLine: {'line': b'-- Symlinking: /home/dawntildusk/lbot_ws/install/lbot_arm_interfaces/include/lbot_arm_interfaces/lbot_arm_interfaces/srv/set_frame.h\n'}
[9.274601] (lbot_arm_interfaces) StdoutLine: {'line': b'-- Symlinking: /home/dawntildusk/lbot_ws/install/lbot_arm_interfaces/include/lbot_arm_interfaces/lbot_arm_interfaces/srv/set_string.h\n'}
[9.283998] (lbot_arm_interfaces) StdoutLine: {'line': b'-- Symlinking: /home/dawntildusk/lbot_ws/install/lbot_arm_interfaces/include/lbot_arm_interfaces/lbot_arm_interfaces/srv/set_zero.h\n'}
[9.289240] (lbot_arm_interfaces) StdoutLine: {'line': b'-- Symlinking: /home/dawntildusk/lbot_ws/install/lbot_arm_interfaces/share/lbot_arm_interfaces/environment/library_path.sh\n'}
[9.293855] (lbot_arm_interfaces) StdoutLine: {'line': b'-- Symlinking: /home/dawntildusk/lbot_ws/install/lbot_arm_interfaces/share/lbot_arm_interfaces/environment/library_path.dsv\n'}
[9.299581] (lbot_arm_interfaces) StdoutLine: {'line': b'-- Symlinking: /home/dawntildusk/lbot_ws/install/lbot_arm_interfaces/include/lbot_arm_interfaces/lbot_arm_interfaces/msg/detail/arm_state__rosidl_typesupport_fastrtps_c.h\n'}
[9.304639] (lbot_arm_interfaces) StdoutLine: {'line': b'-- Symlinking: /home/dawntildusk/lbot_ws/install/lbot_arm_interfaces/include/lbot_arm_interfaces/lbot_arm_interfaces/msg/detail/follow_joint__rosidl_typesupport_fastrtps_c.h\n'}
[9.312688] (lbot_arm_interfaces) StdoutLine: {'line': b'-- Symlinking: /home/dawntildusk/lbot_ws/install/lbot_arm_interfaces/include/lbot_arm_interfaces/lbot_arm_interfaces/msg/detail/lbot_frame__rosidl_typesupport_fastrtps_c.h\n'}
[9.317602] (lbot_arm_interfaces) StdoutLine: {'line': b'-- Symlinking: /home/dawntildusk/lbot_ws/install/lbot_arm_interfaces/include/lbot_arm_interfaces/lbot_arm_interfaces/msg/detail/lbot_pose__rosidl_typesupport_fastrtps_c.h\n'}
[9.322605] (lbot_arm_interfaces) StdoutLine: {'line': b'-- Symlinking: /home/dawntildusk/lbot_ws/install/lbot_arm_interfaces/include/lbot_arm_interfaces/lbot_arm_interfaces/msg/rosidl_typesupport_fastrtps_c__visibility_control.h\n'}
[9.324051] (-) TimerEvent: {}
[9.327446] (lbot_arm_interfaces) StdoutLine: {'line': b'-- Symlinking: /home/dawntildusk/lbot_ws/install/lbot_arm_interfaces/include/lbot_arm_interfaces/lbot_arm_interfaces/srv/detail/change_frame__rosidl_typesupport_fastrtps_c.h\n'}
[9.338111] (lbot_arm_interfaces) StdoutLine: {'line': b'-- Symlinking: /home/dawntildusk/lbot_ws/install/lbot_arm_interfaces/include/lbot_arm_interfaces/lbot_arm_interfaces/srv/detail/delete_frame__rosidl_typesupport_fastrtps_c.h\n'}
[9.347502] (lbot_arm_interfaces) StdoutLine: {'line': b'-- Symlinking: /home/dawntildusk/lbot_ws/install/lbot_arm_interfaces/include/lbot_arm_interfaces/lbot_arm_interfaces/srv/detail/forward_kinematics__rosidl_typesupport_fastrtps_c.h\n'}
[9.357760] (lbot_arm_interfaces) StdoutLine: {'line': b'-- Symlinking: /home/dawntildusk/lbot_ws/install/lbot_arm_interfaces/include/lbot_arm_interfaces/lbot_arm_interfaces/srv/detail/get_all_frames__rosidl_typesupport_fastrtps_c.h\n'}
[9.367190] (lbot_arm_interfaces) StdoutLine: {'line': b'-- Symlinking: /home/dawntildusk/lbot_ws/install/lbot_arm_interfaces/include/lbot_arm_interfaces/lbot_arm_interfaces/srv/detail/get_current_frame__rosidl_typesupport_fastrtps_c.h\n'}
[9.376519] (lbot_arm_interfaces) StdoutLine: {'line': b'-- Symlinking: /home/dawntildusk/lbot_ws/install/lbot_arm_interfaces/include/lbot_arm_interfaces/lbot_arm_interfaces/srv/detail/get_frame__rosidl_typesupport_fastrtps_c.h\n'}
[9.386641] (lbot_arm_interfaces) StdoutLine: {'line': b'-- Symlinking: /home/dawntildusk/lbot_ws/install/lbot_arm_interfaces/include/lbot_arm_interfaces/lbot_arm_interfaces/srv/detail/inverse_kinematics__rosidl_typesupport_fastrtps_c.h\n'}
[9.398066] (lbot_arm_interfaces) StdoutLine: {'line': b'-- Symlinking: /home/dawntildusk/lbot_ws/install/lbot_arm_interfaces/include/lbot_arm_interfaces/lbot_arm_interfaces/srv/detail/move_c__rosidl_typesupport_fastrtps_c.h\n'}
[9.408446] (lbot_arm_interfaces) StdoutLine: {'line': b'-- Symlinking: /home/dawntildusk/lbot_ws/install/lbot_arm_interfaces/include/lbot_arm_interfaces/lbot_arm_interfaces/srv/detail/move_j__rosidl_typesupport_fastrtps_c.h\n'}
[9.414533] (lbot_arm_interfaces) StdoutLine: {'line': b'-- Symlinking: /home/dawntildusk/lbot_ws/install/lbot_arm_interfaces/include/lbot_arm_interfaces/lbot_arm_interfaces/srv/detail/move_jp__rosidl_typesupport_fastrtps_c.h\n'}
[9.420497] (lbot_arm_interfaces) StdoutLine: {'line': b'-- Symlinking: /home/dawntildusk/lbot_ws/install/lbot_arm_interfaces/include/lbot_arm_interfaces/lbot_arm_interfaces/srv/detail/move_l__rosidl_typesupport_fastrtps_c.h\n'}
[9.424136] (-) TimerEvent: {}
[9.428346] (lbot_arm_interfaces) StdoutLine: {'line': b'-- Symlinking: /home/dawntildusk/lbot_ws/install/lbot_arm_interfaces/include/lbot_arm_interfaces/lbot_arm_interfaces/srv/detail/set_emergency__rosidl_typesupport_fastrtps_c.h\n'}
[9.439339] (lbot_arm_interfaces) StdoutLine: {'line': b'-- Symlinking: /home/dawntildusk/lbot_ws/install/lbot_arm_interfaces/include/lbot_arm_interfaces/lbot_arm_interfaces/srv/detail/set_enable__rosidl_typesupport_fastrtps_c.h\n'}
[9.448672] (lbot_arm_interfaces) StdoutLine: {'line': b'-- Symlinking: /home/dawntildusk/lbot_ws/install/lbot_arm_interfaces/include/lbot_arm_interfaces/lbot_arm_interfaces/srv/detail/set_frame__rosidl_typesupport_fastrtps_c.h\n'}
[9.460198] (lbot_arm_interfaces) StdoutLine: {'line': b'-- Symlinking: /home/dawntildusk/lbot_ws/install/lbot_arm_interfaces/include/lbot_arm_interfaces/lbot_arm_interfaces/srv/detail/set_string__rosidl_typesupport_fastrtps_c.h\n'}
[9.467433] (lbot_arm_interfaces) StdoutLine: {'line': b'-- Symlinking: /home/dawntildusk/lbot_ws/install/lbot_arm_interfaces/include/lbot_arm_interfaces/lbot_arm_interfaces/srv/detail/set_zero__rosidl_typesupport_fastrtps_c.h\n'}
[9.472527] (lbot_arm_interfaces) StdoutLine: {'line': b'-- Symlinking: /home/dawntildusk/lbot_ws/install/lbot_arm_interfaces/include/lbot_arm_interfaces/lbot_arm_interfaces/msg/arm_state.hpp\n'}
[9.477888] (lbot_arm_interfaces) StdoutLine: {'line': b'-- Symlinking: /home/dawntildusk/lbot_ws/install/lbot_arm_interfaces/include/lbot_arm_interfaces/lbot_arm_interfaces/msg/detail/arm_state__builder.hpp\n'}
[9.488786] (lbot_arm_interfaces) StdoutLine: {'line': b'-- Symlinking: /home/dawntildusk/lbot_ws/install/lbot_arm_interfaces/include/lbot_arm_interfaces/lbot_arm_interfaces/msg/detail/arm_state__struct.hpp\n'}
[9.498490] (lbot_arm_interfaces) StdoutLine: {'line': b'-- Symlinking: /home/dawntildusk/lbot_ws/install/lbot_arm_interfaces/include/lbot_arm_interfaces/lbot_arm_interfaces/msg/detail/arm_state__traits.hpp\n'}
[9.507693] (lbot_arm_interfaces) StdoutLine: {'line': b'-- Symlinking: /home/dawntildusk/lbot_ws/install/lbot_arm_interfaces/include/lbot_arm_interfaces/lbot_arm_interfaces/msg/detail/arm_state__type_support.hpp\n'}
[9.516942] (lbot_arm_interfaces) StdoutLine: {'line': b'-- Symlinking: /home/dawntildusk/lbot_ws/install/lbot_arm_interfaces/include/lbot_arm_interfaces/lbot_arm_interfaces/msg/detail/follow_joint__builder.hpp\n'}
[9.524299] (-) TimerEvent: {}
[9.525425] (lbot_arm_interfaces) StdoutLine: {'line': b'-- Symlinking: /home/dawntildusk/lbot_ws/install/lbot_arm_interfaces/include/lbot_arm_interfaces/lbot_arm_interfaces/msg/detail/follow_joint__struct.hpp\n'}
[9.535296] (lbot_arm_interfaces) StdoutLine: {'line': b'-- Symlinking: /home/dawntildusk/lbot_ws/install/lbot_arm_interfaces/include/lbot_arm_interfaces/lbot_arm_interfaces/msg/detail/follow_joint__traits.hpp\n'}
[9.546087] (lbot_arm_interfaces) StdoutLine: {'line': b'-- Symlinking: /home/dawntildusk/lbot_ws/install/lbot_arm_interfaces/include/lbot_arm_interfaces/lbot_arm_interfaces/msg/detail/follow_joint__type_support.hpp\n'}
[9.557738] (lbot_arm_interfaces) StdoutLine: {'line': b'-- Symlinking: /home/dawntildusk/lbot_ws/install/lbot_arm_interfaces/include/lbot_arm_interfaces/lbot_arm_interfaces/msg/detail/lbot_frame__builder.hpp\n'}
[9.567284] (lbot_arm_interfaces) StdoutLine: {'line': b'-- Symlinking: /home/dawntildusk/lbot_ws/install/lbot_arm_interfaces/include/lbot_arm_interfaces/lbot_arm_interfaces/msg/detail/lbot_frame__struct.hpp\n'}
[9.576702] (lbot_arm_interfaces) StdoutLine: {'line': b'-- Symlinking: /home/dawntildusk/lbot_ws/install/lbot_arm_interfaces/include/lbot_arm_interfaces/lbot_arm_interfaces/msg/detail/lbot_frame__traits.hpp\n'}
[9.586997] (lbot_arm_interfaces) StdoutLine: {'line': b'-- Symlinking: /home/dawntildusk/lbot_ws/install/lbot_arm_interfaces/include/lbot_arm_interfaces/lbot_arm_interfaces/msg/detail/lbot_frame__type_support.hpp\n'}
[9.597633] (lbot_arm_interfaces) StdoutLine: {'line': b'-- Symlinking: /home/dawntildusk/lbot_ws/install/lbot_arm_interfaces/include/lbot_arm_interfaces/lbot_arm_interfaces/msg/detail/lbot_pose__builder.hpp\n'}
[9.606963] (lbot_arm_interfaces) StdoutLine: {'line': b'-- Symlinking: /home/dawntildusk/lbot_ws/install/lbot_arm_interfaces/include/lbot_arm_interfaces/lbot_arm_interfaces/msg/detail/lbot_pose__struct.hpp\n'}
[9.613728] (lbot_arm_interfaces) StdoutLine: {'line': b'-- Symlinking: /home/dawntildusk/lbot_ws/install/lbot_arm_interfaces/include/lbot_arm_interfaces/lbot_arm_interfaces/msg/detail/lbot_pose__traits.hpp\n'}
[9.618610] (lbot_arm_interfaces) StdoutLine: {'line': b'-- Symlinking: /home/dawntildusk/lbot_ws/install/lbot_arm_interfaces/include/lbot_arm_interfaces/lbot_arm_interfaces/msg/detail/lbot_pose__type_support.hpp\n'}
[9.623715] (lbot_arm_interfaces) StdoutLine: {'line': b'-- Symlinking: /home/dawntildusk/lbot_ws/install/lbot_arm_interfaces/include/lbot_arm_interfaces/lbot_arm_interfaces/msg/follow_joint.hpp\n'}
[9.624382] (-) TimerEvent: {}
[9.630270] (lbot_arm_interfaces) StdoutLine: {'line': b'-- Symlinking: /home/dawntildusk/lbot_ws/install/lbot_arm_interfaces/include/lbot_arm_interfaces/lbot_arm_interfaces/msg/lbot_frame.hpp\n'}
[9.635616] (lbot_arm_interfaces) StdoutLine: {'line': b'-- Symlinking: /home/dawntildusk/lbot_ws/install/lbot_arm_interfaces/include/lbot_arm_interfaces/lbot_arm_interfaces/msg/lbot_pose.hpp\n'}
[9.640757] (lbot_arm_interfaces) StdoutLine: {'line': b'-- Symlinking: /home/dawntildusk/lbot_ws/install/lbot_arm_interfaces/include/lbot_arm_interfaces/lbot_arm_interfaces/msg/rosidl_generator_cpp__visibility_control.hpp\n'}
[9.646985] (lbot_arm_interfaces) StdoutLine: {'line': b'-- Symlinking: /home/dawntildusk/lbot_ws/install/lbot_arm_interfaces/include/lbot_arm_interfaces/lbot_arm_interfaces/srv/change_frame.hpp\n'}
[9.653608] (lbot_arm_interfaces) StdoutLine: {'line': b'-- Symlinking: /home/dawntildusk/lbot_ws/install/lbot_arm_interfaces/include/lbot_arm_interfaces/lbot_arm_interfaces/srv/delete_frame.hpp\n'}
[9.657526] (lbot_arm_interfaces) StdoutLine: {'line': b'-- Symlinking: /home/dawntildusk/lbot_ws/install/lbot_arm_interfaces/include/lbot_arm_interfaces/lbot_arm_interfaces/srv/detail/change_frame__builder.hpp\n'}
[9.662292] (lbot_arm_interfaces) StdoutLine: {'line': b'-- Symlinking: /home/dawntildusk/lbot_ws/install/lbot_arm_interfaces/include/lbot_arm_interfaces/lbot_arm_interfaces/srv/detail/change_frame__struct.hpp\n'}
[9.668667] (lbot_arm_interfaces) StdoutLine: {'line': b'-- Symlinking: /home/dawntildusk/lbot_ws/install/lbot_arm_interfaces/include/lbot_arm_interfaces/lbot_arm_interfaces/srv/detail/change_frame__traits.hpp\n'}
[9.672624] (lbot_arm_interfaces) StdoutLine: {'line': b'-- Symlinking: /home/dawntildusk/lbot_ws/install/lbot_arm_interfaces/include/lbot_arm_interfaces/lbot_arm_interfaces/srv/detail/change_frame__type_support.hpp\n'}
[9.678227] (lbot_arm_interfaces) StdoutLine: {'line': b'-- Symlinking: /home/dawntildusk/lbot_ws/install/lbot_arm_interfaces/include/lbot_arm_interfaces/lbot_arm_interfaces/srv/detail/delete_frame__builder.hpp\n'}
[9.684647] (lbot_arm_interfaces) StdoutLine: {'line': b'-- Symlinking: /home/dawntildusk/lbot_ws/install/lbot_arm_interfaces/include/lbot_arm_interfaces/lbot_arm_interfaces/srv/detail/delete_frame__struct.hpp\n'}
[9.689554] (lbot_arm_interfaces) StdoutLine: {'line': b'-- Symlinking: /home/dawntildusk/lbot_ws/install/lbot_arm_interfaces/include/lbot_arm_interfaces/lbot_arm_interfaces/srv/detail/delete_frame__traits.hpp\n'}
[9.696251] (lbot_arm_interfaces) StdoutLine: {'line': b'-- Symlinking: /home/dawntildusk/lbot_ws/install/lbot_arm_interfaces/include/lbot_arm_interfaces/lbot_arm_interfaces/srv/detail/delete_frame__type_support.hpp\n'}
[9.702893] (lbot_arm_interfaces) StdoutLine: {'line': b'-- Symlinking: /home/dawntildusk/lbot_ws/install/lbot_arm_interfaces/include/lbot_arm_interfaces/lbot_arm_interfaces/srv/detail/forward_kinematics__builder.hpp\n'}
[9.707397] (lbot_arm_interfaces) StdoutLine: {'line': b'-- Symlinking: /home/dawntildusk/lbot_ws/install/lbot_arm_interfaces/include/lbot_arm_interfaces/lbot_arm_interfaces/srv/detail/forward_kinematics__struct.hpp\n'}
[9.713277] (lbot_arm_interfaces) StdoutLine: {'line': b'-- Symlinking: /home/dawntildusk/lbot_ws/install/lbot_arm_interfaces/include/lbot_arm_interfaces/lbot_arm_interfaces/srv/detail/forward_kinematics__traits.hpp\n'}
[9.718921] (lbot_arm_interfaces) StdoutLine: {'line': b'-- Symlinking: /home/dawntildusk/lbot_ws/install/lbot_arm_interfaces/include/lbot_arm_interfaces/lbot_arm_interfaces/srv/detail/forward_kinematics__type_support.hpp\n'}
[9.724476] (-) TimerEvent: {}
[9.725625] (lbot_arm_interfaces) StdoutLine: {'line': b'-- Symlinking: /home/dawntildusk/lbot_ws/install/lbot_arm_interfaces/include/lbot_arm_interfaces/lbot_arm_interfaces/srv/detail/get_all_frames__builder.hpp\n'}
[9.729790] (lbot_arm_interfaces) StdoutLine: {'line': b'-- Symlinking: /home/dawntildusk/lbot_ws/install/lbot_arm_interfaces/include/lbot_arm_interfaces/lbot_arm_interfaces/srv/detail/get_all_frames__struct.hpp\n'}
[9.736058] (lbot_arm_interfaces) StdoutLine: {'line': b'-- Symlinking: /home/dawntildusk/lbot_ws/install/lbot_arm_interfaces/include/lbot_arm_interfaces/lbot_arm_interfaces/srv/detail/get_all_frames__traits.hpp\n'}
[9.741171] (lbot_arm_interfaces) StdoutLine: {'line': b'-- Symlinking: /home/dawntildusk/lbot_ws/install/lbot_arm_interfaces/include/lbot_arm_interfaces/lbot_arm_interfaces/srv/detail/get_all_frames__type_support.hpp\n'}
[9.746325] (lbot_arm_interfaces) StdoutLine: {'line': b'-- Symlinking: /home/dawntildusk/lbot_ws/install/lbot_arm_interfaces/include/lbot_arm_interfaces/lbot_arm_interfaces/srv/detail/get_current_frame__builder.hpp\n'}
[9.751300] (lbot_arm_interfaces) StdoutLine: {'line': b'-- Symlinking: /home/dawntildusk/lbot_ws/install/lbot_arm_interfaces/include/lbot_arm_interfaces/lbot_arm_interfaces/srv/detail/get_current_frame__struct.hpp\n'}
[9.757428] (lbot_arm_interfaces) StdoutLine: {'line': b'-- Symlinking: /home/dawntildusk/lbot_ws/install/lbot_arm_interfaces/include/lbot_arm_interfaces/lbot_arm_interfaces/srv/detail/get_current_frame__traits.hpp\n'}
[9.765519] (lbot_arm_interfaces) StdoutLine: {'line': b'-- Symlinking: /home/dawntildusk/lbot_ws/install/lbot_arm_interfaces/include/lbot_arm_interfaces/lbot_arm_interfaces/srv/detail/get_current_frame__type_support.hpp\n'}
[9.775167] (lbot_arm_interfaces) StdoutLine: {'line': b'-- Symlinking: /home/dawntildusk/lbot_ws/install/lbot_arm_interfaces/include/lbot_arm_interfaces/lbot_arm_interfaces/srv/detail/get_frame__builder.hpp\n'}
[9.784547] (lbot_arm_interfaces) StdoutLine: {'line': b'-- Symlinking: /home/dawntildusk/lbot_ws/install/lbot_arm_interfaces/include/lbot_arm_interfaces/lbot_arm_interfaces/srv/detail/get_frame__struct.hpp\n'}
[9.793065] (lbot_arm_interfaces) StdoutLine: {'line': b'-- Symlinking: /home/dawntildusk/lbot_ws/install/lbot_arm_interfaces/include/lbot_arm_interfaces/lbot_arm_interfaces/srv/detail/get_frame__traits.hpp\n'}
[9.801613] (lbot_arm_interfaces) StdoutLine: {'line': b'-- Symlinking: /home/dawntildusk/lbot_ws/install/lbot_arm_interfaces/include/lbot_arm_interfaces/lbot_arm_interfaces/srv/detail/get_frame__type_support.hpp\n'}
[9.810121] (lbot_arm_interfaces) StdoutLine: {'line': b'-- Symlinking: /home/dawntildusk/lbot_ws/install/lbot_arm_interfaces/include/lbot_arm_interfaces/lbot_arm_interfaces/srv/detail/inverse_kinematics__builder.hpp\n'}
[9.821001] (lbot_arm_interfaces) StdoutLine: {'line': b'-- Symlinking: /home/dawntildusk/lbot_ws/install/lbot_arm_interfaces/include/lbot_arm_interfaces/lbot_arm_interfaces/srv/detail/inverse_kinematics__struct.hpp\n'}
[9.824601] (-) TimerEvent: {}
[9.828908] (lbot_arm_interfaces) StdoutLine: {'line': b'-- Symlinking: /home/dawntildusk/lbot_ws/install/lbot_arm_interfaces/include/lbot_arm_interfaces/lbot_arm_interfaces/srv/detail/inverse_kinematics__traits.hpp\n'}
[9.838633] (lbot_arm_interfaces) StdoutLine: {'line': b'-- Symlinking: /home/dawntildusk/lbot_ws/install/lbot_arm_interfaces/include/lbot_arm_interfaces/lbot_arm_interfaces/srv/detail/inverse_kinematics__type_support.hpp\n'}
[9.845861] (lbot_arm_interfaces) StdoutLine: {'line': b'-- Symlinking: /home/dawntildusk/lbot_ws/install/lbot_arm_interfaces/include/lbot_arm_interfaces/lbot_arm_interfaces/srv/detail/move_c__builder.hpp\n'}
[9.855532] (lbot_arm_interfaces) StdoutLine: {'line': b'-- Symlinking: /home/dawntildusk/lbot_ws/install/lbot_arm_interfaces/include/lbot_arm_interfaces/lbot_arm_interfaces/srv/detail/move_c__struct.hpp\n'}
[9.865148] (lbot_arm_interfaces) StdoutLine: {'line': b'-- Symlinking: /home/dawntildusk/lbot_ws/install/lbot_arm_interfaces/include/lbot_arm_interfaces/lbot_arm_interfaces/srv/detail/move_c__traits.hpp\n'}
[9.874935] (lbot_arm_interfaces) StdoutLine: {'line': b'-- Symlinking: /home/dawntildusk/lbot_ws/install/lbot_arm_interfaces/include/lbot_arm_interfaces/lbot_arm_interfaces/srv/detail/move_c__type_support.hpp\n'}
[9.885321] (lbot_arm_interfaces) StdoutLine: {'line': b'-- Symlinking: /home/dawntildusk/lbot_ws/install/lbot_arm_interfaces/include/lbot_arm_interfaces/lbot_arm_interfaces/srv/detail/move_j__builder.hpp\n'}
[9.893565] (lbot_arm_interfaces) StdoutLine: {'line': b'-- Symlinking: /home/dawntildusk/lbot_ws/install/lbot_arm_interfaces/include/lbot_arm_interfaces/lbot_arm_interfaces/srv/detail/move_j__struct.hpp\n'}
[9.900139] (lbot_arm_interfaces) StdoutLine: {'line': b'-- Symlinking: /home/dawntildusk/lbot_ws/install/lbot_arm_interfaces/include/lbot_arm_interfaces/lbot_arm_interfaces/srv/detail/move_j__traits.hpp\n'}
[9.904750] (lbot_arm_interfaces) StdoutLine: {'line': b'-- Symlinking: /home/dawntildusk/lbot_ws/install/lbot_arm_interfaces/include/lbot_arm_interfaces/lbot_arm_interfaces/srv/detail/move_j__type_support.hpp\n'}
[9.909305] (lbot_arm_interfaces) StdoutLine: {'line': b'-- Symlinking: /home/dawntildusk/lbot_ws/install/lbot_arm_interfaces/include/lbot_arm_interfaces/lbot_arm_interfaces/srv/detail/move_jp__builder.hpp\n'}
[9.914158] (lbot_arm_interfaces) StdoutLine: {'line': b'-- Symlinking: /home/dawntildusk/lbot_ws/install/lbot_arm_interfaces/include/lbot_arm_interfaces/lbot_arm_interfaces/srv/detail/move_jp__struct.hpp\n'}
[9.919075] (lbot_arm_interfaces) StdoutLine: {'line': b'-- Symlinking: /home/dawntildusk/lbot_ws/install/lbot_arm_interfaces/include/lbot_arm_interfaces/lbot_arm_interfaces/srv/detail/move_jp__traits.hpp\n'}
[9.924713] (-) TimerEvent: {}
[9.926507] (lbot_arm_interfaces) StdoutLine: {'line': b'-- Symlinking: /home/dawntildusk/lbot_ws/install/lbot_arm_interfaces/include/lbot_arm_interfaces/lbot_arm_interfaces/srv/detail/move_jp__type_support.hpp\n'}
[9.936166] (lbot_arm_interfaces) StdoutLine: {'line': b'-- Symlinking: /home/dawntildusk/lbot_ws/install/lbot_arm_interfaces/include/lbot_arm_interfaces/lbot_arm_interfaces/srv/detail/move_l__builder.hpp\n'}
[9.946534] (lbot_arm_interfaces) StdoutLine: {'line': b'-- Symlinking: /home/dawntildusk/lbot_ws/install/lbot_arm_interfaces/include/lbot_arm_interfaces/lbot_arm_interfaces/srv/detail/move_l__struct.hpp\n'}
[9.956631] (lbot_arm_interfaces) StdoutLine: {'line': b'-- Symlinking: /home/dawntildusk/lbot_ws/install/lbot_arm_interfaces/include/lbot_arm_interfaces/lbot_arm_interfaces/srv/detail/move_l__traits.hpp\n'}
[9.964336] (lbot_arm_interfaces) StdoutLine: {'line': b'-- Symlinking: /home/dawntildusk/lbot_ws/install/lbot_arm_interfaces/include/lbot_arm_interfaces/lbot_arm_interfaces/srv/detail/move_l__type_support.hpp\n'}
[9.973302] (lbot_arm_interfaces) StdoutLine: {'line': b'-- Symlinking: /home/dawntildusk/lbot_ws/install/lbot_arm_interfaces/include/lbot_arm_interfaces/lbot_arm_interfaces/srv/detail/set_emergency__builder.hpp\n'}
[9.981809] (lbot_arm_interfaces) StdoutLine: {'line': b'-- Symlinking: /home/dawntildusk/lbot_ws/install/lbot_arm_interfaces/include/lbot_arm_interfaces/lbot_arm_interfaces/srv/detail/set_emergency__struct.hpp\n'}
[9.990597] (lbot_arm_interfaces) StdoutLine: {'line': b'-- Symlinking: /home/dawntildusk/lbot_ws/install/lbot_arm_interfaces/include/lbot_arm_interfaces/lbot_arm_interfaces/srv/detail/set_emergency__traits.hpp\n'}
[10.001823] (lbot_arm_interfaces) StdoutLine: {'line': b'-- Symlinking: /home/dawntildusk/lbot_ws/install/lbot_arm_interfaces/include/lbot_arm_interfaces/lbot_arm_interfaces/srv/detail/set_emergency__type_support.hpp\n'}
[10.010346] (lbot_arm_interfaces) StdoutLine: {'line': b'-- Symlinking: /home/dawntildusk/lbot_ws/install/lbot_arm_interfaces/include/lbot_arm_interfaces/lbot_arm_interfaces/srv/detail/set_enable__builder.hpp\n'}
[10.019778] (lbot_arm_interfaces) StdoutLine: {'line': b'-- Symlinking: /home/dawntildusk/lbot_ws/install/lbot_arm_interfaces/include/lbot_arm_interfaces/lbot_arm_interfaces/srv/detail/set_enable__struct.hpp\n'}
[10.024832] (-) TimerEvent: {}
[10.027714] (lbot_arm_interfaces) StdoutLine: {'line': b'-- Symlinking: /home/dawntildusk/lbot_ws/install/lbot_arm_interfaces/include/lbot_arm_interfaces/lbot_arm_interfaces/srv/detail/set_enable__traits.hpp\n'}
[10.036911] (lbot_arm_interfaces) StdoutLine: {'line': b'-- Symlinking: /home/dawntildusk/lbot_ws/install/lbot_arm_interfaces/include/lbot_arm_interfaces/lbot_arm_interfaces/srv/detail/set_enable__type_support.hpp\n'}
[10.046428] (lbot_arm_interfaces) StdoutLine: {'line': b'-- Symlinking: /home/dawntildusk/lbot_ws/install/lbot_arm_interfaces/include/lbot_arm_interfaces/lbot_arm_interfaces/srv/detail/set_frame__builder.hpp\n'}
[10.055978] (lbot_arm_interfaces) StdoutLine: {'line': b'-- Symlinking: /home/dawntildusk/lbot_ws/install/lbot_arm_interfaces/include/lbot_arm_interfaces/lbot_arm_interfaces/srv/detail/set_frame__struct.hpp\n'}
[10.066952] (lbot_arm_interfaces) StdoutLine: {'line': b'-- Symlinking: /home/dawntildusk/lbot_ws/install/lbot_arm_interfaces/include/lbot_arm_interfaces/lbot_arm_interfaces/srv/detail/set_frame__traits.hpp\n'}
[10.076396] (lbot_arm_interfaces) StdoutLine: {'line': b'-- Symlinking: /home/dawntildusk/lbot_ws/install/lbot_arm_interfaces/include/lbot_arm_interfaces/lbot_arm_interfaces/srv/detail/set_frame__type_support.hpp\n'}
[10.083382] (lbot_arm_interfaces) StdoutLine: {'line': b'-- Symlinking: /home/dawntildusk/lbot_ws/install/lbot_arm_interfaces/include/lbot_arm_interfaces/lbot_arm_interfaces/srv/detail/set_string__builder.hpp\n'}
[10.089082] (lbot_arm_interfaces) StdoutLine: {'line': b'-- Symlinking: /home/dawntildusk/lbot_ws/install/lbot_arm_interfaces/include/lbot_arm_interfaces/lbot_arm_interfaces/srv/detail/set_string__struct.hpp\n'}
[10.093979] (lbot_arm_interfaces) StdoutLine: {'line': b'-- Symlinking: /home/dawntildusk/lbot_ws/install/lbot_arm_interfaces/include/lbot_arm_interfaces/lbot_arm_interfaces/srv/detail/set_string__traits.hpp\n'}
[10.099855] (lbot_arm_interfaces) StdoutLine: {'line': b'-- Symlinking: /home/dawntildusk/lbot_ws/install/lbot_arm_interfaces/include/lbot_arm_interfaces/lbot_arm_interfaces/srv/detail/set_string__type_support.hpp\n'}
[10.106431] (lbot_arm_interfaces) StdoutLine: {'line': b'-- Symlinking: /home/dawntildusk/lbot_ws/install/lbot_arm_interfaces/include/lbot_arm_interfaces/lbot_arm_interfaces/srv/detail/set_zero__builder.hpp\n'}
[10.113841] (lbot_arm_interfaces) StdoutLine: {'line': b'-- Symlinking: /home/dawntildusk/lbot_ws/install/lbot_arm_interfaces/include/lbot_arm_interfaces/lbot_arm_interfaces/srv/detail/set_zero__struct.hpp\n'}
[10.120355] (lbot_arm_interfaces) StdoutLine: {'line': b'-- Symlinking: /home/dawntildusk/lbot_ws/install/lbot_arm_interfaces/include/lbot_arm_interfaces/lbot_arm_interfaces/srv/detail/set_zero__traits.hpp\n'}
[10.125025] (-) TimerEvent: {}
[10.128917] (lbot_arm_interfaces) StdoutLine: {'line': b'-- Symlinking: /home/dawntildusk/lbot_ws/install/lbot_arm_interfaces/include/lbot_arm_interfaces/lbot_arm_interfaces/srv/detail/set_zero__type_support.hpp\n'}
[10.138234] (lbot_arm_interfaces) StdoutLine: {'line': b'-- Symlinking: /home/dawntildusk/lbot_ws/install/lbot_arm_interfaces/include/lbot_arm_interfaces/lbot_arm_interfaces/srv/forward_kinematics.hpp\n'}
[10.146763] (lbot_arm_interfaces) StdoutLine: {'line': b'-- Symlinking: /home/dawntildusk/lbot_ws/install/lbot_arm_interfaces/include/lbot_arm_interfaces/lbot_arm_interfaces/srv/get_all_frames.hpp\n'}
[10.157257] (lbot_arm_interfaces) StdoutLine: {'line': b'-- Symlinking: /home/dawntildusk/lbot_ws/install/lbot_arm_interfaces/include/lbot_arm_interfaces/lbot_arm_interfaces/srv/get_current_frame.hpp\n'}
[10.166979] (lbot_arm_interfaces) StdoutLine: {'line': b'-- Symlinking: /home/dawntildusk/lbot_ws/install/lbot_arm_interfaces/include/lbot_arm_interfaces/lbot_arm_interfaces/srv/get_frame.hpp\n'}
[10.179950] (lbot_arm_interfaces) StdoutLine: {'line': b'-- Symlinking: /home/dawntildusk/lbot_ws/install/lbot_arm_interfaces/include/lbot_arm_interfaces/lbot_arm_interfaces/srv/inverse_kinematics.hpp\n'}
[10.190055] (lbot_arm_interfaces) StdoutLine: {'line': b'-- Symlinking: /home/dawntildusk/lbot_ws/install/lbot_arm_interfaces/include/lbot_arm_interfaces/lbot_arm_interfaces/srv/move_c.hpp\n'}
[10.200897] (lbot_arm_interfaces) StdoutLine: {'line': b'-- Symlinking: /home/dawntildusk/lbot_ws/install/lbot_arm_interfaces/include/lbot_arm_interfaces/lbot_arm_interfaces/srv/move_j.hpp\n'}
[10.211694] (lbot_arm_interfaces) StdoutLine: {'line': b'-- Symlinking: /home/dawntildusk/lbot_ws/install/lbot_arm_interfaces/include/lbot_arm_interfaces/lbot_arm_interfaces/srv/move_jp.hpp\n'}
[10.221660] (lbot_arm_interfaces) StdoutLine: {'line': b'-- Symlinking: /home/dawntildusk/lbot_ws/install/lbot_arm_interfaces/include/lbot_arm_interfaces/lbot_arm_interfaces/srv/move_l.hpp\n'}
[10.225105] (-) TimerEvent: {}
[10.231350] (lbot_arm_interfaces) StdoutLine: {'line': b'-- Symlinking: /home/dawntildusk/lbot_ws/install/lbot_arm_interfaces/include/lbot_arm_interfaces/lbot_arm_interfaces/srv/set_emergency.hpp\n'}
[10.236113] (lbot_arm_interfaces) StdoutLine: {'line': b'-- Symlinking: /home/dawntildusk/lbot_ws/install/lbot_arm_interfaces/include/lbot_arm_interfaces/lbot_arm_interfaces/srv/set_enable.hpp\n'}
[10.243398] (lbot_arm_interfaces) StdoutLine: {'line': b'-- Symlinking: /home/dawntildusk/lbot_ws/install/lbot_arm_interfaces/include/lbot_arm_interfaces/lbot_arm_interfaces/srv/set_frame.hpp\n'}
[10.248949] (lbot_arm_interfaces) StdoutLine: {'line': b'-- Symlinking: /home/dawntildusk/lbot_ws/install/lbot_arm_interfaces/include/lbot_arm_interfaces/lbot_arm_interfaces/srv/set_string.hpp\n'}
[10.255953] (lbot_arm_interfaces) StdoutLine: {'line': b'-- Symlinking: /home/dawntildusk/lbot_ws/install/lbot_arm_interfaces/include/lbot_arm_interfaces/lbot_arm_interfaces/srv/set_zero.hpp\n'}
[10.263194] (lbot_arm_interfaces) StdoutLine: {'line': b'-- Symlinking: /home/dawntildusk/lbot_ws/install/lbot_arm_interfaces/include/lbot_arm_interfaces/lbot_arm_interfaces/msg/detail/arm_state__rosidl_typesupport_fastrtps_cpp.hpp\n'}
[10.268792] (lbot_arm_interfaces) StdoutLine: {'line': b'-- Symlinking: /home/dawntildusk/lbot_ws/install/lbot_arm_interfaces/include/lbot_arm_interfaces/lbot_arm_interfaces/msg/detail/follow_joint__rosidl_typesupport_fastrtps_cpp.hpp\n'}
[10.273563] (lbot_arm_interfaces) StdoutLine: {'line': b'-- Symlinking: /home/dawntildusk/lbot_ws/install/lbot_arm_interfaces/include/lbot_arm_interfaces/lbot_arm_interfaces/msg/detail/lbot_frame__rosidl_typesupport_fastrtps_cpp.hpp\n'}
[10.280261] (lbot_arm_interfaces) StdoutLine: {'line': b'-- Symlinking: /home/dawntildusk/lbot_ws/install/lbot_arm_interfaces/include/lbot_arm_interfaces/lbot_arm_interfaces/msg/detail/lbot_pose__rosidl_typesupport_fastrtps_cpp.hpp\n'}
[10.286563] (lbot_arm_interfaces) StdoutLine: {'line': b'-- Symlinking: /home/dawntildusk/lbot_ws/install/lbot_arm_interfaces/include/lbot_arm_interfaces/lbot_arm_interfaces/msg/rosidl_typesupport_fastrtps_cpp__visibility_control.h\n'}
[10.292201] (lbot_arm_interfaces) StdoutLine: {'line': b'-- Symlinking: /home/dawntildusk/lbot_ws/install/lbot_arm_interfaces/include/lbot_arm_interfaces/lbot_arm_interfaces/srv/detail/change_frame__rosidl_typesupport_fastrtps_cpp.hpp\n'}
[10.297084] (lbot_arm_interfaces) StdoutLine: {'line': b'-- Symlinking: /home/dawntildusk/lbot_ws/install/lbot_arm_interfaces/include/lbot_arm_interfaces/lbot_arm_interfaces/srv/detail/delete_frame__rosidl_typesupport_fastrtps_cpp.hpp\n'}
[10.302094] (lbot_arm_interfaces) StdoutLine: {'line': b'-- Symlinking: /home/dawntildusk/lbot_ws/install/lbot_arm_interfaces/include/lbot_arm_interfaces/lbot_arm_interfaces/srv/detail/forward_kinematics__rosidl_typesupport_fastrtps_cpp.hpp\n'}
[10.308823] (lbot_arm_interfaces) StdoutLine: {'line': b'-- Symlinking: /home/dawntildusk/lbot_ws/install/lbot_arm_interfaces/include/lbot_arm_interfaces/lbot_arm_interfaces/srv/detail/get_all_frames__rosidl_typesupport_fastrtps_cpp.hpp\n'}
[10.314969] (lbot_arm_interfaces) StdoutLine: {'line': b'-- Symlinking: /home/dawntildusk/lbot_ws/install/lbot_arm_interfaces/include/lbot_arm_interfaces/lbot_arm_interfaces/srv/detail/get_current_frame__rosidl_typesupport_fastrtps_cpp.hpp\n'}
[10.319406] (lbot_arm_interfaces) StdoutLine: {'line': b'-- Symlinking: /home/dawntildusk/lbot_ws/install/lbot_arm_interfaces/include/lbot_arm_interfaces/lbot_arm_interfaces/srv/detail/get_frame__rosidl_typesupport_fastrtps_cpp.hpp\n'}
[10.323619] (lbot_arm_interfaces) StdoutLine: {'line': b'-- Symlinking: /home/dawntildusk/lbot_ws/install/lbot_arm_interfaces/include/lbot_arm_interfaces/lbot_arm_interfaces/srv/detail/inverse_kinematics__rosidl_typesupport_fastrtps_cpp.hpp\n'}
[10.325166] (-) TimerEvent: {}
[10.327892] (lbot_arm_interfaces) StdoutLine: {'line': b'-- Symlinking: /home/dawntildusk/lbot_ws/install/lbot_arm_interfaces/include/lbot_arm_interfaces/lbot_arm_interfaces/srv/detail/move_c__rosidl_typesupport_fastrtps_cpp.hpp\n'}
[10.333592] (lbot_arm_interfaces) StdoutLine: {'line': b'-- Symlinking: /home/dawntildusk/lbot_ws/install/lbot_arm_interfaces/include/lbot_arm_interfaces/lbot_arm_interfaces/srv/detail/move_j__rosidl_typesupport_fastrtps_cpp.hpp\n'}
[10.340180] (lbot_arm_interfaces) StdoutLine: {'line': b'-- Symlinking: /home/dawntildusk/lbot_ws/install/lbot_arm_interfaces/include/lbot_arm_interfaces/lbot_arm_interfaces/srv/detail/move_jp__rosidl_typesupport_fastrtps_cpp.hpp\n'}
[10.346415] (lbot_arm_interfaces) StdoutLine: {'line': b'-- Symlinking: /home/dawntildusk/lbot_ws/install/lbot_arm_interfaces/include/lbot_arm_interfaces/lbot_arm_interfaces/srv/detail/move_l__rosidl_typesupport_fastrtps_cpp.hpp\n'}
[10.351770] (lbot_arm_interfaces) StdoutLine: {'line': b'-- Symlinking: /home/dawntildusk/lbot_ws/install/lbot_arm_interfaces/include/lbot_arm_interfaces/lbot_arm_interfaces/srv/detail/set_emergency__rosidl_typesupport_fastrtps_cpp.hpp\n'}
[10.357059] (lbot_arm_interfaces) StdoutLine: {'line': b'-- Symlinking: /home/dawntildusk/lbot_ws/install/lbot_arm_interfaces/include/lbot_arm_interfaces/lbot_arm_interfaces/srv/detail/set_enable__rosidl_typesupport_fastrtps_cpp.hpp\n'}
[10.363280] (lbot_arm_interfaces) StdoutLine: {'line': b'-- Symlinking: /home/dawntildusk/lbot_ws/install/lbot_arm_interfaces/include/lbot_arm_interfaces/lbot_arm_interfaces/srv/detail/set_frame__rosidl_typesupport_fastrtps_cpp.hpp\n'}
[10.367636] (lbot_arm_interfaces) StdoutLine: {'line': b'-- Symlinking: /home/dawntildusk/lbot_ws/install/lbot_arm_interfaces/include/lbot_arm_interfaces/lbot_arm_interfaces/srv/detail/set_string__rosidl_typesupport_fastrtps_cpp.hpp\n'}
[10.371937] (lbot_arm_interfaces) StdoutLine: {'line': b'-- Symlinking: /home/dawntildusk/lbot_ws/install/lbot_arm_interfaces/include/lbot_arm_interfaces/lbot_arm_interfaces/srv/detail/set_zero__rosidl_typesupport_fastrtps_cpp.hpp\n'}
[10.377931] (lbot_arm_interfaces) StdoutLine: {'line': b'-- Symlinking: /home/dawntildusk/lbot_ws/install/lbot_arm_interfaces/include/lbot_arm_interfaces/lbot_arm_interfaces/msg/detail/arm_state__rosidl_typesupport_introspection_c.h\n'}
[10.387109] (lbot_arm_interfaces) StdoutLine: {'line': b'-- Symlinking: /home/dawntildusk/lbot_ws/install/lbot_arm_interfaces/include/lbot_arm_interfaces/lbot_arm_interfaces/msg/detail/follow_joint__rosidl_typesupport_introspection_c.h\n'}
[10.391512] (lbot_arm_interfaces) StdoutLine: {'line': b'-- Symlinking: /home/dawntildusk/lbot_ws/install/lbot_arm_interfaces/include/lbot_arm_interfaces/lbot_arm_interfaces/msg/detail/lbot_frame__rosidl_typesupport_introspection_c.h\n'}
[10.396706] (lbot_arm_interfaces) StdoutLine: {'line': b'-- Symlinking: /home/dawntildusk/lbot_ws/install/lbot_arm_interfaces/include/lbot_arm_interfaces/lbot_arm_interfaces/msg/detail/lbot_pose__rosidl_typesupport_introspection_c.h\n'}
[10.404772] (lbot_arm_interfaces) StdoutLine: {'line': b'-- Symlinking: /home/dawntildusk/lbot_ws/install/lbot_arm_interfaces/include/lbot_arm_interfaces/lbot_arm_interfaces/msg/rosidl_typesupport_introspection_c__visibility_control.h\n'}
[10.411190] (lbot_arm_interfaces) StdoutLine: {'line': b'-- Symlinking: /home/dawntildusk/lbot_ws/install/lbot_arm_interfaces/include/lbot_arm_interfaces/lbot_arm_interfaces/srv/detail/change_frame__rosidl_typesupport_introspection_c.h\n'}
[10.415695] (lbot_arm_interfaces) StdoutLine: {'line': b'-- Symlinking: /home/dawntildusk/lbot_ws/install/lbot_arm_interfaces/include/lbot_arm_interfaces/lbot_arm_interfaces/srv/detail/delete_frame__rosidl_typesupport_introspection_c.h\n'}
[10.422306] (lbot_arm_interfaces) StdoutLine: {'line': b'-- Symlinking: /home/dawntildusk/lbot_ws/install/lbot_arm_interfaces/include/lbot_arm_interfaces/lbot_arm_interfaces/srv/detail/forward_kinematics__rosidl_typesupport_introspection_c.h\n'}
[10.425232] (-) TimerEvent: {}
[10.427790] (lbot_arm_interfaces) StdoutLine: {'line': b'-- Symlinking: /home/dawntildusk/lbot_ws/install/lbot_arm_interfaces/include/lbot_arm_interfaces/lbot_arm_interfaces/srv/detail/get_all_frames__rosidl_typesupport_introspection_c.h\n'}
[10.431974] (lbot_arm_interfaces) StdoutLine: {'line': b'-- Symlinking: /home/dawntildusk/lbot_ws/install/lbot_arm_interfaces/include/lbot_arm_interfaces/lbot_arm_interfaces/srv/detail/get_current_frame__rosidl_typesupport_introspection_c.h\n'}
[10.437304] (lbot_arm_interfaces) StdoutLine: {'line': b'-- Symlinking: /home/dawntildusk/lbot_ws/install/lbot_arm_interfaces/include/lbot_arm_interfaces/lbot_arm_interfaces/srv/detail/get_frame__rosidl_typesupport_introspection_c.h\n'}
[10.442645] (lbot_arm_interfaces) StdoutLine: {'line': b'-- Symlinking: /home/dawntildusk/lbot_ws/install/lbot_arm_interfaces/include/lbot_arm_interfaces/lbot_arm_interfaces/srv/detail/inverse_kinematics__rosidl_typesupport_introspection_c.h\n'}
[10.448140] (lbot_arm_interfaces) StdoutLine: {'line': b'-- Symlinking: /home/dawntildusk/lbot_ws/install/lbot_arm_interfaces/include/lbot_arm_interfaces/lbot_arm_interfaces/srv/detail/move_c__rosidl_typesupport_introspection_c.h\n'}
[10.452966] (lbot_arm_interfaces) StdoutLine: {'line': b'-- Symlinking: /home/dawntildusk/lbot_ws/install/lbot_arm_interfaces/include/lbot_arm_interfaces/lbot_arm_interfaces/srv/detail/move_j__rosidl_typesupport_introspection_c.h\n'}
[10.459480] (lbot_arm_interfaces) StdoutLine: {'line': b'-- Symlinking: /home/dawntildusk/lbot_ws/install/lbot_arm_interfaces/include/lbot_arm_interfaces/lbot_arm_interfaces/srv/detail/move_jp__rosidl_typesupport_introspection_c.h\n'}
[10.464562] (lbot_arm_interfaces) StdoutLine: {'line': b'-- Symlinking: /home/dawntildusk/lbot_ws/install/lbot_arm_interfaces/include/lbot_arm_interfaces/lbot_arm_interfaces/srv/detail/move_l__rosidl_typesupport_introspection_c.h\n'}
[10.468865] (lbot_arm_interfaces) StdoutLine: {'line': b'-- Symlinking: /home/dawntildusk/lbot_ws/install/lbot_arm_interfaces/include/lbot_arm_interfaces/lbot_arm_interfaces/srv/detail/set_emergency__rosidl_typesupport_introspection_c.h\n'}
[10.473450] (lbot_arm_interfaces) StdoutLine: {'line': b'-- Symlinking: /home/dawntildusk/lbot_ws/install/lbot_arm_interfaces/include/lbot_arm_interfaces/lbot_arm_interfaces/srv/detail/set_enable__rosidl_typesupport_introspection_c.h\n'}
[10.479540] (lbot_arm_interfaces) StdoutLine: {'line': b'-- Symlinking: /home/dawntildusk/lbot_ws/install/lbot_arm_interfaces/include/lbot_arm_interfaces/lbot_arm_interfaces/srv/detail/set_frame__rosidl_typesupport_introspection_c.h\n'}
[10.487298] (lbot_arm_interfaces) StdoutLine: {'line': b'-- Symlinking: /home/dawntildusk/lbot_ws/install/lbot_arm_interfaces/include/lbot_arm_interfaces/lbot_arm_interfaces/srv/detail/set_string__rosidl_typesupport_introspection_c.h\n'}
[10.495790] (lbot_arm_interfaces) StdoutLine: {'line': b'-- Symlinking: /home/dawntildusk/lbot_ws/install/lbot_arm_interfaces/include/lbot_arm_interfaces/lbot_arm_interfaces/srv/detail/set_zero__rosidl_typesupport_introspection_c.h\n'}
[10.505833] (lbot_arm_interfaces) StdoutLine: {'line': b'-- Symlinking: /home/dawntildusk/lbot_ws/install/lbot_arm_interfaces/include/lbot_arm_interfaces/lbot_arm_interfaces/msg/detail/arm_state__rosidl_typesupport_introspection_cpp.hpp\n'}
[10.514805] (lbot_arm_interfaces) StdoutLine: {'line': b'-- Symlinking: /home/dawntildusk/lbot_ws/install/lbot_arm_interfaces/include/lbot_arm_interfaces/lbot_arm_interfaces/msg/detail/follow_joint__rosidl_typesupport_introspection_cpp.hpp\n'}
[10.524325] (lbot_arm_interfaces) StdoutLine: {'line': b'-- Symlinking: /home/dawntildusk/lbot_ws/install/lbot_arm_interfaces/include/lbot_arm_interfaces/lbot_arm_interfaces/msg/detail/lbot_frame__rosidl_typesupport_introspection_cpp.hpp\n'}
[10.525324] (-) TimerEvent: {}
[10.535042] (lbot_arm_interfaces) StdoutLine: {'line': b'-- Symlinking: /home/dawntildusk/lbot_ws/install/lbot_arm_interfaces/include/lbot_arm_interfaces/lbot_arm_interfaces/msg/detail/lbot_pose__rosidl_typesupport_introspection_cpp.hpp\n'}
[10.544856] (lbot_arm_interfaces) StdoutLine: {'line': b'-- Symlinking: /home/dawntildusk/lbot_ws/install/lbot_arm_interfaces/include/lbot_arm_interfaces/lbot_arm_interfaces/srv/detail/change_frame__rosidl_typesupport_introspection_cpp.hpp\n'}
[10.554613] (lbot_arm_interfaces) StdoutLine: {'line': b'-- Symlinking: /home/dawntildusk/lbot_ws/install/lbot_arm_interfaces/include/lbot_arm_interfaces/lbot_arm_interfaces/srv/detail/delete_frame__rosidl_typesupport_introspection_cpp.hpp\n'}
[10.565465] (lbot_arm_interfaces) StdoutLine: {'line': b'-- Symlinking: /home/dawntildusk/lbot_ws/install/lbot_arm_interfaces/include/lbot_arm_interfaces/lbot_arm_interfaces/srv/detail/forward_kinematics__rosidl_typesupport_introspection_cpp.hpp\n'}
[10.576200] (lbot_arm_interfaces) StdoutLine: {'line': b'-- Symlinking: /home/dawntildusk/lbot_ws/install/lbot_arm_interfaces/include/lbot_arm_interfaces/lbot_arm_interfaces/srv/detail/get_all_frames__rosidl_typesupport_introspection_cpp.hpp\n'}
[10.582101] (lbot_arm_interfaces) StdoutLine: {'line': b'-- Symlinking: /home/dawntildusk/lbot_ws/install/lbot_arm_interfaces/include/lbot_arm_interfaces/lbot_arm_interfaces/srv/detail/get_current_frame__rosidl_typesupport_introspection_cpp.hpp\n'}
[10.587167] (lbot_arm_interfaces) StdoutLine: {'line': b'-- Symlinking: /home/dawntildusk/lbot_ws/install/lbot_arm_interfaces/include/lbot_arm_interfaces/lbot_arm_interfaces/srv/detail/get_frame__rosidl_typesupport_introspection_cpp.hpp\n'}
[10.592549] (lbot_arm_interfaces) StdoutLine: {'line': b'-- Symlinking: /home/dawntildusk/lbot_ws/install/lbot_arm_interfaces/include/lbot_arm_interfaces/lbot_arm_interfaces/srv/detail/inverse_kinematics__rosidl_typesupport_introspection_cpp.hpp\n'}
[10.599519] (lbot_arm_interfaces) StdoutLine: {'line': b'-- Symlinking: /home/dawntildusk/lbot_ws/install/lbot_arm_interfaces/include/lbot_arm_interfaces/lbot_arm_interfaces/srv/detail/move_c__rosidl_typesupport_introspection_cpp.hpp\n'}
[10.605252] (lbot_arm_interfaces) StdoutLine: {'line': b'-- Symlinking: /home/dawntildusk/lbot_ws/install/lbot_arm_interfaces/include/lbot_arm_interfaces/lbot_arm_interfaces/srv/detail/move_j__rosidl_typesupport_introspection_cpp.hpp\n'}
[10.610897] (lbot_arm_interfaces) StdoutLine: {'line': b'-- Symlinking: /home/dawntildusk/lbot_ws/install/lbot_arm_interfaces/include/lbot_arm_interfaces/lbot_arm_interfaces/srv/detail/move_jp__rosidl_typesupport_introspection_cpp.hpp\n'}
[10.615754] (lbot_arm_interfaces) StdoutLine: {'line': b'-- Symlinking: /home/dawntildusk/lbot_ws/install/lbot_arm_interfaces/include/lbot_arm_interfaces/lbot_arm_interfaces/srv/detail/move_l__rosidl_typesupport_introspection_cpp.hpp\n'}
[10.621600] (lbot_arm_interfaces) StdoutLine: {'line': b'-- Symlinking: /home/dawntildusk/lbot_ws/install/lbot_arm_interfaces/include/lbot_arm_interfaces/lbot_arm_interfaces/srv/detail/set_emergency__rosidl_typesupport_introspection_cpp.hpp\n'}
[10.625451] (-) TimerEvent: {}
[10.627651] (lbot_arm_interfaces) StdoutLine: {'line': b'-- Symlinking: /home/dawntildusk/lbot_ws/install/lbot_arm_interfaces/include/lbot_arm_interfaces/lbot_arm_interfaces/srv/detail/set_enable__rosidl_typesupport_introspection_cpp.hpp\n'}
[10.631712] (lbot_arm_interfaces) StdoutLine: {'line': b'-- Symlinking: /home/dawntildusk/lbot_ws/install/lbot_arm_interfaces/include/lbot_arm_interfaces/lbot_arm_interfaces/srv/detail/set_frame__rosidl_typesupport_introspection_cpp.hpp\n'}
[10.636162] (lbot_arm_interfaces) StdoutLine: {'line': b'-- Symlinking: /home/dawntildusk/lbot_ws/install/lbot_arm_interfaces/include/lbot_arm_interfaces/lbot_arm_interfaces/srv/detail/set_string__rosidl_typesupport_introspection_cpp.hpp\n'}
[10.641052] (lbot_arm_interfaces) StdoutLine: {'line': b'-- Symlinking: /home/dawntildusk/lbot_ws/install/lbot_arm_interfaces/include/lbot_arm_interfaces/lbot_arm_interfaces/srv/detail/set_zero__rosidl_typesupport_introspection_cpp.hpp\n'}
[10.647964] (lbot_arm_interfaces) StdoutLine: {'line': b'-- Symlinking: /home/dawntildusk/lbot_ws/install/lbot_arm_interfaces/share/lbot_arm_interfaces/environment/pythonpath.sh\n'}
[10.654341] (lbot_arm_interfaces) StdoutLine: {'line': b'-- Symlinking: /home/dawntildusk/lbot_ws/install/lbot_arm_interfaces/share/lbot_arm_interfaces/environment/pythonpath.dsv\n'}
[10.660670] (lbot_arm_interfaces) StdoutLine: {'line': b'-- Symlinking: /home/dawntildusk/lbot_ws/install/lbot_arm_interfaces/lib/python3.12/site-packages/lbot_arm_interfaces-0.0.0-py3.12.egg-info/PKG-INFO\n'}
[10.668477] (lbot_arm_interfaces) StdoutLine: {'line': b'-- Symlinking: /home/dawntildusk/lbot_ws/install/lbot_arm_interfaces/lib/python3.12/site-packages/lbot_arm_interfaces-0.0.0-py3.12.egg-info/SOURCES.txt\n'}
[10.676726] (lbot_arm_interfaces) StdoutLine: {'line': b'-- Symlinking: /home/dawntildusk/lbot_ws/install/lbot_arm_interfaces/lib/python3.12/site-packages/lbot_arm_interfaces-0.0.0-py3.12.egg-info/dependency_links.txt\n'}
[10.685184] (lbot_arm_interfaces) StdoutLine: {'line': b'-- Symlinking: /home/dawntildusk/lbot_ws/install/lbot_arm_interfaces/lib/python3.12/site-packages/lbot_arm_interfaces-0.0.0-py3.12.egg-info/top_level.txt\n'}
[10.695374] (lbot_arm_interfaces) StdoutLine: {'line': b'-- Symlinking: /home/dawntildusk/lbot_ws/install/lbot_arm_interfaces/lib/python3.12/site-packages/lbot_arm_interfaces/__init__.py\n'}
[10.706107] (lbot_arm_interfaces) StdoutLine: {'line': b'-- Symlinking: /home/dawntildusk/lbot_ws/install/lbot_arm_interfaces/lib/python3.12/site-packages/lbot_arm_interfaces/_lbot_arm_interfaces_s.ep.rosidl_typesupport_c.c\n'}
[10.714349] (lbot_arm_interfaces) StdoutLine: {'line': b'-- Symlinking: /home/dawntildusk/lbot_ws/install/lbot_arm_interfaces/lib/python3.12/site-packages/lbot_arm_interfaces/_lbot_arm_interfaces_s.ep.rosidl_typesupport_fastrtps_c.c\n'}
[10.723226] (lbot_arm_interfaces) StdoutLine: {'line': b'-- Symlinking: /home/dawntildusk/lbot_ws/install/lbot_arm_interfaces/lib/python3.12/site-packages/lbot_arm_interfaces/_lbot_arm_interfaces_s.ep.rosidl_typesupport_introspection_c.c\n'}
[10.725616] (-) TimerEvent: {}
[10.732769] (lbot_arm_interfaces) StdoutLine: {'line': b'-- Symlinking: /home/dawntildusk/lbot_ws/install/lbot_arm_interfaces/lib/python3.12/site-packages/lbot_arm_interfaces/lbot_arm_interfaces_s__rosidl_typesupport_c.so\n'}
[10.742194] (lbot_arm_interfaces) StdoutLine: {'line': b'-- Symlinking: /home/dawntildusk/lbot_ws/install/lbot_arm_interfaces/lib/python3.12/site-packages/lbot_arm_interfaces/lbot_arm_interfaces_s__rosidl_typesupport_fastrtps_c.so\n'}
[10.750222] (lbot_arm_interfaces) StdoutLine: {'line': b'-- Symlinking: /home/dawntildusk/lbot_ws/install/lbot_arm_interfaces/lib/python3.12/site-packages/lbot_arm_interfaces/lbot_arm_interfaces_s__rosidl_typesupport_introspection_c.so\n'}
[10.754923] (lbot_arm_interfaces) StdoutLine: {'line': b'-- Symlinking: /home/dawntildusk/lbot_ws/install/lbot_arm_interfaces/lib/python3.12/site-packages/lbot_arm_interfaces/msg/__init__.py\n'}
[10.760666] (lbot_arm_interfaces) StdoutLine: {'line': b'-- Symlinking: /home/dawntildusk/lbot_ws/install/lbot_arm_interfaces/lib/python3.12/site-packages/lbot_arm_interfaces/msg/_arm_state.py\n'}
[10.766492] (lbot_arm_interfaces) StdoutLine: {'line': b'-- Symlinking: /home/dawntildusk/lbot_ws/install/lbot_arm_interfaces/lib/python3.12/site-packages/lbot_arm_interfaces/msg/_arm_state_s.c\n'}
[10.773050] (lbot_arm_interfaces) StdoutLine: {'line': b'-- Symlinking: /home/dawntildusk/lbot_ws/install/lbot_arm_interfaces/lib/python3.12/site-packages/lbot_arm_interfaces/msg/_follow_joint.py\n'}
[10.778542] (lbot_arm_interfaces) StdoutLine: {'line': b'-- Symlinking: /home/dawntildusk/lbot_ws/install/lbot_arm_interfaces/lib/python3.12/site-packages/lbot_arm_interfaces/msg/_follow_joint_s.c\n'}
[10.784501] (lbot_arm_interfaces) StdoutLine: {'line': b'-- Symlinking: /home/dawntildusk/lbot_ws/install/lbot_arm_interfaces/lib/python3.12/site-packages/lbot_arm_interfaces/msg/_lbot_frame.py\n'}
[10.790062] (lbot_arm_interfaces) StdoutLine: {'line': b'-- Symlinking: /home/dawntildusk/lbot_ws/install/lbot_arm_interfaces/lib/python3.12/site-packages/lbot_arm_interfaces/msg/_lbot_frame_s.c\n'}
[10.796449] (lbot_arm_interfaces) StdoutLine: {'line': b'-- Symlinking: /home/dawntildusk/lbot_ws/install/lbot_arm_interfaces/lib/python3.12/site-packages/lbot_arm_interfaces/msg/_lbot_pose.py\n'}
[10.802208] (lbot_arm_interfaces) StdoutLine: {'line': b'-- Symlinking: /home/dawntildusk/lbot_ws/install/lbot_arm_interfaces/lib/python3.12/site-packages/lbot_arm_interfaces/msg/_lbot_pose_s.c\n'}
[10.808615] (lbot_arm_interfaces) StdoutLine: {'line': b'-- Symlinking: /home/dawntildusk/lbot_ws/install/lbot_arm_interfaces/lib/python3.12/site-packages/lbot_arm_interfaces/srv/__init__.py\n'}
[10.813606] (lbot_arm_interfaces) StdoutLine: {'line': b'-- Symlinking: /home/dawntildusk/lbot_ws/install/lbot_arm_interfaces/lib/python3.12/site-packages/lbot_arm_interfaces/srv/_change_frame.py\n'}
[10.818445] (lbot_arm_interfaces) StdoutLine: {'line': b'-- Symlinking: /home/dawntildusk/lbot_ws/install/lbot_arm_interfaces/lib/python3.12/site-packages/lbot_arm_interfaces/srv/_change_frame_s.c\n'}
[10.822951] (lbot_arm_interfaces) StdoutLine: {'line': b'-- Symlinking: /home/dawntildusk/lbot_ws/install/lbot_arm_interfaces/lib/python3.12/site-packages/lbot_arm_interfaces/srv/_delete_frame.py\n'}
[10.825792] (-) TimerEvent: {}
[10.830638] (lbot_arm_interfaces) StdoutLine: {'line': b'-- Symlinking: /home/dawntildusk/lbot_ws/install/lbot_arm_interfaces/lib/python3.12/site-packages/lbot_arm_interfaces/srv/_delete_frame_s.c\n'}
[10.838261] (lbot_arm_interfaces) StdoutLine: {'line': b'-- Symlinking: /home/dawntildusk/lbot_ws/install/lbot_arm_interfaces/lib/python3.12/site-packages/lbot_arm_interfaces/srv/_forward_kinematics.py\n'}
[10.847475] (lbot_arm_interfaces) StdoutLine: {'line': b'-- Symlinking: /home/dawntildusk/lbot_ws/install/lbot_arm_interfaces/lib/python3.12/site-packages/lbot_arm_interfaces/srv/_forward_kinematics_s.c\n'}
[10.856753] (lbot_arm_interfaces) StdoutLine: {'line': b'-- Symlinking: /home/dawntildusk/lbot_ws/install/lbot_arm_interfaces/lib/python3.12/site-packages/lbot_arm_interfaces/srv/_get_all_frames.py\n'}
[10.866300] (lbot_arm_interfaces) StdoutLine: {'line': b'-- Symlinking: /home/dawntildusk/lbot_ws/install/lbot_arm_interfaces/lib/python3.12/site-packages/lbot_arm_interfaces/srv/_get_all_frames_s.c\n'}
[10.875395] (lbot_arm_interfaces) StdoutLine: {'line': b'-- Symlinking: /home/dawntildusk/lbot_ws/install/lbot_arm_interfaces/lib/python3.12/site-packages/lbot_arm_interfaces/srv/_get_current_frame.py\n'}
[10.886235] (lbot_arm_interfaces) StdoutLine: {'line': b'-- Symlinking: /home/dawntildusk/lbot_ws/install/lbot_arm_interfaces/lib/python3.12/site-packages/lbot_arm_interfaces/srv/_get_current_frame_s.c\n'}
[10.894747] (lbot_arm_interfaces) StdoutLine: {'line': b'-- Symlinking: /home/dawntildusk/lbot_ws/install/lbot_arm_interfaces/lib/python3.12/site-packages/lbot_arm_interfaces/srv/_get_frame.py\n'}
[10.903072] (lbot_arm_interfaces) StdoutLine: {'line': b'-- Symlinking: /home/dawntildusk/lbot_ws/install/lbot_arm_interfaces/lib/python3.12/site-packages/lbot_arm_interfaces/srv/_get_frame_s.c\n'}
[10.907718] (lbot_arm_interfaces) StdoutLine: {'line': b'-- Symlinking: /home/dawntildusk/lbot_ws/install/lbot_arm_interfaces/lib/python3.12/site-packages/lbot_arm_interfaces/srv/_inverse_kinematics.py\n'}
[10.911587] (lbot_arm_interfaces) StdoutLine: {'line': b'-- Symlinking: /home/dawntildusk/lbot_ws/install/lbot_arm_interfaces/lib/python3.12/site-packages/lbot_arm_interfaces/srv/_inverse_kinematics_s.c\n'}
[10.916287] (lbot_arm_interfaces) StdoutLine: {'line': b'-- Symlinking: /home/dawntildusk/lbot_ws/install/lbot_arm_interfaces/lib/python3.12/site-packages/lbot_arm_interfaces/srv/_move_c.py\n'}
[10.925683] (lbot_arm_interfaces) StdoutLine: {'line': b'-- Symlinking: /home/dawntildusk/lbot_ws/install/lbot_arm_interfaces/lib/python3.12/site-packages/lbot_arm_interfaces/srv/_move_c_s.c\n'}
[10.925863] (-) TimerEvent: {}
[10.935347] (lbot_arm_interfaces) StdoutLine: {'line': b'-- Symlinking: /home/dawntildusk/lbot_ws/install/lbot_arm_interfaces/lib/python3.12/site-packages/lbot_arm_interfaces/srv/_move_j.py\n'}
[10.944557] (lbot_arm_interfaces) StdoutLine: {'line': b'-- Symlinking: /home/dawntildusk/lbot_ws/install/lbot_arm_interfaces/lib/python3.12/site-packages/lbot_arm_interfaces/srv/_move_j_s.c\n'}
[10.956092] (lbot_arm_interfaces) StdoutLine: {'line': b'-- Symlinking: /home/dawntildusk/lbot_ws/install/lbot_arm_interfaces/lib/python3.12/site-packages/lbot_arm_interfaces/srv/_move_jp.py\n'}
[10.962626] (lbot_arm_interfaces) StdoutLine: {'line': b'-- Symlinking: /home/dawntildusk/lbot_ws/install/lbot_arm_interfaces/lib/python3.12/site-packages/lbot_arm_interfaces/srv/_move_jp_s.c\n'}
[10.969641] (lbot_arm_interfaces) StdoutLine: {'line': b'-- Symlinking: /home/dawntildusk/lbot_ws/install/lbot_arm_interfaces/lib/python3.12/site-packages/lbot_arm_interfaces/srv/_move_l.py\n'}
[10.979335] (lbot_arm_interfaces) StdoutLine: {'line': b'-- Symlinking: /home/dawntildusk/lbot_ws/install/lbot_arm_interfaces/lib/python3.12/site-packages/lbot_arm_interfaces/srv/_move_l_s.c\n'}
[10.983603] (lbot_arm_interfaces) StdoutLine: {'line': b'-- Symlinking: /home/dawntildusk/lbot_ws/install/lbot_arm_interfaces/lib/python3.12/site-packages/lbot_arm_interfaces/srv/_set_emergency.py\n'}
[10.988982] (lbot_arm_interfaces) StdoutLine: {'line': b'-- Symlinking: /home/dawntildusk/lbot_ws/install/lbot_arm_interfaces/lib/python3.12/site-packages/lbot_arm_interfaces/srv/_set_emergency_s.c\n'}
[10.996893] (lbot_arm_interfaces) StdoutLine: {'line': b'-- Symlinking: /home/dawntildusk/lbot_ws/install/lbot_arm_interfaces/lib/python3.12/site-packages/lbot_arm_interfaces/srv/_set_enable.py\n'}
[11.006327] (lbot_arm_interfaces) StdoutLine: {'line': b'-- Symlinking: /home/dawntildusk/lbot_ws/install/lbot_arm_interfaces/lib/python3.12/site-packages/lbot_arm_interfaces/srv/_set_enable_s.c\n'}
[11.011139] (lbot_arm_interfaces) StdoutLine: {'line': b'-- Symlinking: /home/dawntildusk/lbot_ws/install/lbot_arm_interfaces/lib/python3.12/site-packages/lbot_arm_interfaces/srv/_set_frame.py\n'}
[11.017608] (lbot_arm_interfaces) StdoutLine: {'line': b'-- Symlinking: /home/dawntildusk/lbot_ws/install/lbot_arm_interfaces/lib/python3.12/site-packages/lbot_arm_interfaces/srv/_set_frame_s.c\n'}
[11.022047] (lbot_arm_interfaces) StdoutLine: {'line': b'-- Symlinking: /home/dawntildusk/lbot_ws/install/lbot_arm_interfaces/lib/python3.12/site-packages/lbot_arm_interfaces/srv/_set_string.py\n'}
[11.026048] (-) TimerEvent: {}
[11.028486] (lbot_arm_interfaces) StdoutLine: {'line': b'-- Symlinking: /home/dawntildusk/lbot_ws/install/lbot_arm_interfaces/lib/python3.12/site-packages/lbot_arm_interfaces/srv/_set_string_s.c\n'}
[11.033472] (lbot_arm_interfaces) StdoutLine: {'line': b'-- Symlinking: /home/dawntildusk/lbot_ws/install/lbot_arm_interfaces/lib/python3.12/site-packages/lbot_arm_interfaces/srv/_set_zero.py\n'}
[11.038876] (lbot_arm_interfaces) StdoutLine: {'line': b'-- Symlinking: /home/dawntildusk/lbot_ws/install/lbot_arm_interfaces/lib/python3.12/site-packages/lbot_arm_interfaces/srv/_set_zero_s.c\n'}
[11.043565] (lbot_arm_interfaces) StdoutLine: {'line': b'-- Up-to-date symlink: /home/dawntildusk/lbot_ws/install/lbot_arm_interfaces/lib/python3.12/site-packages/lbot_arm_interfaces/lbot_arm_interfaces_s__rosidl_typesupport_fastrtps_c.so\n'}
[11.043744] (lbot_arm_interfaces) StdoutLine: {'line': b'-- Up-to-date symlink: /home/dawntildusk/lbot_ws/install/lbot_arm_interfaces/lib/python3.12/site-packages/lbot_arm_interfaces/lbot_arm_interfaces_s__rosidl_typesupport_introspection_c.so\n'}
[11.043898] (lbot_arm_interfaces) StdoutLine: {'line': b'-- Up-to-date symlink: /home/dawntildusk/lbot_ws/install/lbot_arm_interfaces/lib/python3.12/site-packages/lbot_arm_interfaces/lbot_arm_interfaces_s__rosidl_typesupport_c.so\n'}
[11.043958] (lbot_arm_interfaces) StdoutLine: {'line': b'-- Symlinking: /home/dawntildusk/lbot_ws/install/lbot_arm_interfaces/share/ament_index/resource_index/rust_packages/lbot_arm_interfaces\n'}
[11.051243] (lbot_arm_interfaces) StdoutLine: {'line': b'-- Symlinking: /home/dawntildusk/lbot_ws/install/lbot_arm_interfaces/share/lbot_arm_interfaces/rust/Cargo.toml\n'}
[11.055481] (lbot_arm_interfaces) StdoutLine: {'line': b'-- Symlinking: /home/dawntildusk/lbot_ws/install/lbot_arm_interfaces/share/lbot_arm_interfaces/rust/build.rs\n'}
[11.059802] (lbot_arm_interfaces) StdoutLine: {'line': b'-- Symlinking: /home/dawntildusk/lbot_ws/install/lbot_arm_interfaces/share/lbot_arm_interfaces/rust/src/lib.rs\n'}
[11.066085] (lbot_arm_interfaces) StdoutLine: {'line': b'-- Symlinking: /home/dawntildusk/lbot_ws/install/lbot_arm_interfaces/share/lbot_arm_interfaces/rust/src/msg.rs\n'}
[11.072196] (lbot_arm_interfaces) StdoutLine: {'line': b'-- Symlinking: /home/dawntildusk/lbot_ws/install/lbot_arm_interfaces/share/lbot_arm_interfaces/rust/src/msg/rmw.rs\n'}
[11.078363] (lbot_arm_interfaces) StdoutLine: {'line': b'-- Symlinking: /home/dawntildusk/lbot_ws/install/lbot_arm_interfaces/share/lbot_arm_interfaces/rust/src/srv.rs\n'}
[11.083237] (lbot_arm_interfaces) StdoutLine: {'line': b'-- Symlinking: /home/dawntildusk/lbot_ws/install/lbot_arm_interfaces/share/lbot_arm_interfaces/rust/src/srv/rmw.rs\n'}
[11.087641] (lbot_arm_interfaces) StdoutLine: {'line': b'-- Symlinking: /home/dawntildusk/lbot_ws/install/lbot_arm_interfaces/share/lbot_arm_interfaces/srv/MoveJ.idl\n'}
[11.092192] (lbot_arm_interfaces) StdoutLine: {'line': b'-- Symlinking: /home/dawntildusk/lbot_ws/install/lbot_arm_interfaces/share/lbot_arm_interfaces/srv/MoveL.idl\n'}
[11.098080] (lbot_arm_interfaces) StdoutLine: {'line': b'-- Symlinking: /home/dawntildusk/lbot_ws/install/lbot_arm_interfaces/share/lbot_arm_interfaces/srv/MoveC.idl\n'}
[11.105193] (lbot_arm_interfaces) StdoutLine: {'line': b'-- Symlinking: /home/dawntildusk/lbot_ws/install/lbot_arm_interfaces/share/lbot_arm_interfaces/srv/MoveJP.idl\n'}
[11.110125] (lbot_arm_interfaces) StdoutLine: {'line': b'-- Symlinking: /home/dawntildusk/lbot_ws/install/lbot_arm_interfaces/share/lbot_arm_interfaces/srv/InverseKinematics.idl\n'}
[11.116556] (lbot_arm_interfaces) StdoutLine: {'line': b'-- Symlinking: /home/dawntildusk/lbot_ws/install/lbot_arm_interfaces/share/lbot_arm_interfaces/srv/ForwardKinematics.idl\n'}
[11.124758] (lbot_arm_interfaces) StdoutLine: {'line': b'-- Symlinking: /home/dawntildusk/lbot_ws/install/lbot_arm_interfaces/share/lbot_arm_interfaces/srv/SetFrame.idl\n'}
[11.126149] (-) TimerEvent: {}
[11.129560] (lbot_arm_interfaces) StdoutLine: {'line': b'-- Symlinking: /home/dawntildusk/lbot_ws/install/lbot_arm_interfaces/share/lbot_arm_interfaces/srv/SetString.idl\n'}
[11.133977] (lbot_arm_interfaces) StdoutLine: {'line': b'-- Symlinking: /home/dawntildusk/lbot_ws/install/lbot_arm_interfaces/share/lbot_arm_interfaces/srv/GetFrame.idl\n'}
[11.140082] (lbot_arm_interfaces) StdoutLine: {'line': b'-- Symlinking: /home/dawntildusk/lbot_ws/install/lbot_arm_interfaces/share/lbot_arm_interfaces/srv/GetCurrentFrame.idl\n'}
[11.145768] (lbot_arm_interfaces) StdoutLine: {'line': b'-- Symlinking: /home/dawntildusk/lbot_ws/install/lbot_arm_interfaces/share/lbot_arm_interfaces/srv/ChangeFrame.idl\n'}
[11.152305] (lbot_arm_interfaces) StdoutLine: {'line': b'-- Symlinking: /home/dawntildusk/lbot_ws/install/lbot_arm_interfaces/share/lbot_arm_interfaces/srv/DeleteFrame.idl\n'}
[11.157646] (lbot_arm_interfaces) StdoutLine: {'line': b'-- Symlinking: /home/dawntildusk/lbot_ws/install/lbot_arm_interfaces/share/lbot_arm_interfaces/srv/GetAllFrames.idl\n'}
[11.161730] (lbot_arm_interfaces) StdoutLine: {'line': b'-- Symlinking: /home/dawntildusk/lbot_ws/install/lbot_arm_interfaces/share/lbot_arm_interfaces/srv/SetZero.idl\n'}
[11.166690] (lbot_arm_interfaces) StdoutLine: {'line': b'-- Symlinking: /home/dawntildusk/lbot_ws/install/lbot_arm_interfaces/share/lbot_arm_interfaces/srv/SetEmergency.idl\n'}
[11.174994] (lbot_arm_interfaces) StdoutLine: {'line': b'-- Symlinking: /home/dawntildusk/lbot_ws/install/lbot_arm_interfaces/share/lbot_arm_interfaces/srv/SetEnable.idl\n'}
[11.183768] (lbot_arm_interfaces) StdoutLine: {'line': b'-- Symlinking: /home/dawntildusk/lbot_ws/install/lbot_arm_interfaces/share/lbot_arm_interfaces/msg/ArmState.idl\n'}
[11.193146] (lbot_arm_interfaces) StdoutLine: {'line': b'-- Symlinking: /home/dawntildusk/lbot_ws/install/lbot_arm_interfaces/share/lbot_arm_interfaces/msg/LbotPose.idl\n'}
[11.203236] (lbot_arm_interfaces) StdoutLine: {'line': b'-- Symlinking: /home/dawntildusk/lbot_ws/install/lbot_arm_interfaces/share/lbot_arm_interfaces/msg/LbotFrame.idl\n'}
[11.213192] (lbot_arm_interfaces) StdoutLine: {'line': b'-- Symlinking: /home/dawntildusk/lbot_ws/install/lbot_arm_interfaces/share/lbot_arm_interfaces/msg/FollowJoint.idl\n'}
[11.223869] (lbot_arm_interfaces) StdoutLine: {'line': b'-- Symlinking: /home/dawntildusk/lbot_ws/install/lbot_arm_interfaces/share/lbot_arm_interfaces/srv/MoveJ.srv\n'}
[11.226334] (-) TimerEvent: {}
[11.233380] (lbot_arm_interfaces) StdoutLine: {'line': b'-- Symlinking: /home/dawntildusk/lbot_ws/install/lbot_arm_interfaces/share/lbot_arm_interfaces/srv/MoveL.srv\n'}
[11.243448] (lbot_arm_interfaces) StdoutLine: {'line': b'-- Symlinking: /home/dawntildusk/lbot_ws/install/lbot_arm_interfaces/share/lbot_arm_interfaces/srv/MoveC.srv\n'}
[11.254894] (lbot_arm_interfaces) StdoutLine: {'line': b'-- Symlinking: /home/dawntildusk/lbot_ws/install/lbot_arm_interfaces/share/lbot_arm_interfaces/srv/MoveJP.srv\n'}
[11.265593] (lbot_arm_interfaces) StdoutLine: {'line': b'-- Symlinking: /home/dawntildusk/lbot_ws/install/lbot_arm_interfaces/share/lbot_arm_interfaces/srv/InverseKinematics.srv\n'}
[11.277844] (lbot_arm_interfaces) StdoutLine: {'line': b'-- Symlinking: /home/dawntildusk/lbot_ws/install/lbot_arm_interfaces/share/lbot_arm_interfaces/srv/ForwardKinematics.srv\n'}
[11.288158] (lbot_arm_interfaces) StdoutLine: {'line': b'-- Symlinking: /home/dawntildusk/lbot_ws/install/lbot_arm_interfaces/share/lbot_arm_interfaces/srv/SetFrame.srv\n'}
[11.299791] (lbot_arm_interfaces) StdoutLine: {'line': b'-- Symlinking: /home/dawntildusk/lbot_ws/install/lbot_arm_interfaces/share/lbot_arm_interfaces/srv/SetString.srv\n'}
[11.309091] (lbot_arm_interfaces) StdoutLine: {'line': b'-- Symlinking: /home/dawntildusk/lbot_ws/install/lbot_arm_interfaces/share/lbot_arm_interfaces/srv/GetFrame.srv\n'}
[11.318943] (lbot_arm_interfaces) StdoutLine: {'line': b'-- Symlinking: /home/dawntildusk/lbot_ws/install/lbot_arm_interfaces/share/lbot_arm_interfaces/srv/GetCurrentFrame.srv\n'}
[11.326419] (-) TimerEvent: {}
[11.327622] (lbot_arm_interfaces) StdoutLine: {'line': b'-- Symlinking: /home/dawntildusk/lbot_ws/install/lbot_arm_interfaces/share/lbot_arm_interfaces/srv/ChangeFrame.srv\n'}
[11.337552] (lbot_arm_interfaces) StdoutLine: {'line': b'-- Symlinking: /home/dawntildusk/lbot_ws/install/lbot_arm_interfaces/share/lbot_arm_interfaces/srv/DeleteFrame.srv\n'}
[11.348774] (lbot_arm_interfaces) StdoutLine: {'line': b'-- Symlinking: /home/dawntildusk/lbot_ws/install/lbot_arm_interfaces/share/lbot_arm_interfaces/srv/GetAllFrames.srv\n'}
[11.356647] (lbot_arm_interfaces) StdoutLine: {'line': b'-- Symlinking: /home/dawntildusk/lbot_ws/install/lbot_arm_interfaces/share/lbot_arm_interfaces/srv/SetZero.srv\n'}
[11.363102] (lbot_arm_interfaces) StdoutLine: {'line': b'-- Symlinking: /home/dawntildusk/lbot_ws/install/lbot_arm_interfaces/share/lbot_arm_interfaces/srv/SetEmergency.srv\n'}
[11.372503] (lbot_arm_interfaces) StdoutLine: {'line': b'-- Symlinking: /home/dawntildusk/lbot_ws/install/lbot_arm_interfaces/share/lbot_arm_interfaces/srv/SetEnable.srv\n'}
[11.377110] (lbot_arm_interfaces) StdoutLine: {'line': b'-- Symlinking: /home/dawntildusk/lbot_ws/install/lbot_arm_interfaces/share/lbot_arm_interfaces/msg/ArmState.msg\n'}
[11.383428] (lbot_arm_interfaces) StdoutLine: {'line': b'-- Symlinking: /home/dawntildusk/lbot_ws/install/lbot_arm_interfaces/share/lbot_arm_interfaces/msg/LbotPose.msg\n'}
[11.390779] (lbot_arm_interfaces) StdoutLine: {'line': b'-- Symlinking: /home/dawntildusk/lbot_ws/install/lbot_arm_interfaces/share/lbot_arm_interfaces/msg/LbotFrame.msg\n'}
[11.396534] (lbot_arm_interfaces) StdoutLine: {'line': b'-- Symlinking: /home/dawntildusk/lbot_ws/install/lbot_arm_interfaces/share/lbot_arm_interfaces/msg/FollowJoint.msg\n'}
[11.401202] (lbot_arm_interfaces) StdoutLine: {'line': b'-- Symlinking: /home/dawntildusk/lbot_ws/install/lbot_arm_interfaces/share/ament_index/resource_index/package_run_dependencies/lbot_arm_interfaces\n'}
[11.406444] (lbot_arm_interfaces) StdoutLine: {'line': b'-- Symlinking: /home/dawntildusk/lbot_ws/install/lbot_arm_interfaces/share/ament_index/resource_index/parent_prefix_path/lbot_arm_interfaces\n'}
[11.413233] (lbot_arm_interfaces) StdoutLine: {'line': b'-- Symlinking: /home/dawntildusk/lbot_ws/install/lbot_arm_interfaces/share/lbot_arm_interfaces/environment/ament_prefix_path.sh\n'}
[11.417325] (lbot_arm_interfaces) StdoutLine: {'line': b'-- Symlinking: /home/dawntildusk/lbot_ws/install/lbot_arm_interfaces/share/lbot_arm_interfaces/environment/ament_prefix_path.dsv\n'}
[11.421962] (lbot_arm_interfaces) StdoutLine: {'line': b'-- Symlinking: /home/dawntildusk/lbot_ws/install/lbot_arm_interfaces/share/lbot_arm_interfaces/environment/path.sh\n'}
[11.426232] (lbot_arm_interfaces) StdoutLine: {'line': b'-- Symlinking: /home/dawntildusk/lbot_ws/install/lbot_arm_interfaces/share/lbot_arm_interfaces/environment/path.dsv\n'}
[11.426470] (-) TimerEvent: {}
[11.432053] (lbot_arm_interfaces) StdoutLine: {'line': b'-- Symlinking: /home/dawntildusk/lbot_ws/install/lbot_arm_interfaces/share/lbot_arm_interfaces/local_setup.bash\n'}
[11.438614] (lbot_arm_interfaces) StdoutLine: {'line': b'-- Symlinking: /home/dawntildusk/lbot_ws/install/lbot_arm_interfaces/share/lbot_arm_interfaces/local_setup.sh\n'}
[11.444672] (lbot_arm_interfaces) StdoutLine: {'line': b'-- Symlinking: /home/dawntildusk/lbot_ws/install/lbot_arm_interfaces/share/lbot_arm_interfaces/local_setup.zsh\n'}
[11.449916] (lbot_arm_interfaces) StdoutLine: {'line': b'-- Symlinking: /home/dawntildusk/lbot_ws/install/lbot_arm_interfaces/share/lbot_arm_interfaces/local_setup.dsv\n'}
[11.455823] (lbot_arm_interfaces) StdoutLine: {'line': b'-- Symlinking: /home/dawntildusk/lbot_ws/install/lbot_arm_interfaces/share/lbot_arm_interfaces/package.dsv\n'}
[11.462389] (lbot_arm_interfaces) StdoutLine: {'line': b'-- Symlinking: /home/dawntildusk/lbot_ws/install/lbot_arm_interfaces/share/ament_index/resource_index/packages/lbot_arm_interfaces\n'}
[11.468349] (lbot_arm_interfaces) StdoutLine: {'line': b'-- Symlinking: /home/dawntildusk/lbot_ws/install/lbot_arm_interfaces/share/lbot_arm_interfaces/cmake/rosidl_cmake-extras.cmake\n'}
[11.473820] (lbot_arm_interfaces) StdoutLine: {'line': b'-- Symlinking: /home/dawntildusk/lbot_ws/install/lbot_arm_interfaces/share/lbot_arm_interfaces/cmake/ament_cmake_export_dependencies-extras.cmake\n'}
[11.480130] (lbot_arm_interfaces) StdoutLine: {'line': b'-- Symlinking: /home/dawntildusk/lbot_ws/install/lbot_arm_interfaces/share/lbot_arm_interfaces/cmake/ament_cmake_export_include_directories-extras.cmake\n'}
[11.486488] (lbot_arm_interfaces) StdoutLine: {'line': b'-- Symlinking: /home/dawntildusk/lbot_ws/install/lbot_arm_interfaces/share/lbot_arm_interfaces/cmake/ament_cmake_export_libraries-extras.cmake\n'}
[11.493262] (lbot_arm_interfaces) StdoutLine: {'line': b'-- Symlinking: /home/dawntildusk/lbot_ws/install/lbot_arm_interfaces/share/lbot_arm_interfaces/cmake/ament_cmake_export_targets-extras.cmake\n'}
[11.501745] (lbot_arm_interfaces) StdoutLine: {'line': b'-- Symlinking: /home/dawntildusk/lbot_ws/install/lbot_arm_interfaces/share/lbot_arm_interfaces/cmake/rosidl_cmake_export_typesupport_targets-extras.cmake\n'}
[11.510835] (lbot_arm_interfaces) StdoutLine: {'line': b'-- Symlinking: /home/dawntildusk/lbot_ws/install/lbot_arm_interfaces/share/lbot_arm_interfaces/cmake/rosidl_cmake_export_typesupport_libraries-extras.cmake\n'}
[11.520510] (lbot_arm_interfaces) StdoutLine: {'line': b'-- Symlinking: /home/dawntildusk/lbot_ws/install/lbot_arm_interfaces/share/lbot_arm_interfaces/cmake/rosidl_cmake_aggregate_target-extras.cmake\n'}
[11.526644] (-) TimerEvent: {}
[11.528717] (lbot_arm_interfaces) StdoutLine: {'line': b'-- Symlinking: /home/dawntildusk/lbot_ws/install/lbot_arm_interfaces/share/lbot_arm_interfaces/cmake/lbot_arm_interfacesConfig.cmake\n'}
[11.538671] (lbot_arm_interfaces) StdoutLine: {'line': b'-- Symlinking: /home/dawntildusk/lbot_ws/install/lbot_arm_interfaces/share/lbot_arm_interfaces/cmake/lbot_arm_interfacesConfig-version.cmake\n'}
[11.548026] (lbot_arm_interfaces) StdoutLine: {'line': b'-- Symlinking: /home/dawntildusk/lbot_ws/install/lbot_arm_interfaces/share/lbot_arm_interfaces/package.xml\n'}
[11.557047] (lbot_arm_interfaces) StdoutLine: {'line': b'-- Installing: /home/dawntildusk/lbot_ws/install/lbot_arm_interfaces/lib/liblbot_arm_interfaces__rosidl_generator_c.so\n'}
[11.557792] (lbot_arm_interfaces) StdoutLine: {'line': b'-- Set non-toolchain portion of runtime path of "/home/dawntildusk/lbot_ws/install/lbot_arm_interfaces/lib/liblbot_arm_interfaces__rosidl_generator_c.so" to ""\n'}
[11.557938] (lbot_arm_interfaces) StdoutLine: {'line': b'-- Installing: /home/dawntildusk/lbot_ws/install/lbot_arm_interfaces/lib/liblbot_arm_interfaces__rosidl_typesupport_fastrtps_c.so\n'}
[11.558256] (lbot_arm_interfaces) StdoutLine: {'line': b'-- Set non-toolchain portion of runtime path of "/home/dawntildusk/lbot_ws/install/lbot_arm_interfaces/lib/liblbot_arm_interfaces__rosidl_typesupport_fastrtps_c.so" to ""\n'}
[11.558394] (lbot_arm_interfaces) StdoutLine: {'line': b'-- Installing: /home/dawntildusk/lbot_ws/install/lbot_arm_interfaces/lib/liblbot_arm_interfaces__rosidl_typesupport_fastrtps_cpp.so\n'}
[11.559525] (lbot_arm_interfaces) StdoutLine: {'line': b'-- Set non-toolchain portion of runtime path of "/home/dawntildusk/lbot_ws/install/lbot_arm_interfaces/lib/liblbot_arm_interfaces__rosidl_typesupport_fastrtps_cpp.so" to ""\n'}
[11.559707] (lbot_arm_interfaces) StdoutLine: {'line': b'-- Installing: /home/dawntildusk/lbot_ws/install/lbot_arm_interfaces/lib/liblbot_arm_interfaces__rosidl_typesupport_introspection_c.so\n'}
[11.559968] (lbot_arm_interfaces) StdoutLine: {'line': b'-- Set non-toolchain portion of runtime path of "/home/dawntildusk/lbot_ws/install/lbot_arm_interfaces/lib/liblbot_arm_interfaces__rosidl_typesupport_introspection_c.so" to ""\n'}
[11.560163] (lbot_arm_interfaces) StdoutLine: {'line': b'-- Installing: /home/dawntildusk/lbot_ws/install/lbot_arm_interfaces/lib/liblbot_arm_interfaces__rosidl_typesupport_c.so\n'}
[11.560495] (lbot_arm_interfaces) StdoutLine: {'line': b'-- Set non-toolchain portion of runtime path of "/home/dawntildusk/lbot_ws/install/lbot_arm_interfaces/lib/liblbot_arm_interfaces__rosidl_typesupport_c.so" to ""\n'}
[11.560660] (lbot_arm_interfaces) StdoutLine: {'line': b'-- Installing: /home/dawntildusk/lbot_ws/install/lbot_arm_interfaces/lib/liblbot_arm_interfaces__rosidl_typesupport_introspection_cpp.so\n'}
[11.561949] (lbot_arm_interfaces) StdoutLine: {'line': b'-- Set non-toolchain portion of runtime path of "/home/dawntildusk/lbot_ws/install/lbot_arm_interfaces/lib/liblbot_arm_interfaces__rosidl_typesupport_introspection_cpp.so" to ""\n'}
[11.562122] (lbot_arm_interfaces) StdoutLine: {'line': b'-- Installing: /home/dawntildusk/lbot_ws/install/lbot_arm_interfaces/lib/liblbot_arm_interfaces__rosidl_typesupport_cpp.so\n'}
[11.563021] (lbot_arm_interfaces) StdoutLine: {'line': b'-- Set non-toolchain portion of runtime path of "/home/dawntildusk/lbot_ws/install/lbot_arm_interfaces/lib/liblbot_arm_interfaces__rosidl_typesupport_cpp.so" to ""\n'}
[11.619695] (lbot_arm_interfaces) StdoutLine: {'line': b"Listing '/home/dawntildusk/lbot_ws/install/lbot_arm_interfaces/lib/python3.12/site-packages/lbot_arm_interfaces'...\n"}
[11.619816] (lbot_arm_interfaces) StdoutLine: {'line': b"Compiling '/home/dawntildusk/lbot_ws/install/lbot_arm_interfaces/lib/python3.12/site-packages/lbot_arm_interfaces/__init__.py'...\n"}
[11.619877] (lbot_arm_interfaces) StdoutLine: {'line': b"Listing '/home/dawntildusk/lbot_ws/install/lbot_arm_interfaces/lib/python3.12/site-packages/lbot_arm_interfaces/msg'...\n"}
[11.619943] (lbot_arm_interfaces) StdoutLine: {'line': b"Compiling '/home/dawntildusk/lbot_ws/install/lbot_arm_interfaces/lib/python3.12/site-packages/lbot_arm_interfaces/msg/__init__.py'...\n"}
[11.620002] (lbot_arm_interfaces) StdoutLine: {'line': b"Compiling '/home/dawntildusk/lbot_ws/install/lbot_arm_interfaces/lib/python3.12/site-packages/lbot_arm_interfaces/msg/_arm_state.py'...\n"}
[11.620051] (lbot_arm_interfaces) StdoutLine: {'line': b"Compiling '/home/dawntildusk/lbot_ws/install/lbot_arm_interfaces/lib/python3.12/site-packages/lbot_arm_interfaces/msg/_follow_joint.py'...\n"}
[11.620080] (lbot_arm_interfaces) StdoutLine: {'line': b"Compiling '/home/dawntildusk/lbot_ws/install/lbot_arm_interfaces/lib/python3.12/site-packages/lbot_arm_interfaces/msg/_lbot_frame.py'...\n"}
[11.620105] (lbot_arm_interfaces) StdoutLine: {'line': b"Compiling '/home/dawntildusk/lbot_ws/install/lbot_arm_interfaces/lib/python3.12/site-packages/lbot_arm_interfaces/msg/_lbot_pose.py'...\n"}
[11.620130] (lbot_arm_interfaces) StdoutLine: {'line': b"Listing '/home/dawntildusk/lbot_ws/install/lbot_arm_interfaces/lib/python3.12/site-packages/lbot_arm_interfaces/srv'...\n"}
[11.620154] (lbot_arm_interfaces) StdoutLine: {'line': b"Compiling '/home/dawntildusk/lbot_ws/install/lbot_arm_interfaces/lib/python3.12/site-packages/lbot_arm_interfaces/srv/__init__.py'...\n"}
[11.620180] (lbot_arm_interfaces) StdoutLine: {'line': b"Compiling '/home/dawntildusk/lbot_ws/install/lbot_arm_interfaces/lib/python3.12/site-packages/lbot_arm_interfaces/srv/_change_frame.py'...\n"}
[11.620210] (lbot_arm_interfaces) StdoutLine: {'line': b"Compiling '/home/dawntildusk/lbot_ws/install/lbot_arm_interfaces/lib/python3.12/site-packages/lbot_arm_interfaces/srv/_delete_frame.py'...\n"}
[11.620237] (lbot_arm_interfaces) StdoutLine: {'line': b"Compiling '/home/dawntildusk/lbot_ws/install/lbot_arm_interfaces/lib/python3.12/site-packages/lbot_arm_interfaces/srv/_forward_kinematics.py'...\n"}
[11.620263] (lbot_arm_interfaces) StdoutLine: {'line': b"Compiling '/home/dawntildusk/lbot_ws/install/lbot_arm_interfaces/lib/python3.12/site-packages/lbot_arm_interfaces/srv/_get_all_frames.py'...\n"}
[11.620289] (lbot_arm_interfaces) StdoutLine: {'line': b"Compiling '/home/dawntildusk/lbot_ws/install/lbot_arm_interfaces/lib/python3.12/site-packages/lbot_arm_interfaces/srv/_get_current_frame.py'...\n"}
[11.620316] (lbot_arm_interfaces) StdoutLine: {'line': b"Compiling '/home/dawntildusk/lbot_ws/install/lbot_arm_interfaces/lib/python3.12/site-packages/lbot_arm_interfaces/srv/_get_frame.py'...\n"}
[11.620343] (lbot_arm_interfaces) StdoutLine: {'line': b"Compiling '/home/dawntildusk/lbot_ws/install/lbot_arm_interfaces/lib/python3.12/site-packages/lbot_arm_interfaces/srv/_inverse_kinematics.py'...\n"}
[11.620370] (lbot_arm_interfaces) StdoutLine: {'line': b"Compiling '/home/dawntildusk/lbot_ws/install/lbot_arm_interfaces/lib/python3.12/site-packages/lbot_arm_interfaces/srv/_move_c.py'...\n"}
[11.620397] (lbot_arm_interfaces) StdoutLine: {'line': b"Compiling '/home/dawntildusk/lbot_ws/install/lbot_arm_interfaces/lib/python3.12/site-packages/lbot_arm_interfaces/srv/_move_j.py'...\n"}
[11.620424] (lbot_arm_interfaces) StdoutLine: {'line': b"Compiling '/home/dawntildusk/lbot_ws/install/lbot_arm_interfaces/lib/python3.12/site-packages/lbot_arm_interfaces/srv/_move_jp.py'...\n"}
[11.620450] (lbot_arm_interfaces) StdoutLine: {'line': b"Compiling '/home/dawntildusk/lbot_ws/install/lbot_arm_interfaces/lib/python3.12/site-packages/lbot_arm_interfaces/srv/_move_l.py'...\n"}
[11.620476] (lbot_arm_interfaces) StdoutLine: {'line': b"Compiling '/home/dawntildusk/lbot_ws/install/lbot_arm_interfaces/lib/python3.12/site-packages/lbot_arm_interfaces/srv/_set_emergency.py'...\n"}
[11.620502] (lbot_arm_interfaces) StdoutLine: {'line': b"Compiling '/home/dawntildusk/lbot_ws/install/lbot_arm_interfaces/lib/python3.12/site-packages/lbot_arm_interfaces/srv/_set_enable.py'...\n"}
[11.620528] (lbot_arm_interfaces) StdoutLine: {'line': b"Compiling '/home/dawntildusk/lbot_ws/install/lbot_arm_interfaces/lib/python3.12/site-packages/lbot_arm_interfaces/srv/_set_frame.py'...\n"}
[11.620555] (lbot_arm_interfaces) StdoutLine: {'line': b"Compiling '/home/dawntildusk/lbot_ws/install/lbot_arm_interfaces/lib/python3.12/site-packages/lbot_arm_interfaces/srv/_set_string.py'...\n"}
[11.620582] (lbot_arm_interfaces) StdoutLine: {'line': b"Compiling '/home/dawntildusk/lbot_ws/install/lbot_arm_interfaces/lib/python3.12/site-packages/lbot_arm_interfaces/srv/_set_zero.py'...\n"}
[11.623758] (lbot_arm_interfaces) StdoutLine: {'line': b'-- Installing: /home/dawntildusk/lbot_ws/install/lbot_arm_interfaces/lib/liblbot_arm_interfaces__rosidl_generator_py.so\n'}
[11.624047] (lbot_arm_interfaces) StdoutLine: {'line': b'-- Set non-toolchain portion of runtime path of "/home/dawntildusk/lbot_ws/install/lbot_arm_interfaces/lib/liblbot_arm_interfaces__rosidl_generator_py.so" to ""\n'}
[11.624241] (lbot_arm_interfaces) StdoutLine: {'line': b'-- Installing: /home/dawntildusk/lbot_ws/install/lbot_arm_interfaces/share/lbot_arm_interfaces/cmake/export_lbot_arm_interfaces__rosidl_generator_cExport.cmake\n'}
[11.624287] (lbot_arm_interfaces) StdoutLine: {'line': b'-- Installing: /home/dawntildusk/lbot_ws/install/lbot_arm_interfaces/share/lbot_arm_interfaces/cmake/export_lbot_arm_interfaces__rosidl_generator_cExport-noconfig.cmake\n'}
[11.624325] (lbot_arm_interfaces) StdoutLine: {'line': b'-- Installing: /home/dawntildusk/lbot_ws/install/lbot_arm_interfaces/share/lbot_arm_interfaces/cmake/export_lbot_arm_interfaces__rosidl_typesupport_fastrtps_cExport.cmake\n'}
[11.624357] (lbot_arm_interfaces) StdoutLine: {'line': b'-- Installing: /home/dawntildusk/lbot_ws/install/lbot_arm_interfaces/share/lbot_arm_interfaces/cmake/export_lbot_arm_interfaces__rosidl_typesupport_fastrtps_cExport-noconfig.cmake\n'}
[11.624389] (lbot_arm_interfaces) StdoutLine: {'line': b'-- Installing: /home/dawntildusk/lbot_ws/install/lbot_arm_interfaces/share/lbot_arm_interfaces/cmake/export_lbot_arm_interfaces__rosidl_generator_cppExport.cmake\n'}
[11.624420] (lbot_arm_interfaces) StdoutLine: {'line': b'-- Installing: /home/dawntildusk/lbot_ws/install/lbot_arm_interfaces/share/lbot_arm_interfaces/cmake/export_lbot_arm_interfaces__rosidl_typesupport_fastrtps_cppExport.cmake\n'}
[11.624580] (lbot_arm_interfaces) StdoutLine: {'line': b'-- Installing: /home/dawntildusk/lbot_ws/install/lbot_arm_interfaces/share/lbot_arm_interfaces/cmake/export_lbot_arm_interfaces__rosidl_typesupport_fastrtps_cppExport-noconfig.cmake\n'}
[11.624666] (lbot_arm_interfaces) StdoutLine: {'line': b'-- Installing: /home/dawntildusk/lbot_ws/install/lbot_arm_interfaces/share/lbot_arm_interfaces/cmake/lbot_arm_interfaces__rosidl_typesupport_introspection_cExport.cmake\n'}
[11.624725] (lbot_arm_interfaces) StdoutLine: {'line': b'-- Installing: /home/dawntildusk/lbot_ws/install/lbot_arm_interfaces/share/lbot_arm_interfaces/cmake/lbot_arm_interfaces__rosidl_typesupport_introspection_cExport-noconfig.cmake\n'}
[11.624758] (lbot_arm_interfaces) StdoutLine: {'line': b'-- Installing: /home/dawntildusk/lbot_ws/install/lbot_arm_interfaces/share/lbot_arm_interfaces/cmake/lbot_arm_interfaces__rosidl_typesupport_cExport.cmake\n'}
[11.624788] (lbot_arm_interfaces) StdoutLine: {'line': b'-- Installing: /home/dawntildusk/lbot_ws/install/lbot_arm_interfaces/share/lbot_arm_interfaces/cmake/lbot_arm_interfaces__rosidl_typesupport_cExport-noconfig.cmake\n'}
[11.624818] (lbot_arm_interfaces) StdoutLine: {'line': b'-- Installing: /home/dawntildusk/lbot_ws/install/lbot_arm_interfaces/share/lbot_arm_interfaces/cmake/lbot_arm_interfaces__rosidl_typesupport_introspection_cppExport.cmake\n'}
[11.624847] (lbot_arm_interfaces) StdoutLine: {'line': b'-- Installing: /home/dawntildusk/lbot_ws/install/lbot_arm_interfaces/share/lbot_arm_interfaces/cmake/lbot_arm_interfaces__rosidl_typesupport_introspection_cppExport-noconfig.cmake\n'}
[11.624876] (lbot_arm_interfaces) StdoutLine: {'line': b'-- Installing: /home/dawntildusk/lbot_ws/install/lbot_arm_interfaces/share/lbot_arm_interfaces/cmake/lbot_arm_interfaces__rosidl_typesupport_cppExport.cmake\n'}
[11.624915] (lbot_arm_interfaces) StdoutLine: {'line': b'-- Installing: /home/dawntildusk/lbot_ws/install/lbot_arm_interfaces/share/lbot_arm_interfaces/cmake/lbot_arm_interfaces__rosidl_typesupport_cppExport-noconfig.cmake\n'}
[11.624945] (lbot_arm_interfaces) StdoutLine: {'line': b'-- Installing: /home/dawntildusk/lbot_ws/install/lbot_arm_interfaces/share/lbot_arm_interfaces/cmake/export_lbot_arm_interfaces__rosidl_generator_pyExport.cmake\n'}
[11.624975] (lbot_arm_interfaces) StdoutLine: {'line': b'-- Installing: /home/dawntildusk/lbot_ws/install/lbot_arm_interfaces/share/lbot_arm_interfaces/cmake/export_lbot_arm_interfaces__rosidl_generator_pyExport-noconfig.cmake\n'}
[11.625743] (lbot_arm_interfaces) CommandEnded: {'returncode': 0}
[11.626698] (-) TimerEvent: {}
[11.637747] (lbot_arm_interfaces) JobEnded: {'identifier': 'lbot_arm_interfaces', 'rc': 0}
[11.638331] (lbot_demo) JobStarted: {'identifier': 'lbot_demo'}
[11.639872] (lbot_driver) JobStarted: {'identifier': 'lbot_driver'}
[11.641648] (lbot_teleop) JobStarted: {'identifier': 'lbot_teleop'}
[11.643442] (lbot_demo) JobProgress: {'identifier': 'lbot_demo', 'progress': 'cmake'}
[11.643611] (lbot_demo) Command: {'cmd': ['/usr/bin/cmake', '/home/dawntildusk/lbot_ws/src/lbot_demo', '-DPython3_EXECUTABLE=/usr/bin/python3', '-DAMENT_CMAKE_SYMLINK_INSTALL=1', '-DCMAKE_INSTALL_PREFIX=/home/dawntildusk/lbot_ws/install/lbot_demo'], 'cwd': '/home/dawntildusk/lbot_ws/build/lbot_demo', 'env': OrderedDict({'GJS_DEBUG_TOPICS': 'JS ERROR;JS LOG', 'LESSOPEN': '| /usr/bin/lesspipe %s', 'CONDA_PROMPT_MODIFIER': '', 'LANGUAGE': 'zh_CN:en_US:en', 'USER': 'dawntildusk', 'LC_TIME': 'zh_CN.UTF-8', 'XDG_SESSION_TYPE': 'x11', 'GIT_ASKPASS': '/usr/share/code/resources/app/extensions/git/dist/askpass.sh', 'CLUTTER_DISABLE_MIPMAPPED_TEXT': '1', 'SHLVL': '1', 'LD_LIBRARY_PATH': '/home/dawntildusk/lbot_ws/install/lbot_arm_interfaces/lib:/opt/ros/jazzy/opt/rviz_ogre_vendor/lib:/opt/ros/jazzy/lib/x86_64-linux-gnu:/opt/ros/jazzy/opt/gz_math_vendor/lib:/opt/ros/jazzy/opt/gz_utils_vendor/lib:/opt/ros/jazzy/opt/gz_cmake_vendor/lib:/opt/ros/jazzy/lib', 'HOME': '/home/dawntildusk', 'CHROME_DESKTOP': 'code.desktop', 'CONDA_SHLVL': '0', 'OLDPWD': '/home/dawntildusk/lbot_ws', 'TERM_PROGRAM_VERSION': '1.136.1', 'DESKTOP_SESSION': 'ubuntu', 'GIO_LAUNCHED_DESKTOP_FILE': '/usr/share/applications/code.desktop', 'ROS_PYTHON_VERSION': '3', 'GNOME_SHELL_SESSION_MODE': 'ubuntu', 'GTK_MODULES': 'gail:atk-bridge', 'SDL_IM_MODULE': 'fcitx', 'VSCODE_GIT_ASKPASS_MAIN': '/usr/share/code/resources/app/extensions/git/dist/askpass-main.js', 'LC_MONETARY': 'zh_CN.UTF-8', 'VSCODE_GIT_ASKPASS_NODE': '/usr/share/code/code', 'MANAGERPID': '2288', 'SYSTEMD_EXEC_PID': '2708', 'VSCODE_PYTHON_AUTOACTIVATE_GUARD': '1', 'GSM_SKIP_SSH_AGENT_WORKAROUND': 'true', 'DBUS_SESSION_BUS_ADDRESS': 'unix:path=/run/user/1000/bus', 'COLORTERM': 'truecolor', '_CE_M': '', '_CONDA_ROOT': '/home/dawntildusk/miniconda3', 'GIO_LAUNCHED_DESKTOP_FILE_PID': '44016', 'DEBUGINFOD_URLS': 'https://debuginfod.ubuntu.com', 'ROS_DISTRO': 'jazzy', 'GTK_IM_MODULE': 'fcitx', 'LOGNAME': 'dawntildusk', 'JOURNAL_STREAM': '10:29928', '_': '/usr/bin/colcon', 'ROS_VERSION': '2', 'MEMORY_PRESSURE_WATCH': '/sys/fs/cgroup/user.slice/user-1000.slice/user@1000.service/session.slice/org.gnome.Shell@x11.service/memory.pressure', 'XDG_SESSION_CLASS': 'user', 'USERNAME': 'dawntildusk', 'TERM': 'xterm-256color', 'GNOME_DESKTOP_SESSION_ID': 'this-is-deprecated', '_CE_CONDA': '', 'FC_FONTATIONS': '1', 'WINDOWPATH': '2', 'PATH': '/opt/ros/jazzy/bin:/home/dawntildusk/.config/Code/User/globalStorage/github.copilot-chat/debugCommand:/home/dawntildusk/.config/Code/User/globalStorage/github.copilot-chat/copilotCli:/home/dawntildusk/miniconda3/condabin:/usr/local/sbin:/usr/local/bin:/usr/sbin:/usr/bin:/sbin:/bin:/usr/games:/usr/local/games:/snap/bin:/snap/bin', 'SESSION_MANAGER': 'local/dawntildusk-TX-Gaming-FX608JPR-FX608JPR:@/tmp/.ICE-unix/2640,unix/dawntildusk-TX-Gaming-FX608JPR-FX608JPR:/tmp/.ICE-unix/2640', 'INVOCATION_ID': '39883ff62c494379bef8f4b89657dd8f', 'PAPERSIZE': 'a4', 'XDG_MENU_PREFIX': 'gnome-', 'LC_ADDRESS': 'zh_CN.UTF-8', 'XDG_RUNTIME_DIR': '/run/user/1000', 'GDK_BACKEND': 'x11', 'DISPLAY': ':1', 'LANG': 'zh_CN.UTF-8', 'XDG_CURRENT_DESKTOP': 'ubuntu:GNOME', 'LC_TELEPHONE': 'zh_CN.UTF-8', 'XMODIFIERS': '@im=fcitx', 'XDG_SESSION_DESKTOP': 'ubuntu', 'XAUTHORITY': '/run/user/1000/gdm/Xauthority', 'LS_COLORS': 'rs=0:di=01;34:ln=01;36:mh=00:pi=40;33:so=01;35:do=01;35:bd=40;33;01:cd=40;33;01:or=40;31;01:mi=00:su=37;41:sg=30;43:ca=00:tw=30;42:ow=34;42:st=37;44:ex=01;32:*.tar=01;31:*.tgz=01;31:*.arc=01;31:*.arj=01;31:*.taz=01;31:*.lha=01;31:*.lz4=01;31:*.lzh=01;31:*.lzma=01;31:*.tlz=01;31:*.txz=01;31:*.tzo=01;31:*.t7z=01;31:*.zip=01;31:*.z=01;31:*.dz=01;31:*.gz=01;31:*.lrz=01;31:*.lz=01;31:*.lzo=01;31:*.xz=01;31:*.zst=01;31:*.tzst=01;31:*.bz2=01;31:*.bz=01;31:*.tbz=01;31:*.tbz2=01;31:*.tz=01;31:*.deb=01;31:*.rpm=01;31:*.jar=01;31:*.war=01;31:*.ear=01;31:*.sar=01;31:*.rar=01;31:*.alz=01;31:*.ace=01;31:*.zoo=01;31:*.cpio=01;31:*.7z=01;31:*.rz=01;31:*.cab=01;31:*.wim=01;31:*.swm=01;31:*.dwm=01;31:*.esd=01;31:*.avif=01;35:*.jpg=01;35:*.jpeg=01;35:*.mjpg=01;35:*.mjpeg=01;35:*.gif=01;35:*.bmp=01;35:*.pbm=01;35:*.pgm=01;35:*.ppm=01;35:*.tga=01;35:*.xbm=01;35:*.xpm=01;35:*.tif=01;35:*.tiff=01;35:*.png=01;35:*.svg=01;35:*.svgz=01;35:*.mng=01;35:*.pcx=01;35:*.mov=01;35:*.mpg=01;35:*.mpeg=01;35:*.m2v=01;35:*.mkv=01;35:*.webm=01;35:*.webp=01;35:*.ogm=01;35:*.mp4=01;35:*.m4v=01;35:*.mp4v=01;35:*.vob=01;35:*.qt=01;35:*.nuv=01;35:*.wmv=01;35:*.asf=01;35:*.rm=01;35:*.rmvb=01;35:*.flc=01;35:*.avi=01;35:*.fli=01;35:*.flv=01;35:*.gl=01;35:*.dl=01;35:*.xcf=01;35:*.xwd=01;35:*.yuv=01;35:*.cgm=01;35:*.emf=01;35:*.ogv=01;35:*.ogx=01;35:*.aac=00;36:*.au=00;36:*.flac=00;36:*.m4a=00;36:*.mid=00;36:*.midi=00;36:*.mka=00;36:*.mp3=00;36:*.mpc=00;36:*.ogg=00;36:*.ra=00;36:*.wav=00;36:*.oga=00;36:*.opus=00;36:*.spx=00;36:*.xspf=00;36:*~=00;90:*#=00;90:*.bak=00;90:*.crdownload=00;90:*.dpkg-dist=00;90:*.dpkg-new=00;90:*.dpkg-old=00;90:*.dpkg-tmp=00;90:*.old=00;90:*.orig=00;90:*.part=00;90:*.rej=00;90:*.rpmnew=00;90:*.rpmorig=00;90:*.rpmsave=00;90:*.swp=00;90:*.tmp=00;90:*.ucf-dist=00;90:*.ucf-new=00;90:*.ucf-old=00;90:', 'VSCODE_GIT_IPC_HANDLE': '/run/user/1000/vscode-git-fc3f46f092.sock', 'TERM_PROGRAM': 'vscode', 'SSH_AUTH_SOCK': '/run/user/1000/keyring/ssh', 'AMENT_PREFIX_PATH': '/home/dawntildusk/lbot_ws/install/lbot_arm_interfaces:/opt/ros/jazzy', 'CONDA_PYTHON_EXE': '/home/dawntildusk/miniconda3/bin/python', 'SHELL': '/bin/bash', 'LC_NAME': 'zh_CN.UTF-8', 'QT_ACCESSIBILITY': '1', 'GDMSESSION': 'ubuntu', 'LESSCLOSE': '/usr/bin/lesspipe %s %s', 'CONDA_DEFAULT_ENV': '', 'LC_MEASUREMENT': 'zh_CN.UTF-8', 'GPG_AGENT_INFO': '/run/user/1000/gnupg/S.gpg-agent:0:1', 'GJS_DEBUG_OUTPUT': 'stderr', '_CONDA_EXE': '/home/dawntildusk/miniconda3/bin/conda', 'LC_IDENTIFICATION': 'zh_CN.UTF-8', 'ROS_AUTOMATIC_DISCOVERY_RANGE': 'SUBNET', 'VSCODE_GIT_ASKPASS_EXTRA_ARGS': '', 'QT_IM_MODULE': 'fcitx', 'PWD': '/home/dawntildusk/lbot_ws/build/lbot_demo', 'XDG_CONFIG_DIRS': '/etc/xdg/xdg-ubuntu:/etc/xdg', 'COPILOT_DEBUG_NONCE': '7dac8b5f3bc076abaa655999b86f7af0', 'CONDA_EXE': '/home/dawntildusk/miniconda3/bin/conda', 'CLUTTER_IM_MODULE': 'xim', 'XDG_DATA_DIRS': '/usr/share/ubuntu:/usr/share/gnome:/usr/local/share/:/usr/share/:/var/lib/snapd/desktop', 'QTWEBENGINE_DICTIONARIES_PATH': '/usr/share/hunspell-bdic/', 'PYTHONPATH': '/home/dawntildusk/lbot_ws/install/lbot_arm_interfaces/lib/python3.12/site-packages:/opt/ros/jazzy/lib/python3.12/site-packages', 'LC_NUMERIC': 'zh_CN.UTF-8', 'CONDA_PREFIX': '', 'LC_PAPER': 'zh_CN.UTF-8', 'COLCON': '1', 'MEMORY_PRESSURE_WRITE': 'c29tZSAyMDAwMDAgMjAwMDAwMAA=', 'CMAKE_PREFIX_PATH': '/home/dawntildusk/lbot_ws/install/lbot_arm_interfaces:/opt/ros/jazzy/opt/gz_math_vendor:/opt/ros/jazzy/opt/gz_utils_vendor:/opt/ros/jazzy/opt/gz_cmake_vendor:/opt/ros/jazzy'}), 'shell': False}
[11.644923] (lbot_driver) JobProgress: {'identifier': 'lbot_driver', 'progress': 'cmake'}
[11.645495] (lbot_driver) Command: {'cmd': ['/usr/bin/cmake', '/home/dawntildusk/lbot_ws/src/lbot_driver', '-DPython3_EXECUTABLE=/usr/bin/python3', '-DAMENT_CMAKE_SYMLINK_INSTALL=1', '-DCMAKE_INSTALL_PREFIX=/home/dawntildusk/lbot_ws/install/lbot_driver'], 'cwd': '/home/dawntildusk/lbot_ws/build/lbot_driver', 'env': OrderedDict({'GJS_DEBUG_TOPICS': 'JS ERROR;JS LOG', 'LESSOPEN': '| /usr/bin/lesspipe %s', 'CONDA_PROMPT_MODIFIER': '', 'LANGUAGE': 'zh_CN:en_US:en', 'USER': 'dawntildusk', 'LC_TIME': 'zh_CN.UTF-8', 'XDG_SESSION_TYPE': 'x11', 'GIT_ASKPASS': '/usr/share/code/resources/app/extensions/git/dist/askpass.sh', 'CLUTTER_DISABLE_MIPMAPPED_TEXT': '1', 'SHLVL': '1', 'LD_LIBRARY_PATH': '/home/dawntildusk/lbot_ws/install/lbot_arm_interfaces/lib:/opt/ros/jazzy/opt/rviz_ogre_vendor/lib:/opt/ros/jazzy/lib/x86_64-linux-gnu:/opt/ros/jazzy/opt/gz_math_vendor/lib:/opt/ros/jazzy/opt/gz_utils_vendor/lib:/opt/ros/jazzy/opt/gz_cmake_vendor/lib:/opt/ros/jazzy/lib', 'HOME': '/home/dawntildusk', 'CHROME_DESKTOP': 'code.desktop', 'CONDA_SHLVL': '0', 'OLDPWD': '/home/dawntildusk/lbot_ws', 'TERM_PROGRAM_VERSION': '1.136.1', 'DESKTOP_SESSION': 'ubuntu', 'GIO_LAUNCHED_DESKTOP_FILE': '/usr/share/applications/code.desktop', 'ROS_PYTHON_VERSION': '3', 'GNOME_SHELL_SESSION_MODE': 'ubuntu', 'GTK_MODULES': 'gail:atk-bridge', 'SDL_IM_MODULE': 'fcitx', 'VSCODE_GIT_ASKPASS_MAIN': '/usr/share/code/resources/app/extensions/git/dist/askpass-main.js', 'LC_MONETARY': 'zh_CN.UTF-8', 'VSCODE_GIT_ASKPASS_NODE': '/usr/share/code/code', 'MANAGERPID': '2288', 'SYSTEMD_EXEC_PID': '2708', 'VSCODE_PYTHON_AUTOACTIVATE_GUARD': '1', 'GSM_SKIP_SSH_AGENT_WORKAROUND': 'true', 'DBUS_SESSION_BUS_ADDRESS': 'unix:path=/run/user/1000/bus', 'COLORTERM': 'truecolor', '_CE_M': '', '_CONDA_ROOT': '/home/dawntildusk/miniconda3', 'GIO_LAUNCHED_DESKTOP_FILE_PID': '44016', 'DEBUGINFOD_URLS': 'https://debuginfod.ubuntu.com', 'ROS_DISTRO': 'jazzy', 'GTK_IM_MODULE': 'fcitx', 'LOGNAME': 'dawntildusk', 'JOURNAL_STREAM': '10:29928', '_': '/usr/bin/colcon', 'ROS_VERSION': '2', 'MEMORY_PRESSURE_WATCH': '/sys/fs/cgroup/user.slice/user-1000.slice/user@1000.service/session.slice/org.gnome.Shell@x11.service/memory.pressure', 'XDG_SESSION_CLASS': 'user', 'USERNAME': 'dawntildusk', 'TERM': 'xterm-256color', 'GNOME_DESKTOP_SESSION_ID': 'this-is-deprecated', '_CE_CONDA': '', 'FC_FONTATIONS': '1', 'WINDOWPATH': '2', 'PATH': '/opt/ros/jazzy/bin:/home/dawntildusk/.config/Code/User/globalStorage/github.copilot-chat/debugCommand:/home/dawntildusk/.config/Code/User/globalStorage/github.copilot-chat/copilotCli:/home/dawntildusk/miniconda3/condabin:/usr/local/sbin:/usr/local/bin:/usr/sbin:/usr/bin:/sbin:/bin:/usr/games:/usr/local/games:/snap/bin:/snap/bin', 'SESSION_MANAGER': 'local/dawntildusk-TX-Gaming-FX608JPR-FX608JPR:@/tmp/.ICE-unix/2640,unix/dawntildusk-TX-Gaming-FX608JPR-FX608JPR:/tmp/.ICE-unix/2640', 'INVOCATION_ID': '39883ff62c494379bef8f4b89657dd8f', 'PAPERSIZE': 'a4', 'XDG_MENU_PREFIX': 'gnome-', 'LC_ADDRESS': 'zh_CN.UTF-8', 'XDG_RUNTIME_DIR': '/run/user/1000', 'GDK_BACKEND': 'x11', 'DISPLAY': ':1', 'LANG': 'zh_CN.UTF-8', 'XDG_CURRENT_DESKTOP': 'ubuntu:GNOME', 'LC_TELEPHONE': 'zh_CN.UTF-8', 'XMODIFIERS': '@im=fcitx', 'XDG_SESSION_DESKTOP': 'ubuntu', 'XAUTHORITY': '/run/user/1000/gdm/Xauthority', 'LS_COLORS': 'rs=0:di=01;34:ln=01;36:mh=00:pi=40;33:so=01;35:do=01;35:bd=40;33;01:cd=40;33;01:or=40;31;01:mi=00:su=37;41:sg=30;43:ca=00:tw=30;42:ow=34;42:st=37;44:ex=01;32:*.tar=01;31:*.tgz=01;31:*.arc=01;31:*.arj=01;31:*.taz=01;31:*.lha=01;31:*.lz4=01;31:*.lzh=01;31:*.lzma=01;31:*.tlz=01;31:*.txz=01;31:*.tzo=01;31:*.t7z=01;31:*.zip=01;31:*.z=01;31:*.dz=01;31:*.gz=01;31:*.lrz=01;31:*.lz=01;31:*.lzo=01;31:*.xz=01;31:*.zst=01;31:*.tzst=01;31:*.bz2=01;31:*.bz=01;31:*.tbz=01;31:*.tbz2=01;31:*.tz=01;31:*.deb=01;31:*.rpm=01;31:*.jar=01;31:*.war=01;31:*.ear=01;31:*.sar=01;31:*.rar=01;31:*.alz=01;31:*.ace=01;31:*.zoo=01;31:*.cpio=01;31:*.7z=01;31:*.rz=01;31:*.cab=01;31:*.wim=01;31:*.swm=01;31:*.dwm=01;31:*.esd=01;31:*.avif=01;35:*.jpg=01;35:*.jpeg=01;35:*.mjpg=01;35:*.mjpeg=01;35:*.gif=01;35:*.bmp=01;35:*.pbm=01;35:*.pgm=01;35:*.ppm=01;35:*.tga=01;35:*.xbm=01;35:*.xpm=01;35:*.tif=01;35:*.tiff=01;35:*.png=01;35:*.svg=01;35:*.svgz=01;35:*.mng=01;35:*.pcx=01;35:*.mov=01;35:*.mpg=01;35:*.mpeg=01;35:*.m2v=01;35:*.mkv=01;35:*.webm=01;35:*.webp=01;35:*.ogm=01;35:*.mp4=01;35:*.m4v=01;35:*.mp4v=01;35:*.vob=01;35:*.qt=01;35:*.nuv=01;35:*.wmv=01;35:*.asf=01;35:*.rm=01;35:*.rmvb=01;35:*.flc=01;35:*.avi=01;35:*.fli=01;35:*.flv=01;35:*.gl=01;35:*.dl=01;35:*.xcf=01;35:*.xwd=01;35:*.yuv=01;35:*.cgm=01;35:*.emf=01;35:*.ogv=01;35:*.ogx=01;35:*.aac=00;36:*.au=00;36:*.flac=00;36:*.m4a=00;36:*.mid=00;36:*.midi=00;36:*.mka=00;36:*.mp3=00;36:*.mpc=00;36:*.ogg=00;36:*.ra=00;36:*.wav=00;36:*.oga=00;36:*.opus=00;36:*.spx=00;36:*.xspf=00;36:*~=00;90:*#=00;90:*.bak=00;90:*.crdownload=00;90:*.dpkg-dist=00;90:*.dpkg-new=00;90:*.dpkg-old=00;90:*.dpkg-tmp=00;90:*.old=00;90:*.orig=00;90:*.part=00;90:*.rej=00;90:*.rpmnew=00;90:*.rpmorig=00;90:*.rpmsave=00;90:*.swp=00;90:*.tmp=00;90:*.ucf-dist=00;90:*.ucf-new=00;90:*.ucf-old=00;90:', 'VSCODE_GIT_IPC_HANDLE': '/run/user/1000/vscode-git-fc3f46f092.sock', 'TERM_PROGRAM': 'vscode', 'SSH_AUTH_SOCK': '/run/user/1000/keyring/ssh', 'AMENT_PREFIX_PATH': '/home/dawntildusk/lbot_ws/install/lbot_arm_interfaces:/opt/ros/jazzy', 'CONDA_PYTHON_EXE': '/home/dawntildusk/miniconda3/bin/python', 'SHELL': '/bin/bash', 'LC_NAME': 'zh_CN.UTF-8', 'QT_ACCESSIBILITY': '1', 'GDMSESSION': 'ubuntu', 'LESSCLOSE': '/usr/bin/lesspipe %s %s', 'CONDA_DEFAULT_ENV': '', 'LC_MEASUREMENT': 'zh_CN.UTF-8', 'GPG_AGENT_INFO': '/run/user/1000/gnupg/S.gpg-agent:0:1', 'GJS_DEBUG_OUTPUT': 'stderr', '_CONDA_EXE': '/home/dawntildusk/miniconda3/bin/conda', 'LC_IDENTIFICATION': 'zh_CN.UTF-8', 'ROS_AUTOMATIC_DISCOVERY_RANGE': 'SUBNET', 'VSCODE_GIT_ASKPASS_EXTRA_ARGS': '', 'QT_IM_MODULE': 'fcitx', 'PWD': '/home/dawntildusk/lbot_ws/build/lbot_driver', 'XDG_CONFIG_DIRS': '/etc/xdg/xdg-ubuntu:/etc/xdg', 'COPILOT_DEBUG_NONCE': '7dac8b5f3bc076abaa655999b86f7af0', 'CONDA_EXE': '/home/dawntildusk/miniconda3/bin/conda', 'CLUTTER_IM_MODULE': 'xim', 'XDG_DATA_DIRS': '/usr/share/ubuntu:/usr/share/gnome:/usr/local/share/:/usr/share/:/var/lib/snapd/desktop', 'QTWEBENGINE_DICTIONARIES_PATH': '/usr/share/hunspell-bdic/', 'PYTHONPATH': '/home/dawntildusk/lbot_ws/install/lbot_arm_interfaces/lib/python3.12/site-packages:/opt/ros/jazzy/lib/python3.12/site-packages', 'LC_NUMERIC': 'zh_CN.UTF-8', 'CONDA_PREFIX': '', 'LC_PAPER': 'zh_CN.UTF-8', 'COLCON': '1', 'MEMORY_PRESSURE_WRITE': 'c29tZSAyMDAwMDAgMjAwMDAwMAA=', 'CMAKE_PREFIX_PATH': '/home/dawntildusk/lbot_ws/install/lbot_arm_interfaces:/opt/ros/jazzy/opt/gz_math_vendor:/opt/ros/jazzy/opt/gz_utils_vendor:/opt/ros/jazzy/opt/gz_cmake_vendor:/opt/ros/jazzy'}), 'shell': False}
[11.646840] (lbot_teleop) JobProgress: {'identifier': 'lbot_teleop', 'progress': 'cmake'}
[11.647202] (lbot_teleop) Command: {'cmd': ['/usr/bin/cmake', '/home/dawntildusk/lbot_ws/src/lbot_teleop', '-DPython3_EXECUTABLE=/usr/bin/python3', '-DAMENT_CMAKE_SYMLINK_INSTALL=1', '-DCMAKE_INSTALL_PREFIX=/home/dawntildusk/lbot_ws/install/lbot_teleop'], 'cwd': '/home/dawntildusk/lbot_ws/build/lbot_teleop', 'env': OrderedDict({'GJS_DEBUG_TOPICS': 'JS ERROR;JS LOG', 'LESSOPEN': '| /usr/bin/lesspipe %s', 'CONDA_PROMPT_MODIFIER': '', 'LANGUAGE': 'zh_CN:en_US:en', 'USER': 'dawntildusk', 'LC_TIME': 'zh_CN.UTF-8', 'XDG_SESSION_TYPE': 'x11', 'GIT_ASKPASS': '/usr/share/code/resources/app/extensions/git/dist/askpass.sh', 'CLUTTER_DISABLE_MIPMAPPED_TEXT': '1', 'SHLVL': '1', 'LD_LIBRARY_PATH': '/home/dawntildusk/lbot_ws/install/lbot_arm_interfaces/lib:/opt/ros/jazzy/opt/rviz_ogre_vendor/lib:/opt/ros/jazzy/lib/x86_64-linux-gnu:/opt/ros/jazzy/opt/gz_math_vendor/lib:/opt/ros/jazzy/opt/gz_utils_vendor/lib:/opt/ros/jazzy/opt/gz_cmake_vendor/lib:/opt/ros/jazzy/lib', 'HOME': '/home/dawntildusk', 'CHROME_DESKTOP': 'code.desktop', 'CONDA_SHLVL': '0', 'OLDPWD': '/home/dawntildusk/lbot_ws', 'TERM_PROGRAM_VERSION': '1.136.1', 'DESKTOP_SESSION': 'ubuntu', 'GIO_LAUNCHED_DESKTOP_FILE': '/usr/share/applications/code.desktop', 'ROS_PYTHON_VERSION': '3', 'GNOME_SHELL_SESSION_MODE': 'ubuntu', 'GTK_MODULES': 'gail:atk-bridge', 'SDL_IM_MODULE': 'fcitx', 'VSCODE_GIT_ASKPASS_MAIN': '/usr/share/code/resources/app/extensions/git/dist/askpass-main.js', 'LC_MONETARY': 'zh_CN.UTF-8', 'VSCODE_GIT_ASKPASS_NODE': '/usr/share/code/code', 'MANAGERPID': '2288', 'SYSTEMD_EXEC_PID': '2708', 'VSCODE_PYTHON_AUTOACTIVATE_GUARD': '1', 'GSM_SKIP_SSH_AGENT_WORKAROUND': 'true', 'DBUS_SESSION_BUS_ADDRESS': 'unix:path=/run/user/1000/bus', 'COLORTERM': 'truecolor', '_CE_M': '', '_CONDA_ROOT': '/home/dawntildusk/miniconda3', 'GIO_LAUNCHED_DESKTOP_FILE_PID': '44016', 'DEBUGINFOD_URLS': 'https://debuginfod.ubuntu.com', 'ROS_DISTRO': 'jazzy', 'GTK_IM_MODULE': 'fcitx', 'LOGNAME': 'dawntildusk', 'JOURNAL_STREAM': '10:29928', '_': '/usr/bin/colcon', 'ROS_VERSION': '2', 'MEMORY_PRESSURE_WATCH': '/sys/fs/cgroup/user.slice/user-1000.slice/user@1000.service/session.slice/org.gnome.Shell@x11.service/memory.pressure', 'XDG_SESSION_CLASS': 'user', 'USERNAME': 'dawntildusk', 'TERM': 'xterm-256color', 'GNOME_DESKTOP_SESSION_ID': 'this-is-deprecated', '_CE_CONDA': '', 'FC_FONTATIONS': '1', 'WINDOWPATH': '2', 'PATH': '/opt/ros/jazzy/bin:/home/dawntildusk/.config/Code/User/globalStorage/github.copilot-chat/debugCommand:/home/dawntildusk/.config/Code/User/globalStorage/github.copilot-chat/copilotCli:/home/dawntildusk/miniconda3/condabin:/usr/local/sbin:/usr/local/bin:/usr/sbin:/usr/bin:/sbin:/bin:/usr/games:/usr/local/games:/snap/bin:/snap/bin', 'SESSION_MANAGER': 'local/dawntildusk-TX-Gaming-FX608JPR-FX608JPR:@/tmp/.ICE-unix/2640,unix/dawntildusk-TX-Gaming-FX608JPR-FX608JPR:/tmp/.ICE-unix/2640', 'INVOCATION_ID': '39883ff62c494379bef8f4b89657dd8f', 'PAPERSIZE': 'a4', 'XDG_MENU_PREFIX': 'gnome-', 'LC_ADDRESS': 'zh_CN.UTF-8', 'XDG_RUNTIME_DIR': '/run/user/1000', 'GDK_BACKEND': 'x11', 'DISPLAY': ':1', 'LANG': 'zh_CN.UTF-8', 'XDG_CURRENT_DESKTOP': 'ubuntu:GNOME', 'LC_TELEPHONE': 'zh_CN.UTF-8', 'XMODIFIERS': '@im=fcitx', 'XDG_SESSION_DESKTOP': 'ubuntu', 'XAUTHORITY': '/run/user/1000/gdm/Xauthority', 'LS_COLORS': 'rs=0:di=01;34:ln=01;36:mh=00:pi=40;33:so=01;35:do=01;35:bd=40;33;01:cd=40;33;01:or=40;31;01:mi=00:su=37;41:sg=30;43:ca=00:tw=30;42:ow=34;42:st=37;44:ex=01;32:*.tar=01;31:*.tgz=01;31:*.arc=01;31:*.arj=01;31:*.taz=01;31:*.lha=01;31:*.lz4=01;31:*.lzh=01;31:*.lzma=01;31:*.tlz=01;31:*.txz=01;31:*.tzo=01;31:*.t7z=01;31:*.zip=01;31:*.z=01;31:*.dz=01;31:*.gz=01;31:*.lrz=01;31:*.lz=01;31:*.lzo=01;31:*.xz=01;31:*.zst=01;31:*.tzst=01;31:*.bz2=01;31:*.bz=01;31:*.tbz=01;31:*.tbz2=01;31:*.tz=01;31:*.deb=01;31:*.rpm=01;31:*.jar=01;31:*.war=01;31:*.ear=01;31:*.sar=01;31:*.rar=01;31:*.alz=01;31:*.ace=01;31:*.zoo=01;31:*.cpio=01;31:*.7z=01;31:*.rz=01;31:*.cab=01;31:*.wim=01;31:*.swm=01;31:*.dwm=01;31:*.esd=01;31:*.avif=01;35:*.jpg=01;35:*.jpeg=01;35:*.mjpg=01;35:*.mjpeg=01;35:*.gif=01;35:*.bmp=01;35:*.pbm=01;35:*.pgm=01;35:*.ppm=01;35:*.tga=01;35:*.xbm=01;35:*.xpm=01;35:*.tif=01;35:*.tiff=01;35:*.png=01;35:*.svg=01;35:*.svgz=01;35:*.mng=01;35:*.pcx=01;35:*.mov=01;35:*.mpg=01;35:*.mpeg=01;35:*.m2v=01;35:*.mkv=01;35:*.webm=01;35:*.webp=01;35:*.ogm=01;35:*.mp4=01;35:*.m4v=01;35:*.mp4v=01;35:*.vob=01;35:*.qt=01;35:*.nuv=01;35:*.wmv=01;35:*.asf=01;35:*.rm=01;35:*.rmvb=01;35:*.flc=01;35:*.avi=01;35:*.fli=01;35:*.flv=01;35:*.gl=01;35:*.dl=01;35:*.xcf=01;35:*.xwd=01;35:*.yuv=01;35:*.cgm=01;35:*.emf=01;35:*.ogv=01;35:*.ogx=01;35:*.aac=00;36:*.au=00;36:*.flac=00;36:*.m4a=00;36:*.mid=00;36:*.midi=00;36:*.mka=00;36:*.mp3=00;36:*.mpc=00;36:*.ogg=00;36:*.ra=00;36:*.wav=00;36:*.oga=00;36:*.opus=00;36:*.spx=00;36:*.xspf=00;36:*~=00;90:*#=00;90:*.bak=00;90:*.crdownload=00;90:*.dpkg-dist=00;90:*.dpkg-new=00;90:*.dpkg-old=00;90:*.dpkg-tmp=00;90:*.old=00;90:*.orig=00;90:*.part=00;90:*.rej=00;90:*.rpmnew=00;90:*.rpmorig=00;90:*.rpmsave=00;90:*.swp=00;90:*.tmp=00;90:*.ucf-dist=00;90:*.ucf-new=00;90:*.ucf-old=00;90:', 'VSCODE_GIT_IPC_HANDLE': '/run/user/1000/vscode-git-fc3f46f092.sock', 'TERM_PROGRAM': 'vscode', 'SSH_AUTH_SOCK': '/run/user/1000/keyring/ssh', 'AMENT_PREFIX_PATH': '/home/dawntildusk/lbot_ws/install/lbot_arm_interfaces:/opt/ros/jazzy', 'CONDA_PYTHON_EXE': '/home/dawntildusk/miniconda3/bin/python', 'SHELL': '/bin/bash', 'LC_NAME': 'zh_CN.UTF-8', 'QT_ACCESSIBILITY': '1', 'GDMSESSION': 'ubuntu', 'LESSCLOSE': '/usr/bin/lesspipe %s %s', 'CONDA_DEFAULT_ENV': '', 'LC_MEASUREMENT': 'zh_CN.UTF-8', 'GPG_AGENT_INFO': '/run/user/1000/gnupg/S.gpg-agent:0:1', 'GJS_DEBUG_OUTPUT': 'stderr', '_CONDA_EXE': '/home/dawntildusk/miniconda3/bin/conda', 'LC_IDENTIFICATION': 'zh_CN.UTF-8', 'ROS_AUTOMATIC_DISCOVERY_RANGE': 'SUBNET', 'VSCODE_GIT_ASKPASS_EXTRA_ARGS': '', 'QT_IM_MODULE': 'fcitx', 'PWD': '/home/dawntildusk/lbot_ws/build/lbot_teleop', 'XDG_CONFIG_DIRS': '/etc/xdg/xdg-ubuntu:/etc/xdg', 'COPILOT_DEBUG_NONCE': '7dac8b5f3bc076abaa655999b86f7af0', 'CONDA_EXE': '/home/dawntildusk/miniconda3/bin/conda', 'CLUTTER_IM_MODULE': 'xim', 'XDG_DATA_DIRS': '/usr/share/ubuntu:/usr/share/gnome:/usr/local/share/:/usr/share/:/var/lib/snapd/desktop', 'QTWEBENGINE_DICTIONARIES_PATH': '/usr/share/hunspell-bdic/', 'PYTHONPATH': '/home/dawntildusk/lbot_ws/install/lbot_arm_interfaces/lib/python3.12/site-packages:/opt/ros/jazzy/lib/python3.12/site-packages', 'LC_NUMERIC': 'zh_CN.UTF-8', 'CONDA_PREFIX': '', 'LC_PAPER': 'zh_CN.UTF-8', 'COLCON': '1', 'MEMORY_PRESSURE_WRITE': 'c29tZSAyMDAwMDAgMjAwMDAwMAA=', 'CMAKE_PREFIX_PATH': '/home/dawntildusk/lbot_ws/install/lbot_arm_interfaces:/opt/ros/jazzy/opt/gz_math_vendor:/opt/ros/jazzy/opt/gz_utils_vendor:/opt/ros/jazzy/opt/gz_cmake_vendor:/opt/ros/jazzy'}), 'shell': False}
[11.684546] (lbot_demo) StdoutLine: {'line': b'-- The C compiler identification is GNU 13.3.0\n'}
[11.685978] (lbot_driver) StdoutLine: {'line': b'-- The C compiler identification is GNU 13.3.0\n'}
[11.688803] (lbot_teleop) StdoutLine: {'line': b'-- The C compiler identification is GNU 13.3.0\n'}
[11.714607] (lbot_demo) StdoutLine: {'line': b'-- The CXX compiler identification is GNU 13.3.0\n'}
[11.716494] (lbot_driver) StdoutLine: {'line': b'-- The CXX compiler identification is GNU 13.3.0\n'}
[11.725523] (lbot_teleop) StdoutLine: {'line': b'-- The CXX compiler identification is GNU 13.3.0\n'}
[11.725613] (lbot_demo) StdoutLine: {'line': b'-- Detecting C compiler ABI info\n'}
[11.726829] (lbot_driver) StdoutLine: {'line': b'-- Detecting C compiler ABI info\n'}
[11.726905] (-) TimerEvent: {}
[11.736051] (lbot_teleop) StdoutLine: {'line': b'-- Detecting C compiler ABI info\n'}
[11.781720] (lbot_demo) StdoutLine: {'line': b'-- Detecting C compiler ABI info - done\n'}
[11.783495] (lbot_driver) StdoutLine: {'line': b'-- Detecting C compiler ABI info - done\n'}
[11.786762] (lbot_demo) StdoutLine: {'line': b'-- Check for working C compiler: /usr/bin/cc - skipped\n'}
[11.786845] (lbot_demo) StdoutLine: {'line': b'-- Detecting C compile features\n'}
[11.787165] (lbot_demo) StdoutLine: {'line': b'-- Detecting C compile features - done\n'}
[11.790539] (lbot_driver) StdoutLine: {'line': b'-- Check for working C compiler: /usr/bin/cc - skipped\n'}
[11.790624] (lbot_driver) StdoutLine: {'line': b'-- Detecting C compile features\n'}
[11.790771] (lbot_driver) StdoutLine: {'line': b'-- Detecting C compile features - done\n'}
[11.793029] (lbot_teleop) StdoutLine: {'line': b'-- Detecting C compiler ABI info - done\n'}
[11.793152] (lbot_demo) StdoutLine: {'line': b'-- Detecting CXX compiler ABI info\n'}
[11.796468] (lbot_driver) StdoutLine: {'line': b'-- Detecting CXX compiler ABI info\n'}
[11.798193] (lbot_teleop) StdoutLine: {'line': b'-- Check for working C compiler: /usr/bin/cc - skipped\n'}
[11.798341] (lbot_teleop) StdoutLine: {'line': b'-- Detecting C compile features\n'}
[11.798590] (lbot_teleop) StdoutLine: {'line': b'-- Detecting C compile features - done\n'}
[11.805042] (lbot_teleop) StdoutLine: {'line': b'-- Detecting CXX compiler ABI info\n'}
[11.827017] (-) TimerEvent: {}
[11.856862] (lbot_demo) StdoutLine: {'line': b'-- Detecting CXX compiler ABI info - done\n'}
[11.857918] (lbot_driver) StdoutLine: {'line': b'-- Detecting CXX compiler ABI info - done\n'}
[11.862203] (lbot_demo) StdoutLine: {'line': b'-- Check for working CXX compiler: /usr/bin/c++ - skipped\n'}
[11.862336] (lbot_demo) StdoutLine: {'line': b'-- Detecting CXX compile features\n'}
[11.862620] (lbot_demo) StdoutLine: {'line': b'-- Detecting CXX compile features - done\n'}
[11.863799] (lbot_demo) StdoutLine: {'line': b'-- Found ament_cmake: 2.5.6 (/opt/ros/jazzy/share/ament_cmake/cmake)\n'}
[11.865803] (lbot_driver) StdoutLine: {'line': b'-- Check for working CXX compiler: /usr/bin/c++ - skipped\n'}
[11.865903] (lbot_driver) StdoutLine: {'line': b'-- Detecting CXX compile features\n'}
[11.866312] (lbot_driver) StdoutLine: {'line': b'-- Detecting CXX compile features - done\n'}
[11.867505] (lbot_driver) StdoutLine: {'line': b'-- Found ament_cmake: 2.5.6 (/opt/ros/jazzy/share/ament_cmake/cmake)\n'}
[11.868220] (lbot_teleop) StdoutLine: {'line': b'-- Detecting CXX compiler ABI info - done\n'}
[11.873992] (lbot_teleop) StdoutLine: {'line': b'-- Check for working CXX compiler: /usr/bin/c++ - skipped\n'}
[11.874105] (lbot_teleop) StdoutLine: {'line': b'-- Detecting CXX compile features\n'}
[11.874385] (lbot_teleop) StdoutLine: {'line': b'-- Detecting CXX compile features - done\n'}
[11.875536] (lbot_teleop) StdoutLine: {'line': b'-- Found ament_cmake: 2.5.6 (/opt/ros/jazzy/share/ament_cmake/cmake)\n'}
[11.927104] (-) TimerEvent: {}
[11.954283] (lbot_driver) StdoutLine: {'line': b'-- Found Python3: /usr/bin/python3 (found version "3.12.3") found components: Interpreter \n'}
[11.954693] (lbot_demo) StdoutLine: {'line': b'-- Found Python3: /usr/bin/python3 (found version "3.12.3") found components: Interpreter \n'}
[11.962531] (lbot_teleop) StdoutLine: {'line': b'-- Found Python3: /usr/bin/python3 (found version "3.12.3") found components: Interpreter \n'}
[11.997699] (lbot_driver) StdoutLine: {'line': b'-- Override CMake install command with custom implementation using symlinks instead of copying resources\n'}
[11.997869] (lbot_demo) StdoutLine: {'line': b'-- Override CMake install command with custom implementation using symlinks instead of copying resources\n'}
[12.004457] (lbot_teleop) StdoutLine: {'line': b'-- Override CMake install command with custom implementation using symlinks instead of copying resources\n'}
[12.012256] (lbot_demo) StdoutLine: {'line': b'-- Found rclcpp: 28.1.21 (/opt/ros/jazzy/share/rclcpp/cmake)\n'}
[12.012454] (lbot_driver) StdoutLine: {'line': b'-- Found rclcpp: 28.1.21 (/opt/ros/jazzy/share/rclcpp/cmake)\n'}
[12.018592] (lbot_teleop) StdoutLine: {'line': b'-- Found rclcpp: 28.1.21 (/opt/ros/jazzy/share/rclcpp/cmake)\n'}
[12.027173] (-) TimerEvent: {}
[12.033543] (lbot_driver) StdoutLine: {'line': b'-- Found rosidl_generator_c: 4.6.9 (/opt/ros/jazzy/share/rosidl_generator_c/cmake)\n'}
[12.035445] (lbot_demo) StdoutLine: {'line': b'-- Found rosidl_generator_c: 4.6.9 (/opt/ros/jazzy/share/rosidl_generator_c/cmake)\n'}
[12.040045] (lbot_teleop) StdoutLine: {'line': b'-- Found rosidl_generator_c: 4.6.9 (/opt/ros/jazzy/share/rosidl_generator_c/cmake)\n'}
[12.040811] (lbot_driver) StdoutLine: {'line': b'-- Found rosidl_generator_cpp: 4.6.9 (/opt/ros/jazzy/share/rosidl_generator_cpp/cmake)\n'}
[12.042353] (lbot_demo) StdoutLine: {'line': b'-- Found rosidl_generator_cpp: 4.6.9 (/opt/ros/jazzy/share/rosidl_generator_cpp/cmake)\n'}
[12.048145] (lbot_teleop) StdoutLine: {'line': b'-- Found rosidl_generator_cpp: 4.6.9 (/opt/ros/jazzy/share/rosidl_generator_cpp/cmake)\n'}
[12.049148] (lbot_driver) StdoutLine: {'line': b'-- Using all available rosidl_typesupport_c: rosidl_typesupport_fastrtps_c;rosidl_typesupport_introspection_c\n'}
[12.050365] (lbot_demo) StdoutLine: {'line': b'-- Using all available rosidl_typesupport_c: rosidl_typesupport_fastrtps_c;rosidl_typesupport_introspection_c\n'}
[12.058540] (lbot_driver) StdoutLine: {'line': b'-- Using all available rosidl_typesupport_cpp: rosidl_typesupport_fastrtps_cpp;rosidl_typesupport_introspection_cpp\n'}
[12.059331] (lbot_demo) StdoutLine: {'line': b'-- Using all available rosidl_typesupport_cpp: rosidl_typesupport_fastrtps_cpp;rosidl_typesupport_introspection_cpp\n'}
[12.059578] (lbot_teleop) StdoutLine: {'line': b'-- Using all available rosidl_typesupport_c: rosidl_typesupport_fastrtps_c;rosidl_typesupport_introspection_c\n'}
[12.069059] (lbot_teleop) StdoutLine: {'line': b'-- Using all available rosidl_typesupport_cpp: rosidl_typesupport_fastrtps_cpp;rosidl_typesupport_introspection_cpp\n'}
[12.101100] (lbot_demo) StdoutLine: {'line': b'-- Found rmw_implementation_cmake: 7.3.3 (/opt/ros/jazzy/share/rmw_implementation_cmake/cmake)\n'}
[12.101280] (lbot_driver) StdoutLine: {'line': b'-- Found rmw_implementation_cmake: 7.3.3 (/opt/ros/jazzy/share/rmw_implementation_cmake/cmake)\n'}
[12.102465] (lbot_demo) StdoutLine: {'line': b'-- Found rmw_fastrtps_cpp: 8.4.4 (/opt/ros/jazzy/share/rmw_fastrtps_cpp/cmake)\n'}
[12.102597] (lbot_driver) StdoutLine: {'line': b'-- Found rmw_fastrtps_cpp: 8.4.4 (/opt/ros/jazzy/share/rmw_fastrtps_cpp/cmake)\n'}
[12.111279] (lbot_teleop) StdoutLine: {'line': b'-- Found rmw_implementation_cmake: 7.3.3 (/opt/ros/jazzy/share/rmw_implementation_cmake/cmake)\n'}
[12.112668] (lbot_teleop) StdoutLine: {'line': b'-- Found rmw_fastrtps_cpp: 8.4.4 (/opt/ros/jazzy/share/rmw_fastrtps_cpp/cmake)\n'}
[12.127251] (-) TimerEvent: {}
[12.151819] (lbot_driver) StdoutLine: {'line': b'-- Found OpenSSL: /usr/lib/x86_64-linux-gnu/libcrypto.so (found version "3.0.13")  \n'}
[12.153115] (lbot_demo) StdoutLine: {'line': b'-- Found OpenSSL: /usr/lib/x86_64-linux-gnu/libcrypto.so (found version "3.0.13")  \n'}
[12.161335] (lbot_teleop) StdoutLine: {'line': b'-- Found OpenSSL: /usr/lib/x86_64-linux-gnu/libcrypto.so (found version "3.0.13")  \n'}
[12.164512] (lbot_driver) StdoutLine: {'line': b'-- Found FastRTPS: /opt/ros/jazzy/include (Required is at least version "2.13") \n'}
[12.170689] (lbot_demo) StdoutLine: {'line': b'-- Found FastRTPS: /opt/ros/jazzy/include (Required is at least version "2.13") \n'}
[12.174052] (lbot_teleop) StdoutLine: {'line': b'-- Found FastRTPS: /opt/ros/jazzy/include (Required is at least version "2.13") \n'}
[12.181954] (lbot_driver) StdoutLine: {'line': b"-- Using RMW implementation 'rmw_fastrtps_cpp' as default\n"}
[12.190187] (lbot_demo) StdoutLine: {'line': b"-- Using RMW implementation 'rmw_fastrtps_cpp' as default\n"}
[12.192835] (lbot_teleop) StdoutLine: {'line': b"-- Using RMW implementation 'rmw_fastrtps_cpp' as default\n"}
[12.227325] (-) TimerEvent: {}
[12.228589] (lbot_driver) StdoutLine: {'line': b'-- Found std_msgs: 5.3.8 (/opt/ros/jazzy/share/std_msgs/cmake)\n'}
[12.235670] (lbot_demo) StdoutLine: {'line': b'-- Found std_msgs: 5.3.8 (/opt/ros/jazzy/share/std_msgs/cmake)\n'}
[12.237252] (lbot_driver) StdoutLine: {'line': b'-- Found std_srvs: 5.3.8 (/opt/ros/jazzy/share/std_srvs/cmake)\n'}
[12.238898] (lbot_teleop) StdoutLine: {'line': b'-- Found std_msgs: 5.3.8 (/opt/ros/jazzy/share/std_msgs/cmake)\n'}
[12.244202] (lbot_demo) StdoutLine: {'line': b'-- Found std_srvs: 5.3.8 (/opt/ros/jazzy/share/std_srvs/cmake)\n'}
[12.247582] (lbot_teleop) StdoutLine: {'line': b'-- Found std_srvs: 5.3.8 (/opt/ros/jazzy/share/std_srvs/cmake)\n'}
[12.247713] (lbot_driver) StdoutLine: {'line': b'-- Found sensor_msgs: 5.3.8 (/opt/ros/jazzy/share/sensor_msgs/cmake)\n'}
[12.254351] (lbot_demo) StdoutLine: {'line': b'-- Found sensor_msgs: 5.3.8 (/opt/ros/jazzy/share/sensor_msgs/cmake)\n'}
[12.257925] (lbot_teleop) StdoutLine: {'line': b'-- Found sensor_msgs: 5.3.8 (/opt/ros/jazzy/share/sensor_msgs/cmake)\n'}
[12.271892] (lbot_driver) StdoutLine: {'line': b'-- Found tf2: 0.36.21 (/opt/ros/jazzy/share/tf2/cmake)\n'}
[12.274764] (lbot_driver) StdoutLine: {'line': b'-- Found tf2_geometry_msgs: 0.36.21 (/opt/ros/jazzy/share/tf2_geometry_msgs/cmake)\n'}
[12.278385] (lbot_demo) StdoutLine: {'line': b'-- Found tf2: 0.36.21 (/opt/ros/jazzy/share/tf2/cmake)\n'}
[12.281222] (lbot_demo) StdoutLine: {'line': b'-- Found tf2_geometry_msgs: 0.36.21 (/opt/ros/jazzy/share/tf2_geometry_msgs/cmake)\n'}
[12.281959] (lbot_driver) StdoutLine: {'line': b'-- Found eigen3_cmake_module: 0.3.1 (/opt/ros/jazzy/share/eigen3_cmake_module/cmake)\n'}
[12.282313] (lbot_teleop) StdoutLine: {'line': b'-- Found tf2: 0.36.21 (/opt/ros/jazzy/share/tf2/cmake)\n'}
[12.282785] (lbot_driver) StdoutLine: {'line': b'-- Found Eigen3: TRUE (found version "3.4.0") \n'}
[12.282855] (lbot_driver) StdoutLine: {'line': b'-- Ensuring Eigen3 include directory is part of orocos-kdl CMake target\n'}
[12.285269] (lbot_teleop) StdoutLine: {'line': b'-- Found tf2_geometry_msgs: 0.36.21 (/opt/ros/jazzy/share/tf2_geometry_msgs/cmake)\n'}
[12.288268] (lbot_demo) StdoutLine: {'line': b'-- Found eigen3_cmake_module: 0.3.1 (/opt/ros/jazzy/share/eigen3_cmake_module/cmake)\n'}
[12.289097] (lbot_demo) StdoutLine: {'line': b'-- Found Eigen3: TRUE (found version "3.4.0") \n'}
[12.289172] (lbot_demo) StdoutLine: {'line': b'-- Ensuring Eigen3 include directory is part of orocos-kdl CMake target\n'}
[12.292682] (lbot_teleop) StdoutLine: {'line': b'-- Found eigen3_cmake_module: 0.3.1 (/opt/ros/jazzy/share/eigen3_cmake_module/cmake)\n'}
[12.293526] (lbot_teleop) StdoutLine: {'line': b'-- Found Eigen3: TRUE (found version "3.4.0") \n'}
[12.293613] (lbot_teleop) StdoutLine: {'line': b'-- Ensuring Eigen3 include directory is part of orocos-kdl CMake target\n'}
[12.327399] (-) TimerEvent: {}
[12.357872] (lbot_driver) StdoutLine: {'line': b'-- Found lbot_arm_interfaces: 0.0.0 (/home/dawntildusk/lbot_ws/install/lbot_arm_interfaces/share/lbot_arm_interfaces/cmake)\n'}
[12.363395] (lbot_demo) StdoutLine: {'line': b'-- Found lbot_arm_interfaces: 0.0.0 (/home/dawntildusk/lbot_ws/install/lbot_arm_interfaces/share/lbot_arm_interfaces/cmake)\n'}
[12.368677] (lbot_teleop) StdoutLine: {'line': b'-- Found lbot_arm_interfaces: 0.0.0 (/home/dawntildusk/lbot_ws/install/lbot_arm_interfaces/share/lbot_arm_interfaces/cmake)\n'}
[12.389380] (lbot_demo) StdoutLine: {'line': b'-- Found ament_lint_auto: 0.17.5 (/opt/ros/jazzy/share/ament_lint_auto/cmake)\n'}
[12.394613] (lbot_teleop) StdoutLine: {'line': b'-- Found ament_lint_auto: 0.17.5 (/opt/ros/jazzy/share/ament_lint_auto/cmake)\n'}
[12.427485] (-) TimerEvent: {}
[12.436647] (lbot_driver) StdoutLine: {'line': b'-- Configuring done (0.8s)\n'}
[12.445729] (lbot_driver) StdoutLine: {'line': b'-- Generating done (0.0s)\n'}
[12.448044] (lbot_driver) StdoutLine: {'line': b'-- Build files have been written to: /home/dawntildusk/lbot_ws/build/lbot_driver\n'}
[12.453574] (lbot_teleop) StdoutLine: {'line': b"-- Added test 'cppcheck' to perform static code analysis on C / C++ code\n"}
[12.453631] (lbot_teleop) StdoutLine: {'line': b'-- Configured cppcheck include dirs: /home/dawntildusk/lbot_ws/src/lbot_teleop/include;/home/dawntildusk/lbot_ws/src/lbot_teleop/include/lbot_teleop\n'}
[12.453671] (lbot_teleop) StdoutLine: {'line': b'-- Configured cppcheck exclude dirs and/or files: \n'}
[12.453882] (lbot_teleop) StdoutLine: {'line': b"-- Added test 'flake8' to check Python code syntax and style conventions\n"}
[12.453925] (lbot_teleop) StdoutLine: {'line': b"-- Configured 'flake8' exclude dirs and/or files: \n"}
[12.454617] (lbot_driver) CommandEnded: {'returncode': 0}
[12.454813] (lbot_teleop) StdoutLine: {'line': b"-- Added test 'lint_cmake' to check CMake code style\n"}
[12.454861] (lbot_teleop) StdoutLine: {'line': b"-- Added test 'pep257' to check Python code against some of the docstring style conventions in PEP 257\n"}
[12.455029] (lbot_driver) JobProgress: {'identifier': 'lbot_driver', 'progress': 'build'}
[12.455071] (lbot_teleop) StdoutLine: {'line': b"-- Added test 'uncrustify' to check C / C++ code style\n"}
[12.455115] (lbot_teleop) StdoutLine: {'line': b'-- Configured uncrustify additional arguments: \n'}
[12.455456] (lbot_driver) Command: {'cmd': ['/usr/bin/cmake', '--build', '/home/dawntildusk/lbot_ws/build/lbot_driver', '--', '-j24', '-l24'], 'cwd': '/home/dawntildusk/lbot_ws/build/lbot_driver', 'env': OrderedDict({'GJS_DEBUG_TOPICS': 'JS ERROR;JS LOG', 'LESSOPEN': '| /usr/bin/lesspipe %s', 'CONDA_PROMPT_MODIFIER': '', 'LANGUAGE': 'zh_CN:en_US:en', 'USER': 'dawntildusk', 'LC_TIME': 'zh_CN.UTF-8', 'XDG_SESSION_TYPE': 'x11', 'GIT_ASKPASS': '/usr/share/code/resources/app/extensions/git/dist/askpass.sh', 'CLUTTER_DISABLE_MIPMAPPED_TEXT': '1', 'SHLVL': '1', 'LD_LIBRARY_PATH': '/home/dawntildusk/lbot_ws/install/lbot_arm_interfaces/lib:/opt/ros/jazzy/opt/rviz_ogre_vendor/lib:/opt/ros/jazzy/lib/x86_64-linux-gnu:/opt/ros/jazzy/opt/gz_math_vendor/lib:/opt/ros/jazzy/opt/gz_utils_vendor/lib:/opt/ros/jazzy/opt/gz_cmake_vendor/lib:/opt/ros/jazzy/lib', 'HOME': '/home/dawntildusk', 'CHROME_DESKTOP': 'code.desktop', 'CONDA_SHLVL': '0', 'OLDPWD': '/home/dawntildusk/lbot_ws', 'TERM_PROGRAM_VERSION': '1.136.1', 'DESKTOP_SESSION': 'ubuntu', 'GIO_LAUNCHED_DESKTOP_FILE': '/usr/share/applications/code.desktop', 'ROS_PYTHON_VERSION': '3', 'GNOME_SHELL_SESSION_MODE': 'ubuntu', 'GTK_MODULES': 'gail:atk-bridge', 'SDL_IM_MODULE': 'fcitx', 'VSCODE_GIT_ASKPASS_MAIN': '/usr/share/code/resources/app/extensions/git/dist/askpass-main.js', 'LC_MONETARY': 'zh_CN.UTF-8', 'VSCODE_GIT_ASKPASS_NODE': '/usr/share/code/code', 'MANAGERPID': '2288', 'SYSTEMD_EXEC_PID': '2708', 'VSCODE_PYTHON_AUTOACTIVATE_GUARD': '1', 'GSM_SKIP_SSH_AGENT_WORKAROUND': 'true', 'DBUS_SESSION_BUS_ADDRESS': 'unix:path=/run/user/1000/bus', 'COLORTERM': 'truecolor', '_CE_M': '', '_CONDA_ROOT': '/home/dawntildusk/miniconda3', 'GIO_LAUNCHED_DESKTOP_FILE_PID': '44016', 'DEBUGINFOD_URLS': 'https://debuginfod.ubuntu.com', 'ROS_DISTRO': 'jazzy', 'GTK_IM_MODULE': 'fcitx', 'LOGNAME': 'dawntildusk', 'JOURNAL_STREAM': '10:29928', '_': '/usr/bin/colcon', 'ROS_VERSION': '2', 'MEMORY_PRESSURE_WATCH': '/sys/fs/cgroup/user.slice/user-1000.slice/user@1000.service/session.slice/org.gnome.Shell@x11.service/memory.pressure', 'XDG_SESSION_CLASS': 'user', 'USERNAME': 'dawntildusk', 'TERM': 'xterm-256color', 'GNOME_DESKTOP_SESSION_ID': 'this-is-deprecated', '_CE_CONDA': '', 'FC_FONTATIONS': '1', 'WINDOWPATH': '2', 'PATH': '/opt/ros/jazzy/bin:/home/dawntildusk/.config/Code/User/globalStorage/github.copilot-chat/debugCommand:/home/dawntildusk/.config/Code/User/globalStorage/github.copilot-chat/copilotCli:/home/dawntildusk/miniconda3/condabin:/usr/local/sbin:/usr/local/bin:/usr/sbin:/usr/bin:/sbin:/bin:/usr/games:/usr/local/games:/snap/bin:/snap/bin', 'SESSION_MANAGER': 'local/dawntildusk-TX-Gaming-FX608JPR-FX608JPR:@/tmp/.ICE-unix/2640,unix/dawntildusk-TX-Gaming-FX608JPR-FX608JPR:/tmp/.ICE-unix/2640', 'INVOCATION_ID': '39883ff62c494379bef8f4b89657dd8f', 'PAPERSIZE': 'a4', 'XDG_MENU_PREFIX': 'gnome-', 'LC_ADDRESS': 'zh_CN.UTF-8', 'XDG_RUNTIME_DIR': '/run/user/1000', 'GDK_BACKEND': 'x11', 'DISPLAY': ':1', 'LANG': 'zh_CN.UTF-8', 'XDG_CURRENT_DESKTOP': 'ubuntu:GNOME', 'LC_TELEPHONE': 'zh_CN.UTF-8', 'XMODIFIERS': '@im=fcitx', 'XDG_SESSION_DESKTOP': 'ubuntu', 'XAUTHORITY': '/run/user/1000/gdm/Xauthority', 'LS_COLORS': 'rs=0:di=01;34:ln=01;36:mh=00:pi=40;33:so=01;35:do=01;35:bd=40;33;01:cd=40;33;01:or=40;31;01:mi=00:su=37;41:sg=30;43:ca=00:tw=30;42:ow=34;42:st=37;44:ex=01;32:*.tar=01;31:*.tgz=01;31:*.arc=01;31:*.arj=01;31:*.taz=01;31:*.lha=01;31:*.lz4=01;31:*.lzh=01;31:*.lzma=01;31:*.tlz=01;31:*.txz=01;31:*.tzo=01;31:*.t7z=01;31:*.zip=01;31:*.z=01;31:*.dz=01;31:*.gz=01;31:*.lrz=01;31:*.lz=01;31:*.lzo=01;31:*.xz=01;31:*.zst=01;31:*.tzst=01;31:*.bz2=01;31:*.bz=01;31:*.tbz=01;31:*.tbz2=01;31:*.tz=01;31:*.deb=01;31:*.rpm=01;31:*.jar=01;31:*.war=01;31:*.ear=01;31:*.sar=01;31:*.rar=01;31:*.alz=01;31:*.ace=01;31:*.zoo=01;31:*.cpio=01;31:*.7z=01;31:*.rz=01;31:*.cab=01;31:*.wim=01;31:*.swm=01;31:*.dwm=01;31:*.esd=01;31:*.avif=01;35:*.jpg=01;35:*.jpeg=01;35:*.mjpg=01;35:*.mjpeg=01;35:*.gif=01;35:*.bmp=01;35:*.pbm=01;35:*.pgm=01;35:*.ppm=01;35:*.tga=01;35:*.xbm=01;35:*.xpm=01;35:*.tif=01;35:*.tiff=01;35:*.png=01;35:*.svg=01;35:*.svgz=01;35:*.mng=01;35:*.pcx=01;35:*.mov=01;35:*.mpg=01;35:*.mpeg=01;35:*.m2v=01;35:*.mkv=01;35:*.webm=01;35:*.webp=01;35:*.ogm=01;35:*.mp4=01;35:*.m4v=01;35:*.mp4v=01;35:*.vob=01;35:*.qt=01;35:*.nuv=01;35:*.wmv=01;35:*.asf=01;35:*.rm=01;35:*.rmvb=01;35:*.flc=01;35:*.avi=01;35:*.fli=01;35:*.flv=01;35:*.gl=01;35:*.dl=01;35:*.xcf=01;35:*.xwd=01;35:*.yuv=01;35:*.cgm=01;35:*.emf=01;35:*.ogv=01;35:*.ogx=01;35:*.aac=00;36:*.au=00;36:*.flac=00;36:*.m4a=00;36:*.mid=00;36:*.midi=00;36:*.mka=00;36:*.mp3=00;36:*.mpc=00;36:*.ogg=00;36:*.ra=00;36:*.wav=00;36:*.oga=00;36:*.opus=00;36:*.spx=00;36:*.xspf=00;36:*~=00;90:*#=00;90:*.bak=00;90:*.crdownload=00;90:*.dpkg-dist=00;90:*.dpkg-new=00;90:*.dpkg-old=00;90:*.dpkg-tmp=00;90:*.old=00;90:*.orig=00;90:*.part=00;90:*.rej=00;90:*.rpmnew=00;90:*.rpmorig=00;90:*.rpmsave=00;90:*.swp=00;90:*.tmp=00;90:*.ucf-dist=00;90:*.ucf-new=00;90:*.ucf-old=00;90:', 'VSCODE_GIT_IPC_HANDLE': '/run/user/1000/vscode-git-fc3f46f092.sock', 'TERM_PROGRAM': 'vscode', 'SSH_AUTH_SOCK': '/run/user/1000/keyring/ssh', 'AMENT_PREFIX_PATH': '/home/dawntildusk/lbot_ws/install/lbot_arm_interfaces:/opt/ros/jazzy', 'CONDA_PYTHON_EXE': '/home/dawntildusk/miniconda3/bin/python', 'SHELL': '/bin/bash', 'LC_NAME': 'zh_CN.UTF-8', 'QT_ACCESSIBILITY': '1', 'GDMSESSION': 'ubuntu', 'LESSCLOSE': '/usr/bin/lesspipe %s %s', 'CONDA_DEFAULT_ENV': '', 'LC_MEASUREMENT': 'zh_CN.UTF-8', 'GPG_AGENT_INFO': '/run/user/1000/gnupg/S.gpg-agent:0:1', 'GJS_DEBUG_OUTPUT': 'stderr', '_CONDA_EXE': '/home/dawntildusk/miniconda3/bin/conda', 'LC_IDENTIFICATION': 'zh_CN.UTF-8', 'ROS_AUTOMATIC_DISCOVERY_RANGE': 'SUBNET', 'VSCODE_GIT_ASKPASS_EXTRA_ARGS': '', 'QT_IM_MODULE': 'fcitx', 'PWD': '/home/dawntildusk/lbot_ws/build/lbot_driver', 'XDG_CONFIG_DIRS': '/etc/xdg/xdg-ubuntu:/etc/xdg', 'COPILOT_DEBUG_NONCE': '7dac8b5f3bc076abaa655999b86f7af0', 'CONDA_EXE': '/home/dawntildusk/miniconda3/bin/conda', 'CLUTTER_IM_MODULE': 'xim', 'XDG_DATA_DIRS': '/usr/share/ubuntu:/usr/share/gnome:/usr/local/share/:/usr/share/:/var/lib/snapd/desktop', 'QTWEBENGINE_DICTIONARIES_PATH': '/usr/share/hunspell-bdic/', 'PYTHONPATH': '/home/dawntildusk/lbot_ws/install/lbot_arm_interfaces/lib/python3.12/site-packages:/opt/ros/jazzy/lib/python3.12/site-packages', 'LC_NUMERIC': 'zh_CN.UTF-8', 'CONDA_PREFIX': '', 'LC_PAPER': 'zh_CN.UTF-8', 'COLCON': '1', 'MEMORY_PRESSURE_WRITE': 'c29tZSAyMDAwMDAgMjAwMDAwMAA=', 'CMAKE_PREFIX_PATH': '/home/dawntildusk/lbot_ws/install/lbot_arm_interfaces:/opt/ros/jazzy/opt/gz_math_vendor:/opt/ros/jazzy/opt/gz_utils_vendor:/opt/ros/jazzy/opt/gz_cmake_vendor:/opt/ros/jazzy'}), 'shell': False}
[12.455745] (lbot_teleop) StdoutLine: {'line': b"-- Added test 'xmllint' to check XML markup files\n"}
[12.456011] (lbot_teleop) StdoutLine: {'line': b'-- Configuring done (0.8s)\n'}
[12.459480] (lbot_demo) StdoutLine: {'line': b"-- Added test 'cppcheck' to perform static code analysis on C / C++ code\n"}
[12.460291] (lbot_demo) StdoutLine: {'line': b'-- Configured cppcheck include dirs: /home/dawntildusk/lbot_ws/src/lbot_demo/include;/home/dawntildusk/lbot_ws/src/lbot_demo/include/lbot_demo\n'}
[12.460331] (lbot_demo) StdoutLine: {'line': b'-- Configured cppcheck exclude dirs and/or files: \n'}
[12.460666] (lbot_demo) StdoutLine: {'line': b"-- Added test 'flake8' to check Python code syntax and style conventions\n"}
[12.460706] (lbot_demo) StdoutLine: {'line': b"-- Configured 'flake8' exclude dirs and/or files: \n"}
[12.460920] (lbot_demo) StdoutLine: {'line': b"-- Added test 'lint_cmake' to check CMake code style\n"}
[12.461330] (lbot_demo) StdoutLine: {'line': b"-- Added test 'pep257' to check Python code against some of the docstring style conventions in PEP 257\n"}
[12.461763] (lbot_demo) StdoutLine: {'line': b"-- Added test 'uncrustify' to check C / C++ code style\n"}
[12.461801] (lbot_demo) StdoutLine: {'line': b'-- Configured uncrustify additional arguments: \n'}
[12.462013] (lbot_demo) StdoutLine: {'line': b"-- Added test 'xmllint' to check XML markup files\n"}
[12.462397] (lbot_teleop) StdoutLine: {'line': b'-- Generating done (0.0s)\n'}
[12.462809] (lbot_demo) StdoutLine: {'line': b'-- Configuring done (0.8s)\n'}
[12.464529] (lbot_teleop) StdoutLine: {'line': b'-- Build files have been written to: /home/dawntildusk/lbot_ws/build/lbot_teleop\n'}
[12.470427] (lbot_teleop) CommandEnded: {'returncode': 0}
[12.470737] (lbot_teleop) JobProgress: {'identifier': 'lbot_teleop', 'progress': 'build'}
[12.470925] (lbot_teleop) Command: {'cmd': ['/usr/bin/cmake', '--build', '/home/dawntildusk/lbot_ws/build/lbot_teleop', '--', '-j24', '-l24'], 'cwd': '/home/dawntildusk/lbot_ws/build/lbot_teleop', 'env': OrderedDict({'GJS_DEBUG_TOPICS': 'JS ERROR;JS LOG', 'LESSOPEN': '| /usr/bin/lesspipe %s', 'CONDA_PROMPT_MODIFIER': '', 'LANGUAGE': 'zh_CN:en_US:en', 'USER': 'dawntildusk', 'LC_TIME': 'zh_CN.UTF-8', 'XDG_SESSION_TYPE': 'x11', 'GIT_ASKPASS': '/usr/share/code/resources/app/extensions/git/dist/askpass.sh', 'CLUTTER_DISABLE_MIPMAPPED_TEXT': '1', 'SHLVL': '1', 'LD_LIBRARY_PATH': '/home/dawntildusk/lbot_ws/install/lbot_arm_interfaces/lib:/opt/ros/jazzy/opt/rviz_ogre_vendor/lib:/opt/ros/jazzy/lib/x86_64-linux-gnu:/opt/ros/jazzy/opt/gz_math_vendor/lib:/opt/ros/jazzy/opt/gz_utils_vendor/lib:/opt/ros/jazzy/opt/gz_cmake_vendor/lib:/opt/ros/jazzy/lib', 'HOME': '/home/dawntildusk', 'CHROME_DESKTOP': 'code.desktop', 'CONDA_SHLVL': '0', 'OLDPWD': '/home/dawntildusk/lbot_ws', 'TERM_PROGRAM_VERSION': '1.136.1', 'DESKTOP_SESSION': 'ubuntu', 'GIO_LAUNCHED_DESKTOP_FILE': '/usr/share/applications/code.desktop', 'ROS_PYTHON_VERSION': '3', 'GNOME_SHELL_SESSION_MODE': 'ubuntu', 'GTK_MODULES': 'gail:atk-bridge', 'SDL_IM_MODULE': 'fcitx', 'VSCODE_GIT_ASKPASS_MAIN': '/usr/share/code/resources/app/extensions/git/dist/askpass-main.js', 'LC_MONETARY': 'zh_CN.UTF-8', 'VSCODE_GIT_ASKPASS_NODE': '/usr/share/code/code', 'MANAGERPID': '2288', 'SYSTEMD_EXEC_PID': '2708', 'VSCODE_PYTHON_AUTOACTIVATE_GUARD': '1', 'GSM_SKIP_SSH_AGENT_WORKAROUND': 'true', 'DBUS_SESSION_BUS_ADDRESS': 'unix:path=/run/user/1000/bus', 'COLORTERM': 'truecolor', '_CE_M': '', '_CONDA_ROOT': '/home/dawntildusk/miniconda3', 'GIO_LAUNCHED_DESKTOP_FILE_PID': '44016', 'DEBUGINFOD_URLS': 'https://debuginfod.ubuntu.com', 'ROS_DISTRO': 'jazzy', 'GTK_IM_MODULE': 'fcitx', 'LOGNAME': 'dawntildusk', 'JOURNAL_STREAM': '10:29928', '_': '/usr/bin/colcon', 'ROS_VERSION': '2', 'MEMORY_PRESSURE_WATCH': '/sys/fs/cgroup/user.slice/user-1000.slice/user@1000.service/session.slice/org.gnome.Shell@x11.service/memory.pressure', 'XDG_SESSION_CLASS': 'user', 'USERNAME': 'dawntildusk', 'TERM': 'xterm-256color', 'GNOME_DESKTOP_SESSION_ID': 'this-is-deprecated', '_CE_CONDA': '', 'FC_FONTATIONS': '1', 'WINDOWPATH': '2', 'PATH': '/opt/ros/jazzy/bin:/home/dawntildusk/.config/Code/User/globalStorage/github.copilot-chat/debugCommand:/home/dawntildusk/.config/Code/User/globalStorage/github.copilot-chat/copilotCli:/home/dawntildusk/miniconda3/condabin:/usr/local/sbin:/usr/local/bin:/usr/sbin:/usr/bin:/sbin:/bin:/usr/games:/usr/local/games:/snap/bin:/snap/bin', 'SESSION_MANAGER': 'local/dawntildusk-TX-Gaming-FX608JPR-FX608JPR:@/tmp/.ICE-unix/2640,unix/dawntildusk-TX-Gaming-FX608JPR-FX608JPR:/tmp/.ICE-unix/2640', 'INVOCATION_ID': '39883ff62c494379bef8f4b89657dd8f', 'PAPERSIZE': 'a4', 'XDG_MENU_PREFIX': 'gnome-', 'LC_ADDRESS': 'zh_CN.UTF-8', 'XDG_RUNTIME_DIR': '/run/user/1000', 'GDK_BACKEND': 'x11', 'DISPLAY': ':1', 'LANG': 'zh_CN.UTF-8', 'XDG_CURRENT_DESKTOP': 'ubuntu:GNOME', 'LC_TELEPHONE': 'zh_CN.UTF-8', 'XMODIFIERS': '@im=fcitx', 'XDG_SESSION_DESKTOP': 'ubuntu', 'XAUTHORITY': '/run/user/1000/gdm/Xauthority', 'LS_COLORS': 'rs=0:di=01;34:ln=01;36:mh=00:pi=40;33:so=01;35:do=01;35:bd=40;33;01:cd=40;33;01:or=40;31;01:mi=00:su=37;41:sg=30;43:ca=00:tw=30;42:ow=34;42:st=37;44:ex=01;32:*.tar=01;31:*.tgz=01;31:*.arc=01;31:*.arj=01;31:*.taz=01;31:*.lha=01;31:*.lz4=01;31:*.lzh=01;31:*.lzma=01;31:*.tlz=01;31:*.txz=01;31:*.tzo=01;31:*.t7z=01;31:*.zip=01;31:*.z=01;31:*.dz=01;31:*.gz=01;31:*.lrz=01;31:*.lz=01;31:*.lzo=01;31:*.xz=01;31:*.zst=01;31:*.tzst=01;31:*.bz2=01;31:*.bz=01;31:*.tbz=01;31:*.tbz2=01;31:*.tz=01;31:*.deb=01;31:*.rpm=01;31:*.jar=01;31:*.war=01;31:*.ear=01;31:*.sar=01;31:*.rar=01;31:*.alz=01;31:*.ace=01;31:*.zoo=01;31:*.cpio=01;31:*.7z=01;31:*.rz=01;31:*.cab=01;31:*.wim=01;31:*.swm=01;31:*.dwm=01;31:*.esd=01;31:*.avif=01;35:*.jpg=01;35:*.jpeg=01;35:*.mjpg=01;35:*.mjpeg=01;35:*.gif=01;35:*.bmp=01;35:*.pbm=01;35:*.pgm=01;35:*.ppm=01;35:*.tga=01;35:*.xbm=01;35:*.xpm=01;35:*.tif=01;35:*.tiff=01;35:*.png=01;35:*.svg=01;35:*.svgz=01;35:*.mng=01;35:*.pcx=01;35:*.mov=01;35:*.mpg=01;35:*.mpeg=01;35:*.m2v=01;35:*.mkv=01;35:*.webm=01;35:*.webp=01;35:*.ogm=01;35:*.mp4=01;35:*.m4v=01;35:*.mp4v=01;35:*.vob=01;35:*.qt=01;35:*.nuv=01;35:*.wmv=01;35:*.asf=01;35:*.rm=01;35:*.rmvb=01;35:*.flc=01;35:*.avi=01;35:*.fli=01;35:*.flv=01;35:*.gl=01;35:*.dl=01;35:*.xcf=01;35:*.xwd=01;35:*.yuv=01;35:*.cgm=01;35:*.emf=01;35:*.ogv=01;35:*.ogx=01;35:*.aac=00;36:*.au=00;36:*.flac=00;36:*.m4a=00;36:*.mid=00;36:*.midi=00;36:*.mka=00;36:*.mp3=00;36:*.mpc=00;36:*.ogg=00;36:*.ra=00;36:*.wav=00;36:*.oga=00;36:*.opus=00;36:*.spx=00;36:*.xspf=00;36:*~=00;90:*#=00;90:*.bak=00;90:*.crdownload=00;90:*.dpkg-dist=00;90:*.dpkg-new=00;90:*.dpkg-old=00;90:*.dpkg-tmp=00;90:*.old=00;90:*.orig=00;90:*.part=00;90:*.rej=00;90:*.rpmnew=00;90:*.rpmorig=00;90:*.rpmsave=00;90:*.swp=00;90:*.tmp=00;90:*.ucf-dist=00;90:*.ucf-new=00;90:*.ucf-old=00;90:', 'VSCODE_GIT_IPC_HANDLE': '/run/user/1000/vscode-git-fc3f46f092.sock', 'TERM_PROGRAM': 'vscode', 'SSH_AUTH_SOCK': '/run/user/1000/keyring/ssh', 'AMENT_PREFIX_PATH': '/home/dawntildusk/lbot_ws/install/lbot_arm_interfaces:/opt/ros/jazzy', 'CONDA_PYTHON_EXE': '/home/dawntildusk/miniconda3/bin/python', 'SHELL': '/bin/bash', 'LC_NAME': 'zh_CN.UTF-8', 'QT_ACCESSIBILITY': '1', 'GDMSESSION': 'ubuntu', 'LESSCLOSE': '/usr/bin/lesspipe %s %s', 'CONDA_DEFAULT_ENV': '', 'LC_MEASUREMENT': 'zh_CN.UTF-8', 'GPG_AGENT_INFO': '/run/user/1000/gnupg/S.gpg-agent:0:1', 'GJS_DEBUG_OUTPUT': 'stderr', '_CONDA_EXE': '/home/dawntildusk/miniconda3/bin/conda', 'LC_IDENTIFICATION': 'zh_CN.UTF-8', 'ROS_AUTOMATIC_DISCOVERY_RANGE': 'SUBNET', 'VSCODE_GIT_ASKPASS_EXTRA_ARGS': '', 'QT_IM_MODULE': 'fcitx', 'PWD': '/home/dawntildusk/lbot_ws/build/lbot_teleop', 'XDG_CONFIG_DIRS': '/etc/xdg/xdg-ubuntu:/etc/xdg', 'COPILOT_DEBUG_NONCE': '7dac8b5f3bc076abaa655999b86f7af0', 'CONDA_EXE': '/home/dawntildusk/miniconda3/bin/conda', 'CLUTTER_IM_MODULE': 'xim', 'XDG_DATA_DIRS': '/usr/share/ubuntu:/usr/share/gnome:/usr/local/share/:/usr/share/:/var/lib/snapd/desktop', 'QTWEBENGINE_DICTIONARIES_PATH': '/usr/share/hunspell-bdic/', 'PYTHONPATH': '/home/dawntildusk/lbot_ws/install/lbot_arm_interfaces/lib/python3.12/site-packages:/opt/ros/jazzy/lib/python3.12/site-packages', 'LC_NUMERIC': 'zh_CN.UTF-8', 'CONDA_PREFIX': '', 'LC_PAPER': 'zh_CN.UTF-8', 'COLCON': '1', 'MEMORY_PRESSURE_WRITE': 'c29tZSAyMDAwMDAgMjAwMDAwMAA=', 'CMAKE_PREFIX_PATH': '/home/dawntildusk/lbot_ws/install/lbot_arm_interfaces:/opt/ros/jazzy/opt/gz_math_vendor:/opt/ros/jazzy/opt/gz_utils_vendor:/opt/ros/jazzy/opt/gz_cmake_vendor:/opt/ros/jazzy'}), 'shell': False}
[12.489780] (lbot_driver) StdoutLine: {'line': b'[ 50%] \x1b[32mBuilding CXX object CMakeFiles/lbot_driver.dir/src/lbot_driver.cpp.o\x1b[0m\n'}
[12.497409] (lbot_demo) StdoutLine: {'line': b'-- Generating done (0.0s)\n'}
[12.506161] (lbot_teleop) StdoutLine: {'line': b'[ 25%] \x1b[32mBuilding CXX object CMakeFiles/demo_teleop.dir/src/canbus.cpp.o\x1b[0m\n'}
[12.507539] (lbot_teleop) StdoutLine: {'line': b'[ 50%] \x1b[32mBuilding CXX object CMakeFiles/demo_teleop.dir/src/lbot_teleoperation.cpp.o\x1b[0m\n'}
[12.507688] (lbot_teleop) StdoutLine: {'line': b'[ 75%] \x1b[32mBuilding CXX object CMakeFiles/demo_teleop.dir/src/teleopmasterarm.cpp.o\x1b[0m\n'}
[12.509067] (lbot_demo) StdoutLine: {'line': b'-- Build files have been written to: /home/dawntildusk/lbot_ws/build/lbot_demo\n'}
[12.516202] (lbot_demo) CommandEnded: {'returncode': 0}
[12.516662] (lbot_demo) JobProgress: {'identifier': 'lbot_demo', 'progress': 'build'}
[12.516997] (lbot_demo) Command: {'cmd': ['/usr/bin/cmake', '--build', '/home/dawntildusk/lbot_ws/build/lbot_demo', '--', '-j24', '-l24'], 'cwd': '/home/dawntildusk/lbot_ws/build/lbot_demo', 'env': OrderedDict({'GJS_DEBUG_TOPICS': 'JS ERROR;JS LOG', 'LESSOPEN': '| /usr/bin/lesspipe %s', 'CONDA_PROMPT_MODIFIER': '', 'LANGUAGE': 'zh_CN:en_US:en', 'USER': 'dawntildusk', 'LC_TIME': 'zh_CN.UTF-8', 'XDG_SESSION_TYPE': 'x11', 'GIT_ASKPASS': '/usr/share/code/resources/app/extensions/git/dist/askpass.sh', 'CLUTTER_DISABLE_MIPMAPPED_TEXT': '1', 'SHLVL': '1', 'LD_LIBRARY_PATH': '/home/dawntildusk/lbot_ws/install/lbot_arm_interfaces/lib:/opt/ros/jazzy/opt/rviz_ogre_vendor/lib:/opt/ros/jazzy/lib/x86_64-linux-gnu:/opt/ros/jazzy/opt/gz_math_vendor/lib:/opt/ros/jazzy/opt/gz_utils_vendor/lib:/opt/ros/jazzy/opt/gz_cmake_vendor/lib:/opt/ros/jazzy/lib', 'HOME': '/home/dawntildusk', 'CHROME_DESKTOP': 'code.desktop', 'CONDA_SHLVL': '0', 'OLDPWD': '/home/dawntildusk/lbot_ws', 'TERM_PROGRAM_VERSION': '1.136.1', 'DESKTOP_SESSION': 'ubuntu', 'GIO_LAUNCHED_DESKTOP_FILE': '/usr/share/applications/code.desktop', 'ROS_PYTHON_VERSION': '3', 'GNOME_SHELL_SESSION_MODE': 'ubuntu', 'GTK_MODULES': 'gail:atk-bridge', 'SDL_IM_MODULE': 'fcitx', 'VSCODE_GIT_ASKPASS_MAIN': '/usr/share/code/resources/app/extensions/git/dist/askpass-main.js', 'LC_MONETARY': 'zh_CN.UTF-8', 'VSCODE_GIT_ASKPASS_NODE': '/usr/share/code/code', 'MANAGERPID': '2288', 'SYSTEMD_EXEC_PID': '2708', 'VSCODE_PYTHON_AUTOACTIVATE_GUARD': '1', 'GSM_SKIP_SSH_AGENT_WORKAROUND': 'true', 'DBUS_SESSION_BUS_ADDRESS': 'unix:path=/run/user/1000/bus', 'COLORTERM': 'truecolor', '_CE_M': '', '_CONDA_ROOT': '/home/dawntildusk/miniconda3', 'GIO_LAUNCHED_DESKTOP_FILE_PID': '44016', 'DEBUGINFOD_URLS': 'https://debuginfod.ubuntu.com', 'ROS_DISTRO': 'jazzy', 'GTK_IM_MODULE': 'fcitx', 'LOGNAME': 'dawntildusk', 'JOURNAL_STREAM': '10:29928', '_': '/usr/bin/colcon', 'ROS_VERSION': '2', 'MEMORY_PRESSURE_WATCH': '/sys/fs/cgroup/user.slice/user-1000.slice/user@1000.service/session.slice/org.gnome.Shell@x11.service/memory.pressure', 'XDG_SESSION_CLASS': 'user', 'USERNAME': 'dawntildusk', 'TERM': 'xterm-256color', 'GNOME_DESKTOP_SESSION_ID': 'this-is-deprecated', '_CE_CONDA': '', 'FC_FONTATIONS': '1', 'WINDOWPATH': '2', 'PATH': '/opt/ros/jazzy/bin:/home/dawntildusk/.config/Code/User/globalStorage/github.copilot-chat/debugCommand:/home/dawntildusk/.config/Code/User/globalStorage/github.copilot-chat/copilotCli:/home/dawntildusk/miniconda3/condabin:/usr/local/sbin:/usr/local/bin:/usr/sbin:/usr/bin:/sbin:/bin:/usr/games:/usr/local/games:/snap/bin:/snap/bin', 'SESSION_MANAGER': 'local/dawntildusk-TX-Gaming-FX608JPR-FX608JPR:@/tmp/.ICE-unix/2640,unix/dawntildusk-TX-Gaming-FX608JPR-FX608JPR:/tmp/.ICE-unix/2640', 'INVOCATION_ID': '39883ff62c494379bef8f4b89657dd8f', 'PAPERSIZE': 'a4', 'XDG_MENU_PREFIX': 'gnome-', 'LC_ADDRESS': 'zh_CN.UTF-8', 'XDG_RUNTIME_DIR': '/run/user/1000', 'GDK_BACKEND': 'x11', 'DISPLAY': ':1', 'LANG': 'zh_CN.UTF-8', 'XDG_CURRENT_DESKTOP': 'ubuntu:GNOME', 'LC_TELEPHONE': 'zh_CN.UTF-8', 'XMODIFIERS': '@im=fcitx', 'XDG_SESSION_DESKTOP': 'ubuntu', 'XAUTHORITY': '/run/user/1000/gdm/Xauthority', 'LS_COLORS': 'rs=0:di=01;34:ln=01;36:mh=00:pi=40;33:so=01;35:do=01;35:bd=40;33;01:cd=40;33;01:or=40;31;01:mi=00:su=37;41:sg=30;43:ca=00:tw=30;42:ow=34;42:st=37;44:ex=01;32:*.tar=01;31:*.tgz=01;31:*.arc=01;31:*.arj=01;31:*.taz=01;31:*.lha=01;31:*.lz4=01;31:*.lzh=01;31:*.lzma=01;31:*.tlz=01;31:*.txz=01;31:*.tzo=01;31:*.t7z=01;31:*.zip=01;31:*.z=01;31:*.dz=01;31:*.gz=01;31:*.lrz=01;31:*.lz=01;31:*.lzo=01;31:*.xz=01;31:*.zst=01;31:*.tzst=01;31:*.bz2=01;31:*.bz=01;31:*.tbz=01;31:*.tbz2=01;31:*.tz=01;31:*.deb=01;31:*.rpm=01;31:*.jar=01;31:*.war=01;31:*.ear=01;31:*.sar=01;31:*.rar=01;31:*.alz=01;31:*.ace=01;31:*.zoo=01;31:*.cpio=01;31:*.7z=01;31:*.rz=01;31:*.cab=01;31:*.wim=01;31:*.swm=01;31:*.dwm=01;31:*.esd=01;31:*.avif=01;35:*.jpg=01;35:*.jpeg=01;35:*.mjpg=01;35:*.mjpeg=01;35:*.gif=01;35:*.bmp=01;35:*.pbm=01;35:*.pgm=01;35:*.ppm=01;35:*.tga=01;35:*.xbm=01;35:*.xpm=01;35:*.tif=01;35:*.tiff=01;35:*.png=01;35:*.svg=01;35:*.svgz=01;35:*.mng=01;35:*.pcx=01;35:*.mov=01;35:*.mpg=01;35:*.mpeg=01;35:*.m2v=01;35:*.mkv=01;35:*.webm=01;35:*.webp=01;35:*.ogm=01;35:*.mp4=01;35:*.m4v=01;35:*.mp4v=01;35:*.vob=01;35:*.qt=01;35:*.nuv=01;35:*.wmv=01;35:*.asf=01;35:*.rm=01;35:*.rmvb=01;35:*.flc=01;35:*.avi=01;35:*.fli=01;35:*.flv=01;35:*.gl=01;35:*.dl=01;35:*.xcf=01;35:*.xwd=01;35:*.yuv=01;35:*.cgm=01;35:*.emf=01;35:*.ogv=01;35:*.ogx=01;35:*.aac=00;36:*.au=00;36:*.flac=00;36:*.m4a=00;36:*.mid=00;36:*.midi=00;36:*.mka=00;36:*.mp3=00;36:*.mpc=00;36:*.ogg=00;36:*.ra=00;36:*.wav=00;36:*.oga=00;36:*.opus=00;36:*.spx=00;36:*.xspf=00;36:*~=00;90:*#=00;90:*.bak=00;90:*.crdownload=00;90:*.dpkg-dist=00;90:*.dpkg-new=00;90:*.dpkg-old=00;90:*.dpkg-tmp=00;90:*.old=00;90:*.orig=00;90:*.part=00;90:*.rej=00;90:*.rpmnew=00;90:*.rpmorig=00;90:*.rpmsave=00;90:*.swp=00;90:*.tmp=00;90:*.ucf-dist=00;90:*.ucf-new=00;90:*.ucf-old=00;90:', 'VSCODE_GIT_IPC_HANDLE': '/run/user/1000/vscode-git-fc3f46f092.sock', 'TERM_PROGRAM': 'vscode', 'SSH_AUTH_SOCK': '/run/user/1000/keyring/ssh', 'AMENT_PREFIX_PATH': '/home/dawntildusk/lbot_ws/install/lbot_arm_interfaces:/opt/ros/jazzy', 'CONDA_PYTHON_EXE': '/home/dawntildusk/miniconda3/bin/python', 'SHELL': '/bin/bash', 'LC_NAME': 'zh_CN.UTF-8', 'QT_ACCESSIBILITY': '1', 'GDMSESSION': 'ubuntu', 'LESSCLOSE': '/usr/bin/lesspipe %s %s', 'CONDA_DEFAULT_ENV': '', 'LC_MEASUREMENT': 'zh_CN.UTF-8', 'GPG_AGENT_INFO': '/run/user/1000/gnupg/S.gpg-agent:0:1', 'GJS_DEBUG_OUTPUT': 'stderr', '_CONDA_EXE': '/home/dawntildusk/miniconda3/bin/conda', 'LC_IDENTIFICATION': 'zh_CN.UTF-8', 'ROS_AUTOMATIC_DISCOVERY_RANGE': 'SUBNET', 'VSCODE_GIT_ASKPASS_EXTRA_ARGS': '', 'QT_IM_MODULE': 'fcitx', 'PWD': '/home/dawntildusk/lbot_ws/build/lbot_demo', 'XDG_CONFIG_DIRS': '/etc/xdg/xdg-ubuntu:/etc/xdg', 'COPILOT_DEBUG_NONCE': '7dac8b5f3bc076abaa655999b86f7af0', 'CONDA_EXE': '/home/dawntildusk/miniconda3/bin/conda', 'CLUTTER_IM_MODULE': 'xim', 'XDG_DATA_DIRS': '/usr/share/ubuntu:/usr/share/gnome:/usr/local/share/:/usr/share/:/var/lib/snapd/desktop', 'QTWEBENGINE_DICTIONARIES_PATH': '/usr/share/hunspell-bdic/', 'PYTHONPATH': '/home/dawntildusk/lbot_ws/install/lbot_arm_interfaces/lib/python3.12/site-packages:/opt/ros/jazzy/lib/python3.12/site-packages', 'LC_NUMERIC': 'zh_CN.UTF-8', 'CONDA_PREFIX': '', 'LC_PAPER': 'zh_CN.UTF-8', 'COLCON': '1', 'MEMORY_PRESSURE_WRITE': 'c29tZSAyMDAwMDAgMjAwMDAwMAA=', 'CMAKE_PREFIX_PATH': '/home/dawntildusk/lbot_ws/install/lbot_arm_interfaces:/opt/ros/jazzy/opt/gz_math_vendor:/opt/ros/jazzy/opt/gz_utils_vendor:/opt/ros/jazzy/opt/gz_cmake_vendor:/opt/ros/jazzy'}), 'shell': False}
[12.527571] (-) TimerEvent: {}
[12.553041] (lbot_demo) StdoutLine: {'line': b'[  6%] \x1b[32mBuilding CXX object CMakeFiles/demo_lkrs_movejp.dir/src/demo_lkrs_movejp.cpp.o\x1b[0m\n'}
[12.553212] (lbot_demo) StdoutLine: {'line': b'[  6%] \x1b[32mBuilding CXX object CMakeFiles/demo_lkls_i1_movej.dir/src/demo_lkls_i1_movej.cpp.o\x1b[0m\n'}
[12.553930] (lbot_demo) StdoutLine: {'line': b'[ 10%] \x1b[32mBuilding CXX object CMakeFiles/demo_lkls_movejp.dir/src/demo_lkls_movejp.cpp.o\x1b[0m\n'}
[12.554581] (lbot_demo) StdoutLine: {'line': b'[ 16%] \x1b[32mBuilding CXX object CMakeFiles/demo_lkls_i1_movejp.dir/src/demo_lkls_i1_movejp.cpp.o\x1b[0m\n'}
[12.554749] (lbot_demo) StdoutLine: {'line': b'[ 16%] \x1b[32mBuilding CXX object CMakeFiles/demo_ik.dir/src/demo_ik.cpp.o\x1b[0m\n'}
[12.554849] (lbot_demo) StdoutLine: {'line': b'[ 20%] \x1b[32mBuilding CXX object CMakeFiles/demo_lkls_i1_movel.dir/src/demo_lkls_i1_movel.cpp.o\x1b[0m\n'}
[12.555077] (lbot_demo) StdoutLine: {'line': b'[ 23%] \x1b[32mBuilding CXX object CMakeFiles/demo_lkls_movel.dir/src/demo_lkls_movel.cpp.o\x1b[0m\n'}
[12.555421] (lbot_demo) StdoutLine: {'line': b'[ 30%] \x1b[32mBuilding CXX object CMakeFiles/demo_emergency_enable.dir/src/demo_emergency_enable.cpp.o\x1b[0m\n'}
[12.555557] (lbot_demo) StdoutLine: {'line': b'[ 30%] \x1b[32mBuilding CXX object CMakeFiles/demo_lkrs_movej.dir/src/demo_lkrs_movej.cpp.o\x1b[0m\n'}
[12.555624] (lbot_demo) StdoutLine: {'line': b'[ 33%] \x1b[32mBuilding CXX object CMakeFiles/demo_lkls_movej.dir/src/demo_lkls_movej.cpp.o\x1b[0m\n'}
[12.555743] (lbot_demo) StdoutLine: {'line': b'[ 36%] \x1b[32mBuilding CXX object CMakeFiles/demo_fk.dir/src/demo_fk.cpp.o\x1b[0m\n'}
[12.555906] (lbot_demo) StdoutLine: {'line': b'[ 40%] \x1b[32mBuilding CXX object CMakeFiles/demo_tool_frame.dir/src/demo_tool_frame.cpp.o\x1b[0m\n'}
[12.556378] (lbot_demo) StdoutLine: {'line': b'[ 43%] \x1b[32mBuilding CXX object CMakeFiles/demo_hand_l6_control.dir/src/demo_hand_l6_control.cpp.o\x1b[0m\n'}
[12.558641] (lbot_demo) StdoutLine: {'line': b'[ 46%] \x1b[32mBuilding CXX object CMakeFiles/demo_hand_l10_control.dir/src/demo_hand_l10_control.cpp.o\x1b[0m\n'}
[12.561222] (lbot_demo) StdoutLine: {'line': b'[ 50%] \x1b[32mBuilding CXX object CMakeFiles/demo_lkrs_movel.dir/src/demo_lkrs_movel.cpp.o\x1b[0m\n'}
[12.627969] (-) TimerEvent: {}
[12.728278] (-) TimerEvent: {}
[12.828978] (-) TimerEvent: {}
[12.929291] (-) TimerEvent: {}
[13.029977] (-) TimerEvent: {}
[13.130288] (-) TimerEvent: {}
[13.230974] (-) TimerEvent: {}
[13.331298] (-) TimerEvent: {}
[13.431983] (-) TimerEvent: {}
[13.532319] (-) TimerEvent: {}
[13.632971] (-) TimerEvent: {}
[13.733300] (-) TimerEvent: {}
[13.833973] (-) TimerEvent: {}
[13.934311] (-) TimerEvent: {}
[14.034974] (-) TimerEvent: {}
[14.135300] (-) TimerEvent: {}
[14.235975] (-) TimerEvent: {}
[14.336300] (-) TimerEvent: {}
[14.436982] (-) TimerEvent: {}
[14.537310] (-) TimerEvent: {}
[14.637978] (-) TimerEvent: {}
[14.738325] (-) TimerEvent: {}
[14.838977] (-) TimerEvent: {}
[14.939308] (-) TimerEvent: {}
[15.039607] (-) TimerEvent: {}
[15.107321] (lbot_demo) StdoutLine: {'line': b'[ 53%] \x1b[32m\x1b[1mLinking CXX executable demo_lkls_i1_movejp\x1b[0m\n'}
[15.138791] (lbot_demo) StdoutLine: {'line': b'[ 56%] \x1b[32m\x1b[1mLinking CXX executable demo_lkls_i1_movej\x1b[0m\n'}
[15.139684] (-) TimerEvent: {}
[15.221703] (lbot_demo) StdoutLine: {'line': b'[ 60%] \x1b[32m\x1b[1mLinking CXX executable demo_ik\x1b[0m\n'}
[15.239802] (-) TimerEvent: {}
[15.253575] (lbot_demo) StdoutLine: {'line': b'[ 60%] Built target demo_lkls_i1_movejp\n'}
[15.279159] (lbot_demo) StdoutLine: {'line': b'[ 60%] Built target demo_lkls_i1_movej\n'}
[15.339921] (-) TimerEvent: {}
[15.353554] (lbot_demo) StdoutLine: {'line': b'[ 60%] Built target demo_ik\n'}
[15.376808] (lbot_demo) StdoutLine: {'line': b'[ 63%] \x1b[32m\x1b[1mLinking CXX executable demo_lkrs_movejp\x1b[0m\n'}
[15.440018] (-) TimerEvent: {}
[15.495563] (lbot_demo) StdoutLine: {'line': b'[ 63%] Built target demo_lkrs_movejp\n'}
[15.540124] (-) TimerEvent: {}
[15.640414] (-) TimerEvent: {}
[15.693309] (lbot_demo) StdoutLine: {'line': b'[ 66%] \x1b[32m\x1b[1mLinking CXX executable demo_lkrs_movel\x1b[0m\n'}
[15.694216] (lbot_demo) StdoutLine: {'line': b'[ 70%] \x1b[32m\x1b[1mLinking CXX executable demo_lkls_i1_movel\x1b[0m\n'}
[15.740504] (-) TimerEvent: {}
[15.821845] (lbot_demo) StdoutLine: {'line': b'[ 70%] Built target demo_lkrs_movel\n'}
[15.840605] (-) TimerEvent: {}
[15.851418] (lbot_demo) StdoutLine: {'line': b'[ 70%] Built target demo_lkls_i1_movel\n'}
[15.940708] (-) TimerEvent: {}
[15.971420] (lbot_demo) StdoutLine: {'line': b'[ 73%] \x1b[32m\x1b[1mLinking CXX executable demo_lkls_movejp\x1b[0m\n'}
[16.032976] (lbot_demo) StdoutLine: {'line': b'[ 76%] \x1b[32m\x1b[1mLinking CXX executable demo_fk\x1b[0m\n'}
[16.040815] (-) TimerEvent: {}
[16.094406] (lbot_demo) StdoutLine: {'line': b'[ 76%] Built target demo_lkls_movejp\n'}
[16.141003] (-) TimerEvent: {}
[16.152223] (lbot_demo) StdoutLine: {'line': b'[ 76%] Built target demo_fk\n'}
[16.236869] (lbot_demo) StdoutLine: {'line': b'[ 80%] \x1b[32m\x1b[1mLinking CXX executable demo_emergency_enable\x1b[0m\n'}
[16.241098] (-) TimerEvent: {}
[16.296377] (lbot_demo) StdoutLine: {'line': b'[ 83%] \x1b[32m\x1b[1mLinking CXX executable demo_lkrs_movej\x1b[0m\n'}
[16.341199] (-) TimerEvent: {}
[16.372916] (lbot_demo) StdoutLine: {'line': b'[ 83%] Built target demo_emergency_enable\n'}
[16.418825] (lbot_demo) StdoutLine: {'line': b'[ 86%] \x1b[32m\x1b[1mLinking CXX executable demo_lkls_movej\x1b[0m\n'}
[16.424113] (lbot_demo) StdoutLine: {'line': b'[ 86%] Built target demo_lkrs_movej\n'}
[16.434671] (lbot_demo) StdoutLine: {'line': b'[ 90%] \x1b[32m\x1b[1mLinking CXX executable demo_hand_l6_control\x1b[0m\n'}
[16.441299] (-) TimerEvent: {}
[16.541608] (-) TimerEvent: {}
[16.542072] (lbot_demo) StdoutLine: {'line': b'[ 90%] Built target demo_lkls_movej\n'}
[16.558699] (lbot_demo) StdoutLine: {'line': b'[ 90%] Built target demo_hand_l6_control\n'}
[16.641760] (-) TimerEvent: {}
[16.732922] (lbot_demo) StdoutLine: {'line': b'[ 93%] \x1b[32m\x1b[1mLinking CXX executable demo_lkls_movel\x1b[0m\n'}
[16.741890] (-) TimerEvent: {}
[16.842142] (-) TimerEvent: {}
[16.846262] (lbot_demo) StdoutLine: {'line': b'[ 93%] Built target demo_lkls_movel\n'}
[16.922180] (lbot_demo) StdoutLine: {'line': b'[ 96%] \x1b[32m\x1b[1mLinking CXX executable demo_hand_l10_control\x1b[0m\n'}
[16.942256] (-) TimerEvent: {}
[17.029869] (lbot_demo) StdoutLine: {'line': b'[ 96%] Built target demo_hand_l10_control\n'}
[17.042365] (-) TimerEvent: {}
[17.142661] (-) TimerEvent: {}
[17.242942] (-) TimerEvent: {}
[17.343189] (-) TimerEvent: {}
[17.437484] (lbot_teleop) StdoutLine: {'line': b'[100%] \x1b[32m\x1b[1mLinking CXX executable demo_teleop\x1b[0m\n'}
[17.443299] (-) TimerEvent: {}
[17.543605] (-) TimerEvent: {}
[17.579645] (lbot_teleop) StdoutLine: {'line': b'[100%] Built target demo_teleop\n'}
[17.588276] (lbot_teleop) CommandEnded: {'returncode': 0}
[17.588812] (lbot_teleop) JobProgress: {'identifier': 'lbot_teleop', 'progress': 'install'}
[17.589166] (lbot_teleop) Command: {'cmd': ['/usr/bin/cmake', '--install', '/home/dawntildusk/lbot_ws/build/lbot_teleop'], 'cwd': '/home/dawntildusk/lbot_ws/build/lbot_teleop', 'env': OrderedDict({'GJS_DEBUG_TOPICS': 'JS ERROR;JS LOG', 'LESSOPEN': '| /usr/bin/lesspipe %s', 'CONDA_PROMPT_MODIFIER': '', 'LANGUAGE': 'zh_CN:en_US:en', 'USER': 'dawntildusk', 'LC_TIME': 'zh_CN.UTF-8', 'XDG_SESSION_TYPE': 'x11', 'GIT_ASKPASS': '/usr/share/code/resources/app/extensions/git/dist/askpass.sh', 'CLUTTER_DISABLE_MIPMAPPED_TEXT': '1', 'SHLVL': '1', 'LD_LIBRARY_PATH': '/home/dawntildusk/lbot_ws/install/lbot_arm_interfaces/lib:/opt/ros/jazzy/opt/rviz_ogre_vendor/lib:/opt/ros/jazzy/lib/x86_64-linux-gnu:/opt/ros/jazzy/opt/gz_math_vendor/lib:/opt/ros/jazzy/opt/gz_utils_vendor/lib:/opt/ros/jazzy/opt/gz_cmake_vendor/lib:/opt/ros/jazzy/lib', 'HOME': '/home/dawntildusk', 'CHROME_DESKTOP': 'code.desktop', 'CONDA_SHLVL': '0', 'OLDPWD': '/home/dawntildusk/lbot_ws', 'TERM_PROGRAM_VERSION': '1.136.1', 'DESKTOP_SESSION': 'ubuntu', 'GIO_LAUNCHED_DESKTOP_FILE': '/usr/share/applications/code.desktop', 'ROS_PYTHON_VERSION': '3', 'GNOME_SHELL_SESSION_MODE': 'ubuntu', 'GTK_MODULES': 'gail:atk-bridge', 'SDL_IM_MODULE': 'fcitx', 'VSCODE_GIT_ASKPASS_MAIN': '/usr/share/code/resources/app/extensions/git/dist/askpass-main.js', 'LC_MONETARY': 'zh_CN.UTF-8', 'VSCODE_GIT_ASKPASS_NODE': '/usr/share/code/code', 'MANAGERPID': '2288', 'SYSTEMD_EXEC_PID': '2708', 'VSCODE_PYTHON_AUTOACTIVATE_GUARD': '1', 'GSM_SKIP_SSH_AGENT_WORKAROUND': 'true', 'DBUS_SESSION_BUS_ADDRESS': 'unix:path=/run/user/1000/bus', 'COLORTERM': 'truecolor', '_CE_M': '', '_CONDA_ROOT': '/home/dawntildusk/miniconda3', 'GIO_LAUNCHED_DESKTOP_FILE_PID': '44016', 'DEBUGINFOD_URLS': 'https://debuginfod.ubuntu.com', 'ROS_DISTRO': 'jazzy', 'GTK_IM_MODULE': 'fcitx', 'LOGNAME': 'dawntildusk', 'JOURNAL_STREAM': '10:29928', '_': '/usr/bin/colcon', 'ROS_VERSION': '2', 'MEMORY_PRESSURE_WATCH': '/sys/fs/cgroup/user.slice/user-1000.slice/user@1000.service/session.slice/org.gnome.Shell@x11.service/memory.pressure', 'XDG_SESSION_CLASS': 'user', 'USERNAME': 'dawntildusk', 'TERM': 'xterm-256color', 'GNOME_DESKTOP_SESSION_ID': 'this-is-deprecated', '_CE_CONDA': '', 'FC_FONTATIONS': '1', 'WINDOWPATH': '2', 'PATH': '/opt/ros/jazzy/bin:/home/dawntildusk/.config/Code/User/globalStorage/github.copilot-chat/debugCommand:/home/dawntildusk/.config/Code/User/globalStorage/github.copilot-chat/copilotCli:/home/dawntildusk/miniconda3/condabin:/usr/local/sbin:/usr/local/bin:/usr/sbin:/usr/bin:/sbin:/bin:/usr/games:/usr/local/games:/snap/bin:/snap/bin', 'SESSION_MANAGER': 'local/dawntildusk-TX-Gaming-FX608JPR-FX608JPR:@/tmp/.ICE-unix/2640,unix/dawntildusk-TX-Gaming-FX608JPR-FX608JPR:/tmp/.ICE-unix/2640', 'INVOCATION_ID': '39883ff62c494379bef8f4b89657dd8f', 'PAPERSIZE': 'a4', 'XDG_MENU_PREFIX': 'gnome-', 'LC_ADDRESS': 'zh_CN.UTF-8', 'XDG_RUNTIME_DIR': '/run/user/1000', 'GDK_BACKEND': 'x11', 'DISPLAY': ':1', 'LANG': 'zh_CN.UTF-8', 'XDG_CURRENT_DESKTOP': 'ubuntu:GNOME', 'LC_TELEPHONE': 'zh_CN.UTF-8', 'XMODIFIERS': '@im=fcitx', 'XDG_SESSION_DESKTOP': 'ubuntu', 'XAUTHORITY': '/run/user/1000/gdm/Xauthority', 'LS_COLORS': 'rs=0:di=01;34:ln=01;36:mh=00:pi=40;33:so=01;35:do=01;35:bd=40;33;01:cd=40;33;01:or=40;31;01:mi=00:su=37;41:sg=30;43:ca=00:tw=30;42:ow=34;42:st=37;44:ex=01;32:*.tar=01;31:*.tgz=01;31:*.arc=01;31:*.arj=01;31:*.taz=01;31:*.lha=01;31:*.lz4=01;31:*.lzh=01;31:*.lzma=01;31:*.tlz=01;31:*.txz=01;31:*.tzo=01;31:*.t7z=01;31:*.zip=01;31:*.z=01;31:*.dz=01;31:*.gz=01;31:*.lrz=01;31:*.lz=01;31:*.lzo=01;31:*.xz=01;31:*.zst=01;31:*.tzst=01;31:*.bz2=01;31:*.bz=01;31:*.tbz=01;31:*.tbz2=01;31:*.tz=01;31:*.deb=01;31:*.rpm=01;31:*.jar=01;31:*.war=01;31:*.ear=01;31:*.sar=01;31:*.rar=01;31:*.alz=01;31:*.ace=01;31:*.zoo=01;31:*.cpio=01;31:*.7z=01;31:*.rz=01;31:*.cab=01;31:*.wim=01;31:*.swm=01;31:*.dwm=01;31:*.esd=01;31:*.avif=01;35:*.jpg=01;35:*.jpeg=01;35:*.mjpg=01;35:*.mjpeg=01;35:*.gif=01;35:*.bmp=01;35:*.pbm=01;35:*.pgm=01;35:*.ppm=01;35:*.tga=01;35:*.xbm=01;35:*.xpm=01;35:*.tif=01;35:*.tiff=01;35:*.png=01;35:*.svg=01;35:*.svgz=01;35:*.mng=01;35:*.pcx=01;35:*.mov=01;35:*.mpg=01;35:*.mpeg=01;35:*.m2v=01;35:*.mkv=01;35:*.webm=01;35:*.webp=01;35:*.ogm=01;35:*.mp4=01;35:*.m4v=01;35:*.mp4v=01;35:*.vob=01;35:*.qt=01;35:*.nuv=01;35:*.wmv=01;35:*.asf=01;35:*.rm=01;35:*.rmvb=01;35:*.flc=01;35:*.avi=01;35:*.fli=01;35:*.flv=01;35:*.gl=01;35:*.dl=01;35:*.xcf=01;35:*.xwd=01;35:*.yuv=01;35:*.cgm=01;35:*.emf=01;35:*.ogv=01;35:*.ogx=01;35:*.aac=00;36:*.au=00;36:*.flac=00;36:*.m4a=00;36:*.mid=00;36:*.midi=00;36:*.mka=00;36:*.mp3=00;36:*.mpc=00;36:*.ogg=00;36:*.ra=00;36:*.wav=00;36:*.oga=00;36:*.opus=00;36:*.spx=00;36:*.xspf=00;36:*~=00;90:*#=00;90:*.bak=00;90:*.crdownload=00;90:*.dpkg-dist=00;90:*.dpkg-new=00;90:*.dpkg-old=00;90:*.dpkg-tmp=00;90:*.old=00;90:*.orig=00;90:*.part=00;90:*.rej=00;90:*.rpmnew=00;90:*.rpmorig=00;90:*.rpmsave=00;90:*.swp=00;90:*.tmp=00;90:*.ucf-dist=00;90:*.ucf-new=00;90:*.ucf-old=00;90:', 'VSCODE_GIT_IPC_HANDLE': '/run/user/1000/vscode-git-fc3f46f092.sock', 'TERM_PROGRAM': 'vscode', 'SSH_AUTH_SOCK': '/run/user/1000/keyring/ssh', 'AMENT_PREFIX_PATH': '/home/dawntildusk/lbot_ws/install/lbot_arm_interfaces:/opt/ros/jazzy', 'CONDA_PYTHON_EXE': '/home/dawntildusk/miniconda3/bin/python', 'SHELL': '/bin/bash', 'LC_NAME': 'zh_CN.UTF-8', 'QT_ACCESSIBILITY': '1', 'GDMSESSION': 'ubuntu', 'LESSCLOSE': '/usr/bin/lesspipe %s %s', 'CONDA_DEFAULT_ENV': '', 'LC_MEASUREMENT': 'zh_CN.UTF-8', 'GPG_AGENT_INFO': '/run/user/1000/gnupg/S.gpg-agent:0:1', 'GJS_DEBUG_OUTPUT': 'stderr', '_CONDA_EXE': '/home/dawntildusk/miniconda3/bin/conda', 'LC_IDENTIFICATION': 'zh_CN.UTF-8', 'ROS_AUTOMATIC_DISCOVERY_RANGE': 'SUBNET', 'VSCODE_GIT_ASKPASS_EXTRA_ARGS': '', 'QT_IM_MODULE': 'fcitx', 'PWD': '/home/dawntildusk/lbot_ws/build/lbot_teleop', 'XDG_CONFIG_DIRS': '/etc/xdg/xdg-ubuntu:/etc/xdg', 'COPILOT_DEBUG_NONCE': '7dac8b5f3bc076abaa655999b86f7af0', 'CONDA_EXE': '/home/dawntildusk/miniconda3/bin/conda', 'CLUTTER_IM_MODULE': 'xim', 'XDG_DATA_DIRS': '/usr/share/ubuntu:/usr/share/gnome:/usr/local/share/:/usr/share/:/var/lib/snapd/desktop', 'QTWEBENGINE_DICTIONARIES_PATH': '/usr/share/hunspell-bdic/', 'PYTHONPATH': '/home/dawntildusk/lbot_ws/install/lbot_arm_interfaces/lib/python3.12/site-packages:/opt/ros/jazzy/lib/python3.12/site-packages', 'LC_NUMERIC': 'zh_CN.UTF-8', 'CONDA_PREFIX': '', 'LC_PAPER': 'zh_CN.UTF-8', 'COLCON': '1', 'MEMORY_PRESSURE_WRITE': 'c29tZSAyMDAwMDAgMjAwMDAwMAA=', 'CMAKE_PREFIX_PATH': '/home/dawntildusk/lbot_ws/install/lbot_arm_interfaces:/opt/ros/jazzy/opt/gz_math_vendor:/opt/ros/jazzy/opt/gz_utils_vendor:/opt/ros/jazzy/opt/gz_cmake_vendor:/opt/ros/jazzy'}), 'shell': False}
[17.596158] (lbot_teleop) StdoutLine: {'line': b'-- Install configuration: ""\n'}
[17.596556] (lbot_teleop) StdoutLine: {'line': b'-- Execute custom install script\n'}
[17.596699] (lbot_teleop) StdoutLine: {'line': b'-- Symlinking: /home/dawntildusk/lbot_ws/install/lbot_teleop/lib/lbot_teleop/demo_teleop\n'}
[17.601191] (lbot_teleop) StdoutLine: {'line': b'-- Symlinking: /home/dawntildusk/lbot_ws/install/lbot_teleop/share/lbot_teleop/launch/lbot_start_teleop.launch.py\n'}
[17.607913] (lbot_teleop) StdoutLine: {'line': b'-- Symlinking: /home/dawntildusk/lbot_ws/install/lbot_teleop/share/ament_index/resource_index/package_run_dependencies/lbot_teleop\n'}
[17.614689] (lbot_teleop) StdoutLine: {'line': b'-- Symlinking: /home/dawntildusk/lbot_ws/install/lbot_teleop/share/ament_index/resource_index/parent_prefix_path/lbot_teleop\n'}
[17.619865] (lbot_teleop) StdoutLine: {'line': b'-- Symlinking: /home/dawntildusk/lbot_ws/install/lbot_teleop/share/lbot_teleop/environment/ament_prefix_path.sh\n'}
[17.626378] (lbot_teleop) StdoutLine: {'line': b'-- Symlinking: /home/dawntildusk/lbot_ws/install/lbot_teleop/share/lbot_teleop/environment/ament_prefix_path.dsv\n'}
[17.633335] (lbot_teleop) StdoutLine: {'line': b'-- Symlinking: /home/dawntildusk/lbot_ws/install/lbot_teleop/share/lbot_teleop/environment/path.sh\n'}
[17.639401] (lbot_teleop) StdoutLine: {'line': b'-- Symlinking: /home/dawntildusk/lbot_ws/install/lbot_teleop/share/lbot_teleop/environment/path.dsv\n'}
[17.643711] (-) TimerEvent: {}
[17.644052] (lbot_teleop) StdoutLine: {'line': b'-- Symlinking: /home/dawntildusk/lbot_ws/install/lbot_teleop/share/lbot_teleop/local_setup.bash\n'}
[17.649673] (lbot_teleop) StdoutLine: {'line': b'-- Symlinking: /home/dawntildusk/lbot_ws/install/lbot_teleop/share/lbot_teleop/local_setup.sh\n'}
[17.654605] (lbot_teleop) StdoutLine: {'line': b'-- Symlinking: /home/dawntildusk/lbot_ws/install/lbot_teleop/share/lbot_teleop/local_setup.zsh\n'}
[17.661203] (lbot_teleop) StdoutLine: {'line': b'-- Symlinking: /home/dawntildusk/lbot_ws/install/lbot_teleop/share/lbot_teleop/local_setup.dsv\n'}
[17.667428] (lbot_teleop) StdoutLine: {'line': b'-- Symlinking: /home/dawntildusk/lbot_ws/install/lbot_teleop/share/lbot_teleop/package.dsv\n'}
[17.674009] (lbot_teleop) StdoutLine: {'line': b'-- Symlinking: /home/dawntildusk/lbot_ws/install/lbot_teleop/share/ament_index/resource_index/packages/lbot_teleop\n'}
[17.681032] (lbot_teleop) StdoutLine: {'line': b'-- Symlinking: /home/dawntildusk/lbot_ws/install/lbot_teleop/share/lbot_teleop/cmake/lbot_teleopConfig.cmake\n'}
[17.687484] (lbot_teleop) StdoutLine: {'line': b'-- Symlinking: /home/dawntildusk/lbot_ws/install/lbot_teleop/share/lbot_teleop/cmake/lbot_teleopConfig-version.cmake\n'}
[17.692710] (lbot_teleop) StdoutLine: {'line': b'-- Symlinking: /home/dawntildusk/lbot_ws/install/lbot_teleop/share/lbot_teleop/package.xml\n'}
[17.699590] (lbot_teleop) CommandEnded: {'returncode': 0}
[17.705136] (lbot_teleop) JobEnded: {'identifier': 'lbot_teleop', 'rc': 0}
[17.743808] (-) TimerEvent: {}
[17.844066] (-) TimerEvent: {}
[17.944322] (-) TimerEvent: {}
[18.036226] (lbot_demo) StdoutLine: {'line': b'[100%] \x1b[32m\x1b[1mLinking CXX executable demo_tool_frame\x1b[0m\n'}
[18.044443] (-) TimerEvent: {}
[18.144789] (-) TimerEvent: {}
[18.181535] (lbot_demo) StdoutLine: {'line': b'[100%] Built target demo_tool_frame\n'}
[18.191503] (lbot_demo) CommandEnded: {'returncode': 0}
[18.192128] (lbot_demo) JobProgress: {'identifier': 'lbot_demo', 'progress': 'install'}
[18.192424] (lbot_demo) Command: {'cmd': ['/usr/bin/cmake', '--install', '/home/dawntildusk/lbot_ws/build/lbot_demo'], 'cwd': '/home/dawntildusk/lbot_ws/build/lbot_demo', 'env': OrderedDict({'GJS_DEBUG_TOPICS': 'JS ERROR;JS LOG', 'LESSOPEN': '| /usr/bin/lesspipe %s', 'CONDA_PROMPT_MODIFIER': '', 'LANGUAGE': 'zh_CN:en_US:en', 'USER': 'dawntildusk', 'LC_TIME': 'zh_CN.UTF-8', 'XDG_SESSION_TYPE': 'x11', 'GIT_ASKPASS': '/usr/share/code/resources/app/extensions/git/dist/askpass.sh', 'CLUTTER_DISABLE_MIPMAPPED_TEXT': '1', 'SHLVL': '1', 'LD_LIBRARY_PATH': '/home/dawntildusk/lbot_ws/install/lbot_arm_interfaces/lib:/opt/ros/jazzy/opt/rviz_ogre_vendor/lib:/opt/ros/jazzy/lib/x86_64-linux-gnu:/opt/ros/jazzy/opt/gz_math_vendor/lib:/opt/ros/jazzy/opt/gz_utils_vendor/lib:/opt/ros/jazzy/opt/gz_cmake_vendor/lib:/opt/ros/jazzy/lib', 'HOME': '/home/dawntildusk', 'CHROME_DESKTOP': 'code.desktop', 'CONDA_SHLVL': '0', 'OLDPWD': '/home/dawntildusk/lbot_ws', 'TERM_PROGRAM_VERSION': '1.136.1', 'DESKTOP_SESSION': 'ubuntu', 'GIO_LAUNCHED_DESKTOP_FILE': '/usr/share/applications/code.desktop', 'ROS_PYTHON_VERSION': '3', 'GNOME_SHELL_SESSION_MODE': 'ubuntu', 'GTK_MODULES': 'gail:atk-bridge', 'SDL_IM_MODULE': 'fcitx', 'VSCODE_GIT_ASKPASS_MAIN': '/usr/share/code/resources/app/extensions/git/dist/askpass-main.js', 'LC_MONETARY': 'zh_CN.UTF-8', 'VSCODE_GIT_ASKPASS_NODE': '/usr/share/code/code', 'MANAGERPID': '2288', 'SYSTEMD_EXEC_PID': '2708', 'VSCODE_PYTHON_AUTOACTIVATE_GUARD': '1', 'GSM_SKIP_SSH_AGENT_WORKAROUND': 'true', 'DBUS_SESSION_BUS_ADDRESS': 'unix:path=/run/user/1000/bus', 'COLORTERM': 'truecolor', '_CE_M': '', '_CONDA_ROOT': '/home/dawntildusk/miniconda3', 'GIO_LAUNCHED_DESKTOP_FILE_PID': '44016', 'DEBUGINFOD_URLS': 'https://debuginfod.ubuntu.com', 'ROS_DISTRO': 'jazzy', 'GTK_IM_MODULE': 'fcitx', 'LOGNAME': 'dawntildusk', 'JOURNAL_STREAM': '10:29928', '_': '/usr/bin/colcon', 'ROS_VERSION': '2', 'MEMORY_PRESSURE_WATCH': '/sys/fs/cgroup/user.slice/user-1000.slice/user@1000.service/session.slice/org.gnome.Shell@x11.service/memory.pressure', 'XDG_SESSION_CLASS': 'user', 'USERNAME': 'dawntildusk', 'TERM': 'xterm-256color', 'GNOME_DESKTOP_SESSION_ID': 'this-is-deprecated', '_CE_CONDA': '', 'FC_FONTATIONS': '1', 'WINDOWPATH': '2', 'PATH': '/opt/ros/jazzy/bin:/home/dawntildusk/.config/Code/User/globalStorage/github.copilot-chat/debugCommand:/home/dawntildusk/.config/Code/User/globalStorage/github.copilot-chat/copilotCli:/home/dawntildusk/miniconda3/condabin:/usr/local/sbin:/usr/local/bin:/usr/sbin:/usr/bin:/sbin:/bin:/usr/games:/usr/local/games:/snap/bin:/snap/bin', 'SESSION_MANAGER': 'local/dawntildusk-TX-Gaming-FX608JPR-FX608JPR:@/tmp/.ICE-unix/2640,unix/dawntildusk-TX-Gaming-FX608JPR-FX608JPR:/tmp/.ICE-unix/2640', 'INVOCATION_ID': '39883ff62c494379bef8f4b89657dd8f', 'PAPERSIZE': 'a4', 'XDG_MENU_PREFIX': 'gnome-', 'LC_ADDRESS': 'zh_CN.UTF-8', 'XDG_RUNTIME_DIR': '/run/user/1000', 'GDK_BACKEND': 'x11', 'DISPLAY': ':1', 'LANG': 'zh_CN.UTF-8', 'XDG_CURRENT_DESKTOP': 'ubuntu:GNOME', 'LC_TELEPHONE': 'zh_CN.UTF-8', 'XMODIFIERS': '@im=fcitx', 'XDG_SESSION_DESKTOP': 'ubuntu', 'XAUTHORITY': '/run/user/1000/gdm/Xauthority', 'LS_COLORS': 'rs=0:di=01;34:ln=01;36:mh=00:pi=40;33:so=01;35:do=01;35:bd=40;33;01:cd=40;33;01:or=40;31;01:mi=00:su=37;41:sg=30;43:ca=00:tw=30;42:ow=34;42:st=37;44:ex=01;32:*.tar=01;31:*.tgz=01;31:*.arc=01;31:*.arj=01;31:*.taz=01;31:*.lha=01;31:*.lz4=01;31:*.lzh=01;31:*.lzma=01;31:*.tlz=01;31:*.txz=01;31:*.tzo=01;31:*.t7z=01;31:*.zip=01;31:*.z=01;31:*.dz=01;31:*.gz=01;31:*.lrz=01;31:*.lz=01;31:*.lzo=01;31:*.xz=01;31:*.zst=01;31:*.tzst=01;31:*.bz2=01;31:*.bz=01;31:*.tbz=01;31:*.tbz2=01;31:*.tz=01;31:*.deb=01;31:*.rpm=01;31:*.jar=01;31:*.war=01;31:*.ear=01;31:*.sar=01;31:*.rar=01;31:*.alz=01;31:*.ace=01;31:*.zoo=01;31:*.cpio=01;31:*.7z=01;31:*.rz=01;31:*.cab=01;31:*.wim=01;31:*.swm=01;31:*.dwm=01;31:*.esd=01;31:*.avif=01;35:*.jpg=01;35:*.jpeg=01;35:*.mjpg=01;35:*.mjpeg=01;35:*.gif=01;35:*.bmp=01;35:*.pbm=01;35:*.pgm=01;35:*.ppm=01;35:*.tga=01;35:*.xbm=01;35:*.xpm=01;35:*.tif=01;35:*.tiff=01;35:*.png=01;35:*.svg=01;35:*.svgz=01;35:*.mng=01;35:*.pcx=01;35:*.mov=01;35:*.mpg=01;35:*.mpeg=01;35:*.m2v=01;35:*.mkv=01;35:*.webm=01;35:*.webp=01;35:*.ogm=01;35:*.mp4=01;35:*.m4v=01;35:*.mp4v=01;35:*.vob=01;35:*.qt=01;35:*.nuv=01;35:*.wmv=01;35:*.asf=01;35:*.rm=01;35:*.rmvb=01;35:*.flc=01;35:*.avi=01;35:*.fli=01;35:*.flv=01;35:*.gl=01;35:*.dl=01;35:*.xcf=01;35:*.xwd=01;35:*.yuv=01;35:*.cgm=01;35:*.emf=01;35:*.ogv=01;35:*.ogx=01;35:*.aac=00;36:*.au=00;36:*.flac=00;36:*.m4a=00;36:*.mid=00;36:*.midi=00;36:*.mka=00;36:*.mp3=00;36:*.mpc=00;36:*.ogg=00;36:*.ra=00;36:*.wav=00;36:*.oga=00;36:*.opus=00;36:*.spx=00;36:*.xspf=00;36:*~=00;90:*#=00;90:*.bak=00;90:*.crdownload=00;90:*.dpkg-dist=00;90:*.dpkg-new=00;90:*.dpkg-old=00;90:*.dpkg-tmp=00;90:*.old=00;90:*.orig=00;90:*.part=00;90:*.rej=00;90:*.rpmnew=00;90:*.rpmorig=00;90:*.rpmsave=00;90:*.swp=00;90:*.tmp=00;90:*.ucf-dist=00;90:*.ucf-new=00;90:*.ucf-old=00;90:', 'VSCODE_GIT_IPC_HANDLE': '/run/user/1000/vscode-git-fc3f46f092.sock', 'TERM_PROGRAM': 'vscode', 'SSH_AUTH_SOCK': '/run/user/1000/keyring/ssh', 'AMENT_PREFIX_PATH': '/home/dawntildusk/lbot_ws/install/lbot_arm_interfaces:/opt/ros/jazzy', 'CONDA_PYTHON_EXE': '/home/dawntildusk/miniconda3/bin/python', 'SHELL': '/bin/bash', 'LC_NAME': 'zh_CN.UTF-8', 'QT_ACCESSIBILITY': '1', 'GDMSESSION': 'ubuntu', 'LESSCLOSE': '/usr/bin/lesspipe %s %s', 'CONDA_DEFAULT_ENV': '', 'LC_MEASUREMENT': 'zh_CN.UTF-8', 'GPG_AGENT_INFO': '/run/user/1000/gnupg/S.gpg-agent:0:1', 'GJS_DEBUG_OUTPUT': 'stderr', '_CONDA_EXE': '/home/dawntildusk/miniconda3/bin/conda', 'LC_IDENTIFICATION': 'zh_CN.UTF-8', 'ROS_AUTOMATIC_DISCOVERY_RANGE': 'SUBNET', 'VSCODE_GIT_ASKPASS_EXTRA_ARGS': '', 'QT_IM_MODULE': 'fcitx', 'PWD': '/home/dawntildusk/lbot_ws/build/lbot_demo', 'XDG_CONFIG_DIRS': '/etc/xdg/xdg-ubuntu:/etc/xdg', 'COPILOT_DEBUG_NONCE': '7dac8b5f3bc076abaa655999b86f7af0', 'CONDA_EXE': '/home/dawntildusk/miniconda3/bin/conda', 'CLUTTER_IM_MODULE': 'xim', 'XDG_DATA_DIRS': '/usr/share/ubuntu:/usr/share/gnome:/usr/local/share/:/usr/share/:/var/lib/snapd/desktop', 'QTWEBENGINE_DICTIONARIES_PATH': '/usr/share/hunspell-bdic/', 'PYTHONPATH': '/home/dawntildusk/lbot_ws/install/lbot_arm_interfaces/lib/python3.12/site-packages:/opt/ros/jazzy/lib/python3.12/site-packages', 'LC_NUMERIC': 'zh_CN.UTF-8', 'CONDA_PREFIX': '', 'LC_PAPER': 'zh_CN.UTF-8', 'COLCON': '1', 'MEMORY_PRESSURE_WRITE': 'c29tZSAyMDAwMDAgMjAwMDAwMAA=', 'CMAKE_PREFIX_PATH': '/home/dawntildusk/lbot_ws/install/lbot_arm_interfaces:/opt/ros/jazzy/opt/gz_math_vendor:/opt/ros/jazzy/opt/gz_utils_vendor:/opt/ros/jazzy/opt/gz_cmake_vendor:/opt/ros/jazzy'}), 'shell': False}
[18.199032] (lbot_demo) StdoutLine: {'line': b'-- Install configuration: ""\n'}
[18.199235] (lbot_demo) StdoutLine: {'line': b'-- Execute custom install script\n'}
[18.199424] (lbot_demo) StdoutLine: {'line': b'-- Symlinking: /home/dawntildusk/lbot_ws/install/lbot_demo/lib/lbot_demo/demo_lkrs_movel\n'}
[18.206072] (lbot_demo) StdoutLine: {'line': b'-- Symlinking: /home/dawntildusk/lbot_ws/install/lbot_demo/lib/lbot_demo/demo_lkrs_movej\n'}
[18.212517] (lbot_demo) StdoutLine: {'line': b'-- Symlinking: /home/dawntildusk/lbot_ws/install/lbot_demo/lib/lbot_demo/demo_lkrs_movejp\n'}
[18.218940] (lbot_demo) StdoutLine: {'line': b'-- Symlinking: /home/dawntildusk/lbot_ws/install/lbot_demo/lib/lbot_demo/demo_lkls_movel\n'}
[18.224157] (lbot_demo) StdoutLine: {'line': b'-- Symlinking: /home/dawntildusk/lbot_ws/install/lbot_demo/lib/lbot_demo/demo_lkls_movej\n'}
[18.230135] (lbot_demo) StdoutLine: {'line': b'-- Symlinking: /home/dawntildusk/lbot_ws/install/lbot_demo/lib/lbot_demo/demo_lkls_movejp\n'}
[18.237576] (lbot_demo) StdoutLine: {'line': b'-- Symlinking: /home/dawntildusk/lbot_ws/install/lbot_demo/lib/lbot_demo/demo_lkls_i1_movel\n'}
[18.244367] (lbot_demo) StdoutLine: {'line': b'-- Symlinking: /home/dawntildusk/lbot_ws/install/lbot_demo/lib/lbot_demo/demo_lkls_i1_movej\n'}
[18.244849] (-) TimerEvent: {}
[18.248827] (lbot_demo) StdoutLine: {'line': b'-- Symlinking: /home/dawntildusk/lbot_ws/install/lbot_demo/lib/lbot_demo/demo_lkls_i1_movejp\n'}
[18.254599] (lbot_demo) StdoutLine: {'line': b'-- Symlinking: /home/dawntildusk/lbot_ws/install/lbot_demo/lib/lbot_demo/demo_fk\n'}
[18.261126] (lbot_demo) StdoutLine: {'line': b'-- Symlinking: /home/dawntildusk/lbot_ws/install/lbot_demo/lib/lbot_demo/demo_ik\n'}
[18.267748] (lbot_demo) StdoutLine: {'line': b'-- Symlinking: /home/dawntildusk/lbot_ws/install/lbot_demo/lib/lbot_demo/demo_tool_frame\n'}
[18.272838] (lbot_demo) StdoutLine: {'line': b'-- Symlinking: /home/dawntildusk/lbot_ws/install/lbot_demo/lib/lbot_demo/demo_emergency_enable\n'}
[18.279263] (lbot_demo) StdoutLine: {'line': b'-- Symlinking: /home/dawntildusk/lbot_ws/install/lbot_demo/lib/lbot_demo/demo_hand_l6_control\n'}
[18.286054] (lbot_demo) StdoutLine: {'line': b'-- Symlinking: /home/dawntildusk/lbot_ws/install/lbot_demo/lib/lbot_demo/demo_hand_l10_control\n'}
[18.292234] (lbot_demo) StdoutLine: {'line': b'-- Symlinking: /home/dawntildusk/lbot_ws/install/lbot_demo/share/lbot_demo/launch/lbot_start_demo.launch.py\n'}
[18.297042] (lbot_demo) StdoutLine: {'line': b'-- Symlinking: /home/dawntildusk/lbot_ws/install/lbot_demo/share/ament_index/resource_index/package_run_dependencies/lbot_demo\n'}
[18.303176] (lbot_demo) StdoutLine: {'line': b'-- Symlinking: /home/dawntildusk/lbot_ws/install/lbot_demo/share/ament_index/resource_index/parent_prefix_path/lbot_demo\n'}
[18.309510] (lbot_demo) StdoutLine: {'line': b'-- Symlinking: /home/dawntildusk/lbot_ws/install/lbot_demo/share/lbot_demo/environment/ament_prefix_path.sh\n'}
[18.316079] (lbot_demo) StdoutLine: {'line': b'-- Symlinking: /home/dawntildusk/lbot_ws/install/lbot_demo/share/lbot_demo/environment/ament_prefix_path.dsv\n'}
[18.320788] (lbot_demo) StdoutLine: {'line': b'-- Symlinking: /home/dawntildusk/lbot_ws/install/lbot_demo/share/lbot_demo/environment/path.sh\n'}
[18.326355] (lbot_demo) StdoutLine: {'line': b'-- Symlinking: /home/dawntildusk/lbot_ws/install/lbot_demo/share/lbot_demo/environment/path.dsv\n'}
[18.332580] (lbot_demo) StdoutLine: {'line': b'-- Symlinking: /home/dawntildusk/lbot_ws/install/lbot_demo/share/lbot_demo/local_setup.bash\n'}
[18.338574] (lbot_demo) StdoutLine: {'line': b'-- Symlinking: /home/dawntildusk/lbot_ws/install/lbot_demo/share/lbot_demo/local_setup.sh\n'}
[18.343923] (lbot_demo) StdoutLine: {'line': b'-- Symlinking: /home/dawntildusk/lbot_ws/install/lbot_demo/share/lbot_demo/local_setup.zsh\n'}
[18.344918] (-) TimerEvent: {}
[18.350101] (lbot_demo) StdoutLine: {'line': b'-- Symlinking: /home/dawntildusk/lbot_ws/install/lbot_demo/share/lbot_demo/local_setup.dsv\n'}
[18.355034] (lbot_demo) StdoutLine: {'line': b'-- Symlinking: /home/dawntildusk/lbot_ws/install/lbot_demo/share/lbot_demo/package.dsv\n'}
[18.361593] (lbot_demo) StdoutLine: {'line': b'-- Symlinking: /home/dawntildusk/lbot_ws/install/lbot_demo/share/ament_index/resource_index/packages/lbot_demo\n'}
[18.367433] (lbot_demo) StdoutLine: {'line': b'-- Symlinking: /home/dawntildusk/lbot_ws/install/lbot_demo/share/lbot_demo/cmake/lbot_demoConfig.cmake\n'}
[18.373508] (lbot_demo) StdoutLine: {'line': b'-- Symlinking: /home/dawntildusk/lbot_ws/install/lbot_demo/share/lbot_demo/cmake/lbot_demoConfig-version.cmake\n'}
[18.379137] (lbot_demo) StdoutLine: {'line': b'-- Symlinking: /home/dawntildusk/lbot_ws/install/lbot_demo/share/lbot_demo/package.xml\n'}
[18.387421] (lbot_demo) CommandEnded: {'returncode': 0}
[18.393676] (lbot_demo) JobEnded: {'identifier': 'lbot_demo', 'rc': 0}
[18.445009] (-) TimerEvent: {}
[18.545364] (-) TimerEvent: {}
[18.645712] (-) TimerEvent: {}
[18.746009] (-) TimerEvent: {}
[18.846290] (-) TimerEvent: {}
[18.946523] (-) TimerEvent: {}
[19.046797] (-) TimerEvent: {}
[19.147058] (-) TimerEvent: {}
[19.247370] (-) TimerEvent: {}
[19.347618] (-) TimerEvent: {}
[19.447882] (-) TimerEvent: {}
[19.548083] (-) TimerEvent: {}
[19.648303] (-) TimerEvent: {}
[19.748548] (-) TimerEvent: {}
[19.848769] (-) TimerEvent: {}
[19.948991] (-) TimerEvent: {}
[20.049234] (-) TimerEvent: {}
[20.149523] (-) TimerEvent: {}
[20.249804] (-) TimerEvent: {}
[20.350016] (-) TimerEvent: {}
[20.450274] (-) TimerEvent: {}
[20.550499] (-) TimerEvent: {}
[20.650751] (-) TimerEvent: {}
[20.751007] (-) TimerEvent: {}
[20.851346] (-) TimerEvent: {}
[20.951603] (-) TimerEvent: {}
[21.051852] (-) TimerEvent: {}
[21.152047] (-) TimerEvent: {}
[21.252282] (-) TimerEvent: {}
[21.352515] (-) TimerEvent: {}
[21.452743] (-) TimerEvent: {}
[21.552972] (-) TimerEvent: {}
[21.653175] (-) TimerEvent: {}
[21.753411] (-) TimerEvent: {}
[21.853706] (-) TimerEvent: {}
[21.953978] (-) TimerEvent: {}
[22.054167] (-) TimerEvent: {}
[22.154408] (-) TimerEvent: {}
[22.254644] (-) TimerEvent: {}
[22.354882] (-) TimerEvent: {}
[22.455086] (-) TimerEvent: {}
[22.555281] (-) TimerEvent: {}
[22.655544] (-) TimerEvent: {}
[22.755835] (-) TimerEvent: {}
[22.856157] (-) TimerEvent: {}
[22.956406] (-) TimerEvent: {}
[23.056666] (-) TimerEvent: {}
[23.156897] (-) TimerEvent: {}
[23.257190] (-) TimerEvent: {}
[23.357436] (-) TimerEvent: {}
[23.457628] (-) TimerEvent: {}
[23.557913] (-) TimerEvent: {}
[23.658349] (-) TimerEvent: {}
[23.758565] (-) TimerEvent: {}
[23.858830] (-) TimerEvent: {}
[23.959084] (-) TimerEvent: {}
[24.059284] (-) TimerEvent: {}
[24.159564] (-) TimerEvent: {}
[24.259799] (-) TimerEvent: {}
[24.360000] (-) TimerEvent: {}
[24.460332] (-) TimerEvent: {}
[24.560591] (-) TimerEvent: {}
[24.660853] (-) TimerEvent: {}
[24.761063] (-) TimerEvent: {}
[24.861310] (-) TimerEvent: {}
[24.961562] (-) TimerEvent: {}
[24.976914] (lbot_driver) StdoutLine: {'line': b'[100%] \x1b[32m\x1b[1mLinking CXX executable lbot_driver\x1b[0m\n'}
[25.061675] (-) TimerEvent: {}
[25.161953] (-) TimerEvent: {}
[25.262161] (-) TimerEvent: {}
[25.362436] (-) TimerEvent: {}
[25.411235] (lbot_driver) StdoutLine: {'line': b'[100%] Built target lbot_driver\n'}
[25.418597] (lbot_driver) CommandEnded: {'returncode': 0}
[25.419192] (lbot_driver) JobProgress: {'identifier': 'lbot_driver', 'progress': 'install'}
[25.419205] (lbot_driver) Command: {'cmd': ['/usr/bin/cmake', '--install', '/home/dawntildusk/lbot_ws/build/lbot_driver'], 'cwd': '/home/dawntildusk/lbot_ws/build/lbot_driver', 'env': OrderedDict({'GJS_DEBUG_TOPICS': 'JS ERROR;JS LOG', 'LESSOPEN': '| /usr/bin/lesspipe %s', 'CONDA_PROMPT_MODIFIER': '', 'LANGUAGE': 'zh_CN:en_US:en', 'USER': 'dawntildusk', 'LC_TIME': 'zh_CN.UTF-8', 'XDG_SESSION_TYPE': 'x11', 'GIT_ASKPASS': '/usr/share/code/resources/app/extensions/git/dist/askpass.sh', 'CLUTTER_DISABLE_MIPMAPPED_TEXT': '1', 'SHLVL': '1', 'LD_LIBRARY_PATH': '/home/dawntildusk/lbot_ws/install/lbot_arm_interfaces/lib:/opt/ros/jazzy/opt/rviz_ogre_vendor/lib:/opt/ros/jazzy/lib/x86_64-linux-gnu:/opt/ros/jazzy/opt/gz_math_vendor/lib:/opt/ros/jazzy/opt/gz_utils_vendor/lib:/opt/ros/jazzy/opt/gz_cmake_vendor/lib:/opt/ros/jazzy/lib', 'HOME': '/home/dawntildusk', 'CHROME_DESKTOP': 'code.desktop', 'CONDA_SHLVL': '0', 'OLDPWD': '/home/dawntildusk/lbot_ws', 'TERM_PROGRAM_VERSION': '1.136.1', 'DESKTOP_SESSION': 'ubuntu', 'GIO_LAUNCHED_DESKTOP_FILE': '/usr/share/applications/code.desktop', 'ROS_PYTHON_VERSION': '3', 'GNOME_SHELL_SESSION_MODE': 'ubuntu', 'GTK_MODULES': 'gail:atk-bridge', 'SDL_IM_MODULE': 'fcitx', 'VSCODE_GIT_ASKPASS_MAIN': '/usr/share/code/resources/app/extensions/git/dist/askpass-main.js', 'LC_MONETARY': 'zh_CN.UTF-8', 'VSCODE_GIT_ASKPASS_NODE': '/usr/share/code/code', 'MANAGERPID': '2288', 'SYSTEMD_EXEC_PID': '2708', 'VSCODE_PYTHON_AUTOACTIVATE_GUARD': '1', 'GSM_SKIP_SSH_AGENT_WORKAROUND': 'true', 'DBUS_SESSION_BUS_ADDRESS': 'unix:path=/run/user/1000/bus', 'COLORTERM': 'truecolor', '_CE_M': '', '_CONDA_ROOT': '/home/dawntildusk/miniconda3', 'GIO_LAUNCHED_DESKTOP_FILE_PID': '44016', 'DEBUGINFOD_URLS': 'https://debuginfod.ubuntu.com', 'ROS_DISTRO': 'jazzy', 'GTK_IM_MODULE': 'fcitx', 'LOGNAME': 'dawntildusk', 'JOURNAL_STREAM': '10:29928', '_': '/usr/bin/colcon', 'ROS_VERSION': '2', 'MEMORY_PRESSURE_WATCH': '/sys/fs/cgroup/user.slice/user-1000.slice/user@1000.service/session.slice/org.gnome.Shell@x11.service/memory.pressure', 'XDG_SESSION_CLASS': 'user', 'USERNAME': 'dawntildusk', 'TERM': 'xterm-256color', 'GNOME_DESKTOP_SESSION_ID': 'this-is-deprecated', '_CE_CONDA': '', 'FC_FONTATIONS': '1', 'WINDOWPATH': '2', 'PATH': '/opt/ros/jazzy/bin:/home/dawntildusk/.config/Code/User/globalStorage/github.copilot-chat/debugCommand:/home/dawntildusk/.config/Code/User/globalStorage/github.copilot-chat/copilotCli:/home/dawntildusk/miniconda3/condabin:/usr/local/sbin:/usr/local/bin:/usr/sbin:/usr/bin:/sbin:/bin:/usr/games:/usr/local/games:/snap/bin:/snap/bin', 'SESSION_MANAGER': 'local/dawntildusk-TX-Gaming-FX608JPR-FX608JPR:@/tmp/.ICE-unix/2640,unix/dawntildusk-TX-Gaming-FX608JPR-FX608JPR:/tmp/.ICE-unix/2640', 'INVOCATION_ID': '39883ff62c494379bef8f4b89657dd8f', 'PAPERSIZE': 'a4', 'XDG_MENU_PREFIX': 'gnome-', 'LC_ADDRESS': 'zh_CN.UTF-8', 'XDG_RUNTIME_DIR': '/run/user/1000', 'GDK_BACKEND': 'x11', 'DISPLAY': ':1', 'LANG': 'zh_CN.UTF-8', 'XDG_CURRENT_DESKTOP': 'ubuntu:GNOME', 'LC_TELEPHONE': 'zh_CN.UTF-8', 'XMODIFIERS': '@im=fcitx', 'XDG_SESSION_DESKTOP': 'ubuntu', 'XAUTHORITY': '/run/user/1000/gdm/Xauthority', 'LS_COLORS': 'rs=0:di=01;34:ln=01;36:mh=00:pi=40;33:so=01;35:do=01;35:bd=40;33;01:cd=40;33;01:or=40;31;01:mi=00:su=37;41:sg=30;43:ca=00:tw=30;42:ow=34;42:st=37;44:ex=01;32:*.tar=01;31:*.tgz=01;31:*.arc=01;31:*.arj=01;31:*.taz=01;31:*.lha=01;31:*.lz4=01;31:*.lzh=01;31:*.lzma=01;31:*.tlz=01;31:*.txz=01;31:*.tzo=01;31:*.t7z=01;31:*.zip=01;31:*.z=01;31:*.dz=01;31:*.gz=01;31:*.lrz=01;31:*.lz=01;31:*.lzo=01;31:*.xz=01;31:*.zst=01;31:*.tzst=01;31:*.bz2=01;31:*.bz=01;31:*.tbz=01;31:*.tbz2=01;31:*.tz=01;31:*.deb=01;31:*.rpm=01;31:*.jar=01;31:*.war=01;31:*.ear=01;31:*.sar=01;31:*.rar=01;31:*.alz=01;31:*.ace=01;31:*.zoo=01;31:*.cpio=01;31:*.7z=01;31:*.rz=01;31:*.cab=01;31:*.wim=01;31:*.swm=01;31:*.dwm=01;31:*.esd=01;31:*.avif=01;35:*.jpg=01;35:*.jpeg=01;35:*.mjpg=01;35:*.mjpeg=01;35:*.gif=01;35:*.bmp=01;35:*.pbm=01;35:*.pgm=01;35:*.ppm=01;35:*.tga=01;35:*.xbm=01;35:*.xpm=01;35:*.tif=01;35:*.tiff=01;35:*.png=01;35:*.svg=01;35:*.svgz=01;35:*.mng=01;35:*.pcx=01;35:*.mov=01;35:*.mpg=01;35:*.mpeg=01;35:*.m2v=01;35:*.mkv=01;35:*.webm=01;35:*.webp=01;35:*.ogm=01;35:*.mp4=01;35:*.m4v=01;35:*.mp4v=01;35:*.vob=01;35:*.qt=01;35:*.nuv=01;35:*.wmv=01;35:*.asf=01;35:*.rm=01;35:*.rmvb=01;35:*.flc=01;35:*.avi=01;35:*.fli=01;35:*.flv=01;35:*.gl=01;35:*.dl=01;35:*.xcf=01;35:*.xwd=01;35:*.yuv=01;35:*.cgm=01;35:*.emf=01;35:*.ogv=01;35:*.ogx=01;35:*.aac=00;36:*.au=00;36:*.flac=00;36:*.m4a=00;36:*.mid=00;36:*.midi=00;36:*.mka=00;36:*.mp3=00;36:*.mpc=00;36:*.ogg=00;36:*.ra=00;36:*.wav=00;36:*.oga=00;36:*.opus=00;36:*.spx=00;36:*.xspf=00;36:*~=00;90:*#=00;90:*.bak=00;90:*.crdownload=00;90:*.dpkg-dist=00;90:*.dpkg-new=00;90:*.dpkg-old=00;90:*.dpkg-tmp=00;90:*.old=00;90:*.orig=00;90:*.part=00;90:*.rej=00;90:*.rpmnew=00;90:*.rpmorig=00;90:*.rpmsave=00;90:*.swp=00;90:*.tmp=00;90:*.ucf-dist=00;90:*.ucf-new=00;90:*.ucf-old=00;90:', 'VSCODE_GIT_IPC_HANDLE': '/run/user/1000/vscode-git-fc3f46f092.sock', 'TERM_PROGRAM': 'vscode', 'SSH_AUTH_SOCK': '/run/user/1000/keyring/ssh', 'AMENT_PREFIX_PATH': '/home/dawntildusk/lbot_ws/install/lbot_arm_interfaces:/opt/ros/jazzy', 'CONDA_PYTHON_EXE': '/home/dawntildusk/miniconda3/bin/python', 'SHELL': '/bin/bash', 'LC_NAME': 'zh_CN.UTF-8', 'QT_ACCESSIBILITY': '1', 'GDMSESSION': 'ubuntu', 'LESSCLOSE': '/usr/bin/lesspipe %s %s', 'CONDA_DEFAULT_ENV': '', 'LC_MEASUREMENT': 'zh_CN.UTF-8', 'GPG_AGENT_INFO': '/run/user/1000/gnupg/S.gpg-agent:0:1', 'GJS_DEBUG_OUTPUT': 'stderr', '_CONDA_EXE': '/home/dawntildusk/miniconda3/bin/conda', 'LC_IDENTIFICATION': 'zh_CN.UTF-8', 'ROS_AUTOMATIC_DISCOVERY_RANGE': 'SUBNET', 'VSCODE_GIT_ASKPASS_EXTRA_ARGS': '', 'QT_IM_MODULE': 'fcitx', 'PWD': '/home/dawntildusk/lbot_ws/build/lbot_driver', 'XDG_CONFIG_DIRS': '/etc/xdg/xdg-ubuntu:/etc/xdg', 'COPILOT_DEBUG_NONCE': '7dac8b5f3bc076abaa655999b86f7af0', 'CONDA_EXE': '/home/dawntildusk/miniconda3/bin/conda', 'CLUTTER_IM_MODULE': 'xim', 'XDG_DATA_DIRS': '/usr/share/ubuntu:/usr/share/gnome:/usr/local/share/:/usr/share/:/var/lib/snapd/desktop', 'QTWEBENGINE_DICTIONARIES_PATH': '/usr/share/hunspell-bdic/', 'PYTHONPATH': '/home/dawntildusk/lbot_ws/install/lbot_arm_interfaces/lib/python3.12/site-packages:/opt/ros/jazzy/lib/python3.12/site-packages', 'LC_NUMERIC': 'zh_CN.UTF-8', 'CONDA_PREFIX': '', 'LC_PAPER': 'zh_CN.UTF-8', 'COLCON': '1', 'MEMORY_PRESSURE_WRITE': 'c29tZSAyMDAwMDAgMjAwMDAwMAA=', 'CMAKE_PREFIX_PATH': '/home/dawntildusk/lbot_ws/install/lbot_arm_interfaces:/opt/ros/jazzy/opt/gz_math_vendor:/opt/ros/jazzy/opt/gz_utils_vendor:/opt/ros/jazzy/opt/gz_cmake_vendor:/opt/ros/jazzy'}), 'shell': False}
[25.426017] (lbot_driver) StdoutLine: {'line': b'-- Install configuration: ""\n'}
[25.426182] (lbot_driver) StdoutLine: {'line': b'-- Execute custom install script\n'}
[25.426362] (lbot_driver) StdoutLine: {'line': b'-- Symlinking: /home/dawntildusk/lbot_ws/install/lbot_driver/lib/lbot_driver/lbot_driver\n'}
[25.432944] (lbot_driver) StdoutLine: {'line': b'-- Symlinking: /home/dawntildusk/lbot_ws/install/lbot_driver/share/lbot_driver/launch/lbot_start_driver.launch.py\n'}
[25.440054] (lbot_driver) StdoutLine: {'line': b'-- Symlinking: /home/dawntildusk/lbot_ws/install/lbot_driver/share/lbot_driver/config/lbot_config.yaml\n'}
[25.450841] (lbot_driver) StdoutLine: {'line': b'-- Symlinking: /home/dawntildusk/lbot_ws/install/lbot_driver/lib/lib_install.sh\n'}
[25.459509] (lbot_driver) StdoutLine: {'line': b'-- Symlinking: /home/dawntildusk/lbot_ws/install/lbot_driver/lib/liblbot_api_cpp.so\n'}
[25.462588] (-) TimerEvent: {}
[25.466663] (lbot_driver) StdoutLine: {'line': b'-- Symlinking: /home/dawntildusk/lbot_ws/install/lbot_driver/lib/liblbot_api_cpp.so.1\n'}
[25.476957] (lbot_driver) StdoutLine: {'line': b'-- Symlinking: /home/dawntildusk/lbot_ws/install/lbot_driver/lib/liblbot_api_cpp.so.1.0.0\n'}
[25.487945] (lbot_driver) StdoutLine: {'line': b'-- Symlinking: /home/dawntildusk/lbot_ws/install/lbot_driver/lib/linux_arm64/liblbot_api.so\n'}
[25.497759] (lbot_driver) StdoutLine: {'line': b'-- Symlinking: /home/dawntildusk/lbot_ws/install/lbot_driver/lib/linux_arm64/liblbot_api.so.1\n'}
[25.506468] (lbot_driver) StdoutLine: {'line': b'-- Symlinking: /home/dawntildusk/lbot_ws/install/lbot_driver/lib/linux_arm64/liblbot_api.so.1.0.5\n'}
[25.515995] (lbot_driver) StdoutLine: {'line': b'-- Symlinking: /home/dawntildusk/lbot_ws/install/lbot_driver/lib/linux_arm64/liblbot_api_cpp.so\n'}
[25.526356] (lbot_driver) StdoutLine: {'line': b'-- Symlinking: /home/dawntildusk/lbot_ws/install/lbot_driver/lib/linux_arm64/liblbot_api_cpp.so.1\n'}
[25.536433] (lbot_driver) StdoutLine: {'line': b'-- Symlinking: /home/dawntildusk/lbot_ws/install/lbot_driver/lib/linux_arm64/liblbot_api_cpp.so.1.0.5\n'}
[25.547220] (lbot_driver) StdoutLine: {'line': b'-- Symlinking: /home/dawntildusk/lbot_ws/install/lbot_driver/lib/linux_x64/liblbot_api.so\n'}
[25.552601] (lbot_driver) StdoutLine: {'line': b'-- Symlinking: /home/dawntildusk/lbot_ws/install/lbot_driver/lib/linux_x64/liblbot_api.so.1\n'}
[25.560410] (lbot_driver) StdoutLine: {'line': b'-- Symlinking: /home/dawntildusk/lbot_ws/install/lbot_driver/lib/linux_x64/liblbot_api.so.1.0.5\n'}
[25.562720] (-) TimerEvent: {}
[25.569312] (lbot_driver) StdoutLine: {'line': b'-- Symlinking: /home/dawntildusk/lbot_ws/install/lbot_driver/lib/linux_x64/liblbot_api_cpp.so\n'}
[25.579657] (lbot_driver) StdoutLine: {'line': b'-- Symlinking: /home/dawntildusk/lbot_ws/install/lbot_driver/lib/linux_x64/liblbot_api_cpp.so.1\n'}
[25.588827] (lbot_driver) StdoutLine: {'line': b'-- Symlinking: /home/dawntildusk/lbot_ws/install/lbot_driver/lib/linux_x64/liblbot_api_cpp.so.1.0.5\n'}
[25.600548] (lbot_driver) StdoutLine: {'line': b'-- Symlinking: /home/dawntildusk/lbot_ws/install/lbot_driver/share/ament_index/resource_index/package_run_dependencies/lbot_driver\n'}
[25.608763] (lbot_driver) StdoutLine: {'line': b'-- Symlinking: /home/dawntildusk/lbot_ws/install/lbot_driver/share/ament_index/resource_index/parent_prefix_path/lbot_driver\n'}
[25.618851] (lbot_driver) StdoutLine: {'line': b'-- Symlinking: /home/dawntildusk/lbot_ws/install/lbot_driver/share/lbot_driver/environment/ament_prefix_path.sh\n'}
[25.628548] (lbot_driver) StdoutLine: {'line': b'-- Symlinking: /home/dawntildusk/lbot_ws/install/lbot_driver/share/lbot_driver/environment/ament_prefix_path.dsv\n'}
[25.636214] (lbot_driver) StdoutLine: {'line': b'-- Symlinking: /home/dawntildusk/lbot_ws/install/lbot_driver/share/lbot_driver/environment/path.sh\n'}
[25.643666] (lbot_driver) StdoutLine: {'line': b'-- Symlinking: /home/dawntildusk/lbot_ws/install/lbot_driver/share/lbot_driver/environment/path.dsv\n'}
[25.650085] (lbot_driver) StdoutLine: {'line': b'-- Symlinking: /home/dawntildusk/lbot_ws/install/lbot_driver/share/lbot_driver/local_setup.bash\n'}
[25.654452] (lbot_driver) StdoutLine: {'line': b'-- Symlinking: /home/dawntildusk/lbot_ws/install/lbot_driver/share/lbot_driver/local_setup.sh\n'}
[25.658843] (lbot_driver) StdoutLine: {'line': b'-- Symlinking: /home/dawntildusk/lbot_ws/install/lbot_driver/share/lbot_driver/local_setup.zsh\n'}
[25.662854] (-) TimerEvent: {}
[25.665510] (lbot_driver) StdoutLine: {'line': b'-- Symlinking: /home/dawntildusk/lbot_ws/install/lbot_driver/share/lbot_driver/local_setup.dsv\n'}
[25.671711] (lbot_driver) StdoutLine: {'line': b'-- Symlinking: /home/dawntildusk/lbot_ws/install/lbot_driver/share/lbot_driver/package.dsv\n'}
[25.677347] (lbot_driver) StdoutLine: {'line': b'-- Symlinking: /home/dawntildusk/lbot_ws/install/lbot_driver/share/ament_index/resource_index/packages/lbot_driver\n'}
[25.682545] (lbot_driver) StdoutLine: {'line': b'-- Symlinking: /home/dawntildusk/lbot_ws/install/lbot_driver/share/lbot_driver/cmake/lbot_driverConfig.cmake\n'}
[25.686870] (lbot_driver) StdoutLine: {'line': b'-- Symlinking: /home/dawntildusk/lbot_ws/install/lbot_driver/share/lbot_driver/cmake/lbot_driverConfig-version.cmake\n'}
[25.693464] (lbot_driver) StdoutLine: {'line': b'-- Symlinking: /home/dawntildusk/lbot_ws/install/lbot_driver/share/lbot_driver/package.xml\n'}
[25.701160] (lbot_driver) CommandEnded: {'returncode': 0}
[25.707648] (lbot_driver) JobEnded: {'identifier': 'lbot_driver', 'rc': 0}
[25.708035] (-) EventReactorShutdown: {}
