[0.005s] Invoking command in '/home/dawntildusk/lbot_ws/build/lbot_arm_interfaces': CMAKE_PREFIX_PATH=${CMAKE_PREFIX_PATH}:/opt/ros/jazzy DEBUGINFOD_URLS=https://debuginfod.ubuntu.com /usr/bin/cmake /home/dawntildusk/lbot_ws/src/lbot_arm_interfaces -DPython3_EXECUTABLE=/usr/bin/python3 -DAMENT_CMAKE_SYMLINK_INSTALL=1 -DCMAKE_INSTALL_PREFIX=/home/dawntildusk/lbot_ws/install/lbot_arm_interfaces
[0.061s] -- The C compiler identification is GNU 13.3.0
[0.116s] -- The CXX compiler identification is GNU 13.3.0
[0.131s] -- Detecting C compiler ABI info
[0.230s] -- Detecting C compiler ABI info - done
[0.243s] -- Check for working C compiler: /usr/bin/cc - skipped
[0.243s] -- Detecting C compile features
[0.244s] -- Detecting C compile features - done
[0.256s] -- Detecting CXX compiler ABI info
[0.360s] -- Detecting CXX compiler ABI info - done
[0.372s] -- Check for working CXX compiler: /usr/bin/c++ - skipped
[0.373s] -- Detecting CXX compile features
[0.373s] -- Detecting CXX compile features - done
[0.374s] -- Found ament_cmake: 2.5.6 (/opt/ros/jazzy/share/ament_cmake/cmake)
[0.482s] -- Found Python3: /usr/bin/python3 (found version "3.12.3") found components: Interpreter 
[0.529s] -- Override CMake install command with custom implementation using symlinks instead of copying resources
[0.543s] -- Found geometry_msgs: 5.3.8 (/opt/ros/jazzy/share/geometry_msgs/cmake)
[0.569s] -- Found rosidl_generator_c: 4.6.9 (/opt/ros/jazzy/share/rosidl_generator_c/cmake)
[0.575s] -- Found rosidl_generator_cpp: 4.6.9 (/opt/ros/jazzy/share/rosidl_generator_cpp/cmake)
[0.583s] -- Using all available rosidl_typesupport_c: rosidl_typesupport_fastrtps_c;rosidl_typesupport_introspection_c
[0.592s] -- Using all available rosidl_typesupport_cpp: rosidl_typesupport_fastrtps_cpp;rosidl_typesupport_introspection_cpp
[0.616s] -- Found sensor_msgs: 5.3.8 (/opt/ros/jazzy/share/sensor_msgs/cmake)
[0.637s] -- Found rosidl_default_generators: 1.6.1 (/opt/ros/jazzy/share/rosidl_default_generators/cmake)
[0.645s] -- Found rosidl_adapter: 4.6.9 (/opt/ros/jazzy/share/rosidl_adapter/cmake)
[1.164s] -- Found ament_cmake_ros: 0.12.1 (/opt/ros/jazzy/share/ament_cmake_ros/cmake)
[1.846s] -- Using all available rosidl_typesupport_c: rosidl_typesupport_fastrtps_c;rosidl_typesupport_introspection_c
[2.105s] -- Using all available rosidl_typesupport_cpp: rosidl_typesupport_fastrtps_cpp;rosidl_typesupport_introspection_cpp
[2.108s] -- Found python_cmake_module: 0.11.1 (/opt/ros/jazzy/share/python_cmake_module/cmake)
[2.230s] -- Found PythonExtra: /usr/bin/python3  
[2.570s] -- Found Python3: /usr/bin/python3 (found version "3.12.3") found components: Interpreter Development NumPy Development.Module Development.Embed 
[2.652s] -- Found Python3: /usr/bin/python3 (found version "3.12.3") found components: Interpreter 
[2.656s] -- Found ament_lint_auto: 0.17.5 (/opt/ros/jazzy/share/ament_lint_auto/cmake)
[2.667s] -- Added test 'copyright' to check source files copyright and LICENSE
[2.668s] -- Added test 'lint_cmake' to check CMake code style
[2.669s] -- Added test 'xmllint' to check XML markup files
[2.671s] -- Configuring done (2.7s)
[2.713s] -- Generating done (0.0s)
[2.721s] -- Build files have been written to: /home/dawntildusk/lbot_ws/build/lbot_arm_interfaces
[2.728s] Invoked command in '/home/dawntildusk/lbot_ws/build/lbot_arm_interfaces' returned '0': CMAKE_PREFIX_PATH=${CMAKE_PREFIX_PATH}:/opt/ros/jazzy DEBUGINFOD_URLS=https://debuginfod.ubuntu.com /usr/bin/cmake /home/dawntildusk/lbot_ws/src/lbot_arm_interfaces -DPython3_EXECUTABLE=/usr/bin/python3 -DAMENT_CMAKE_SYMLINK_INSTALL=1 -DCMAKE_INSTALL_PREFIX=/home/dawntildusk/lbot_ws/install/lbot_arm_interfaces
[2.728s] Invoking command in '/home/dawntildusk/lbot_ws/build/lbot_arm_interfaces': CMAKE_PREFIX_PATH=${CMAKE_PREFIX_PATH}:/opt/ros/jazzy DEBUGINFOD_URLS=https://debuginfod.ubuntu.com /usr/bin/cmake --build /home/dawntildusk/lbot_ws/build/lbot_arm_interfaces -- -j24 -l24
[2.778s] [  1%] [34m[1mGenerating type hashes for ROS interfaces[0m
[2.781s] [  2%] [34m[1mGenerating Rust code for ROS interfaces[0m
[2.787s] [  2%] Built target ament_cmake_python_symlink_lbot_arm_interfaces
[2.897s] running egg_info
[2.898s] creating lbot_arm_interfaces.egg-info
[2.906s] writing lbot_arm_interfaces.egg-info/PKG-INFO
[2.906s] writing dependency_links to lbot_arm_interfaces.egg-info/dependency_links.txt
[2.906s] writing top-level names to lbot_arm_interfaces.egg-info/top_level.txt
[2.906s] writing manifest file 'lbot_arm_interfaces.egg-info/SOURCES.txt'
[2.932s] reading manifest file 'lbot_arm_interfaces.egg-info/SOURCES.txt'
[2.932s] writing manifest file 'lbot_arm_interfaces.egg-info/SOURCES.txt'
[2.950s] [  2%] Built target ament_cmake_python_build_lbot_arm_interfaces_egg
[3.010s] [  2%] Built target lbot_arm_interfaces__rosidl_generator_type_description
[3.019s] [  3%] [34m[1mGenerating C code for ROS interfaces[0m
[3.027s] [  3%] [34m[1mGenerating C++ code for ROS interfaces[0m
[3.037s] [  3%] Built target lbot_arm_interfaces__rs
[3.763s] [  3%] Built target lbot_arm_interfaces__cpp
[3.949s] [  4%] [32mBuilding C object CMakeFiles/lbot_arm_interfaces__rosidl_generator_c.dir/rosidl_generator_c/lbot_arm_interfaces/srv/detail/move_l__functions.c.o[0m
[3.949s] [  4%] [32mBuilding C object CMakeFiles/lbot_arm_interfaces__rosidl_generator_c.dir/rosidl_generator_c/lbot_arm_interfaces/srv/detail/move_l__description.c.o[0m
[3.950s] [  4%] [32mBuilding C object CMakeFiles/lbot_arm_interfaces__rosidl_generator_c.dir/rosidl_generator_c/lbot_arm_interfaces/srv/detail/move_c__description.c.o[0m
[3.950s] [  4%] [32mBuilding C object CMakeFiles/lbot_arm_interfaces__rosidl_generator_c.dir/rosidl_generator_c/lbot_arm_interfaces/srv/detail/move_c__functions.c.o[0m
[3.952s] [  5%] [32mBuilding C object CMakeFiles/lbot_arm_interfaces__rosidl_generator_c.dir/rosidl_generator_c/lbot_arm_interfaces/srv/detail/move_c__type_support.c.o[0m
[3.952s] [  5%] [32mBuilding C object CMakeFiles/lbot_arm_interfaces__rosidl_generator_c.dir/rosidl_generator_c/lbot_arm_interfaces/srv/detail/move_j__description.c.o[0m
[3.952s] [  6%] [32mBuilding C object CMakeFiles/lbot_arm_interfaces__rosidl_generator_c.dir/rosidl_generator_c/lbot_arm_interfaces/srv/detail/move_j__functions.c.o[0m
[3.952s] [  6%] [32mBuilding C object CMakeFiles/lbot_arm_interfaces__rosidl_generator_c.dir/rosidl_generator_c/lbot_arm_interfaces/srv/detail/move_j__type_support.c.o[0m
[3.953s] [  6%] [32mBuilding C object CMakeFiles/lbot_arm_interfaces__rosidl_generator_c.dir/rosidl_generator_c/lbot_arm_interfaces/srv/detail/move_jp__type_support.c.o[0m
[3.953s] [  6%] [32mBuilding C object CMakeFiles/lbot_arm_interfaces__rosidl_generator_c.dir/rosidl_generator_c/lbot_arm_interfaces/srv/detail/move_jp__description.c.o[0m
[3.953s] [  7%] [32mBuilding C object CMakeFiles/lbot_arm_interfaces__rosidl_generator_c.dir/rosidl_generator_c/lbot_arm_interfaces/srv/detail/move_jp__functions.c.o[0m
[3.953s] [  8%] [32mBuilding C object CMakeFiles/lbot_arm_interfaces__rosidl_generator_c.dir/rosidl_generator_c/lbot_arm_interfaces/srv/detail/move_l__type_support.c.o[0m
[3.953s] [  8%] [32mBuilding C object CMakeFiles/lbot_arm_interfaces__rosidl_generator_c.dir/rosidl_generator_c/lbot_arm_interfaces/srv/detail/forward_kinematics__description.c.o[0m
[3.953s] [  9%] [32mBuilding C object CMakeFiles/lbot_arm_interfaces__rosidl_generator_c.dir/rosidl_generator_c/lbot_arm_interfaces/srv/detail/inverse_kinematics__type_support.c.o[0m
[3.953s] [  9%] [32mBuilding C object CMakeFiles/lbot_arm_interfaces__rosidl_generator_c.dir/rosidl_generator_c/lbot_arm_interfaces/srv/detail/forward_kinematics__functions.c.o[0m
[3.954s] [  9%] [32mBuilding C object CMakeFiles/lbot_arm_interfaces__rosidl_generator_c.dir/rosidl_generator_c/lbot_arm_interfaces/srv/detail/set_frame__description.c.o[0m
[3.954s] [ 10%] [32mBuilding C object CMakeFiles/lbot_arm_interfaces__rosidl_generator_c.dir/rosidl_generator_c/lbot_arm_interfaces/srv/detail/set_string__description.c.o[0m
[3.954s] [ 10%] [32mBuilding C object CMakeFiles/lbot_arm_interfaces__rosidl_generator_c.dir/rosidl_generator_c/lbot_arm_interfaces/srv/detail/set_string__functions.c.o[0m
[3.955s] [ 11%] [32mBuilding C object CMakeFiles/lbot_arm_interfaces__rosidl_generator_c.dir/rosidl_generator_c/lbot_arm_interfaces/srv/detail/inverse_kinematics__description.c.o[0m
[3.955s] [ 11%] [32mBuilding C object CMakeFiles/lbot_arm_interfaces__rosidl_generator_c.dir/rosidl_generator_c/lbot_arm_interfaces/srv/detail/inverse_kinematics__functions.c.o[0m
[3.955s] [ 11%] [32mBuilding C object CMakeFiles/lbot_arm_interfaces__rosidl_generator_c.dir/rosidl_generator_c/lbot_arm_interfaces/srv/detail/set_frame__type_support.c.o[0m
[3.956s] [ 12%] [32mBuilding C object CMakeFiles/lbot_arm_interfaces__rosidl_generator_c.dir/rosidl_generator_c/lbot_arm_interfaces/srv/detail/forward_kinematics__type_support.c.o[0m
[3.956s] [ 13%] [32mBuilding C object CMakeFiles/lbot_arm_interfaces__rosidl_generator_c.dir/rosidl_generator_c/lbot_arm_interfaces/srv/detail/set_frame__functions.c.o[0m
[3.957s] [ 14%] [32mBuilding C object CMakeFiles/lbot_arm_interfaces__rosidl_generator_c.dir/rosidl_generator_c/lbot_arm_interfaces/srv/detail/set_string__type_support.c.o[0m
[3.988s] [ 15%] [32mBuilding C object CMakeFiles/lbot_arm_interfaces__rosidl_generator_c.dir/rosidl_generator_c/lbot_arm_interfaces/srv/detail/get_frame__functions.c.o[0m
[3.989s] [ 15%] [32mBuilding C object CMakeFiles/lbot_arm_interfaces__rosidl_generator_c.dir/rosidl_generator_c/lbot_arm_interfaces/srv/detail/get_frame__type_support.c.o[0m
[3.989s] [ 15%] [32mBuilding C object CMakeFiles/lbot_arm_interfaces__rosidl_generator_c.dir/rosidl_generator_c/lbot_arm_interfaces/srv/detail/get_frame__description.c.o[0m
[3.990s] [ 15%] [32mBuilding C object CMakeFiles/lbot_arm_interfaces__rosidl_generator_c.dir/rosidl_generator_c/lbot_arm_interfaces/srv/detail/get_current_frame__description.c.o[0m
[3.992s] [ 15%] [32mBuilding C object CMakeFiles/lbot_arm_interfaces__rosidl_generator_c.dir/rosidl_generator_c/lbot_arm_interfaces/srv/detail/get_current_frame__type_support.c.o[0m
[3.992s] [ 16%] [32mBuilding C object CMakeFiles/lbot_arm_interfaces__rosidl_generator_c.dir/rosidl_generator_c/lbot_arm_interfaces/srv/detail/get_current_frame__functions.c.o[0m
[3.993s] [ 17%] [32mBuilding C object CMakeFiles/lbot_arm_interfaces__rosidl_generator_c.dir/rosidl_generator_c/lbot_arm_interfaces/srv/detail/change_frame__description.c.o[0m
[3.994s] [ 17%] [32mBuilding C object CMakeFiles/lbot_arm_interfaces__rosidl_generator_c.dir/rosidl_generator_c/lbot_arm_interfaces/srv/detail/change_frame__functions.c.o[0m
[3.997s] [ 18%] [32mBuilding C object CMakeFiles/lbot_arm_interfaces__rosidl_generator_c.dir/rosidl_generator_c/lbot_arm_interfaces/srv/detail/change_frame__type_support.c.o[0m
[3.998s] [ 18%] [32mBuilding C object CMakeFiles/lbot_arm_interfaces__rosidl_generator_c.dir/rosidl_generator_c/lbot_arm_interfaces/srv/detail/delete_frame__functions.c.o[0m
[3.999s] [ 18%] [32mBuilding C object CMakeFiles/lbot_arm_interfaces__rosidl_generator_c.dir/rosidl_generator_c/lbot_arm_interfaces/srv/detail/delete_frame__description.c.o[0m
[4.001s] [ 19%] [32mBuilding C object CMakeFiles/lbot_arm_interfaces__rosidl_generator_c.dir/rosidl_generator_c/lbot_arm_interfaces/srv/detail/delete_frame__type_support.c.o[0m
[4.002s] [ 20%] [32mBuilding C object CMakeFiles/lbot_arm_interfaces__rosidl_generator_c.dir/rosidl_generator_c/lbot_arm_interfaces/srv/detail/get_all_frames__functions.c.o[0m
[4.002s] [ 20%] [32mBuilding C object CMakeFiles/lbot_arm_interfaces__rosidl_generator_c.dir/rosidl_generator_c/lbot_arm_interfaces/srv/detail/get_all_frames__description.c.o[0m
[4.004s] [ 20%] [32mBuilding C object CMakeFiles/lbot_arm_interfaces__rosidl_generator_c.dir/rosidl_generator_c/lbot_arm_interfaces/srv/detail/get_all_frames__type_support.c.o[0m
[4.008s] [ 21%] [32mBuilding C object CMakeFiles/lbot_arm_interfaces__rosidl_generator_c.dir/rosidl_generator_c/lbot_arm_interfaces/srv/detail/set_zero__description.c.o[0m
[4.026s] [ 21%] [32mBuilding C object CMakeFiles/lbot_arm_interfaces__rosidl_generator_c.dir/rosidl_generator_c/lbot_arm_interfaces/srv/detail/set_zero__functions.c.o[0m
[4.026s] [ 22%] [32mBuilding C object CMakeFiles/lbot_arm_interfaces__rosidl_generator_c.dir/rosidl_generator_c/lbot_arm_interfaces/srv/detail/set_zero__type_support.c.o[0m
[4.026s] [ 22%] [32mBuilding C object CMakeFiles/lbot_arm_interfaces__rosidl_generator_c.dir/rosidl_generator_c/lbot_arm_interfaces/srv/detail/set_emergency__description.c.o[0m
[4.026s] [ 22%] [32mBuilding C object CMakeFiles/lbot_arm_interfaces__rosidl_generator_c.dir/rosidl_generator_c/lbot_arm_interfaces/srv/detail/set_emergency__functions.c.o[0m
[4.026s] [ 23%] [32mBuilding C object CMakeFiles/lbot_arm_interfaces__rosidl_generator_c.dir/rosidl_generator_c/lbot_arm_interfaces/srv/detail/set_emergency__type_support.c.o[0m
[4.030s] [ 24%] [32mBuilding C object CMakeFiles/lbot_arm_interfaces__rosidl_generator_c.dir/rosidl_generator_c/lbot_arm_interfaces/msg/detail/arm_state__description.c.o[0m
[4.031s] [ 25%] [32mBuilding C object CMakeFiles/lbot_arm_interfaces__rosidl_generator_c.dir/rosidl_generator_c/lbot_arm_interfaces/srv/detail/set_enable__functions.c.o[0m
[4.031s] [ 24%] [32mBuilding C object CMakeFiles/lbot_arm_interfaces__rosidl_generator_c.dir/rosidl_generator_c/lbot_arm_interfaces/srv/detail/set_enable__type_support.c.o[0m
[4.031s] [ 25%] [32mBuilding C object CMakeFiles/lbot_arm_interfaces__rosidl_generator_c.dir/rosidl_generator_c/lbot_arm_interfaces/srv/detail/set_enable__description.c.o[0m
[4.031s] [ 25%] [32mBuilding C object CMakeFiles/lbot_arm_interfaces__rosidl_generator_c.dir/rosidl_generator_c/lbot_arm_interfaces/msg/detail/arm_state__functions.c.o[0m
[4.034s] [ 26%] [32mBuilding C object CMakeFiles/lbot_arm_interfaces__rosidl_generator_c.dir/rosidl_generator_c/lbot_arm_interfaces/msg/detail/arm_state__type_support.c.o[0m
[4.041s] [ 26%] [32mBuilding C object CMakeFiles/lbot_arm_interfaces__rosidl_generator_c.dir/rosidl_generator_c/lbot_arm_interfaces/msg/detail/lbot_pose__description.c.o[0m
[4.042s] [ 26%] [32mBuilding C object CMakeFiles/lbot_arm_interfaces__rosidl_generator_c.dir/rosidl_generator_c/lbot_arm_interfaces/msg/detail/lbot_frame__description.c.o[0m
[4.042s] [ 27%] [32mBuilding C object CMakeFiles/lbot_arm_interfaces__rosidl_generator_c.dir/rosidl_generator_c/lbot_arm_interfaces/msg/detail/lbot_frame__functions.c.o[0m
[4.042s] [ 27%] [32mBuilding C object CMakeFiles/lbot_arm_interfaces__rosidl_generator_c.dir/rosidl_generator_c/lbot_arm_interfaces/msg/detail/lbot_pose__functions.c.o[0m
[4.043s] [ 28%] [32mBuilding C object CMakeFiles/lbot_arm_interfaces__rosidl_generator_c.dir/rosidl_generator_c/lbot_arm_interfaces/msg/detail/lbot_pose__type_support.c.o[0m
[4.050s] [ 28%] [32mBuilding C object CMakeFiles/lbot_arm_interfaces__rosidl_generator_c.dir/rosidl_generator_c/lbot_arm_interfaces/msg/detail/lbot_frame__type_support.c.o[0m
[4.051s] [ 29%] [32mBuilding C object CMakeFiles/lbot_arm_interfaces__rosidl_generator_c.dir/rosidl_generator_c/lbot_arm_interfaces/msg/detail/follow_joint__description.c.o[0m
[4.058s] [ 29%] [32mBuilding C object CMakeFiles/lbot_arm_interfaces__rosidl_generator_c.dir/rosidl_generator_c/lbot_arm_interfaces/msg/detail/follow_joint__functions.c.o[0m
[4.063s] [ 30%] [32mBuilding C object CMakeFiles/lbot_arm_interfaces__rosidl_generator_c.dir/rosidl_generator_c/lbot_arm_interfaces/msg/detail/follow_joint__type_support.c.o[0m
[4.099s] [ 30%] [32m[1mLinking C shared library liblbot_arm_interfaces__rosidl_generator_c.so[0m
[4.127s] [ 30%] Built target lbot_arm_interfaces__rosidl_generator_c
[4.133s] [ 30%] [34m[1mGenerating C introspection for ROS interfaces[0m
[4.133s] [ 30%] [34m[1mGenerating C type support dispatch for ROS interfaces[0m
[4.135s] [ 31%] [34m[1mGenerating C++ type support for eProsima Fast-RTPS[0m
[4.136s] [ 32%] [34m[1mGenerating C type support for eProsima Fast-RTPS[0m
[4.136s] [ 32%] [34m[1mGenerating C++ type support dispatch for ROS interfaces[0m
[4.136s] [ 32%] [34m[1mGenerating C++ introspection for ROS interfaces[0m
[4.540s] [ 32%] [32mBuilding CXX object CMakeFiles/lbot_arm_interfaces__rosidl_typesupport_c.dir/rosidl_typesupport_c/lbot_arm_interfaces/srv/move_l__type_support.cpp.o[0m
[4.540s] [ 33%] [32mBuilding CXX object CMakeFiles/lbot_arm_interfaces__rosidl_typesupport_c.dir/rosidl_typesupport_c/lbot_arm_interfaces/srv/move_jp__type_support.cpp.o[0m
[4.540s] [ 33%] [32mBuilding CXX object CMakeFiles/lbot_arm_interfaces__rosidl_typesupport_c.dir/rosidl_typesupport_c/lbot_arm_interfaces/srv/move_c__type_support.cpp.o[0m
[4.540s] [ 34%] [32mBuilding CXX object CMakeFiles/lbot_arm_interfaces__rosidl_typesupport_c.dir/rosidl_typesupport_c/lbot_arm_interfaces/srv/set_string__type_support.cpp.o[0m
[4.541s] [ 35%] [32mBuilding CXX object CMakeFiles/lbot_arm_interfaces__rosidl_typesupport_c.dir/rosidl_typesupport_c/lbot_arm_interfaces/srv/move_j__type_support.cpp.o[0m
[4.541s] [ 35%] [32mBuilding CXX object CMakeFiles/lbot_arm_interfaces__rosidl_typesupport_c.dir/rosidl_typesupport_c/lbot_arm_interfaces/srv/set_frame__type_support.cpp.o[0m
[4.541s] [ 35%] [32mBuilding CXX object CMakeFiles/lbot_arm_interfaces__rosidl_typesupport_c.dir/rosidl_typesupport_c/lbot_arm_interfaces/srv/get_frame__type_support.cpp.o[0m
[4.541s] [ 35%] [32mBuilding CXX object CMakeFiles/lbot_arm_interfaces__rosidl_typesupport_c.dir/rosidl_typesupport_c/lbot_arm_interfaces/srv/inverse_kinematics__type_support.cpp.o[0m
[4.541s] [ 36%] [32mBuilding CXX object CMakeFiles/lbot_arm_interfaces__rosidl_typesupport_c.dir/rosidl_typesupport_c/lbot_arm_interfaces/srv/delete_frame__type_support.cpp.o[0m
[4.541s] [ 37%] [32mBuilding CXX object CMakeFiles/lbot_arm_interfaces__rosidl_typesupport_c.dir/rosidl_typesupport_c/lbot_arm_interfaces/srv/change_frame__type_support.cpp.o[0m
[4.541s] [ 37%] [32mBuilding CXX object CMakeFiles/lbot_arm_interfaces__rosidl_typesupport_c.dir/rosidl_typesupport_c/lbot_arm_interfaces/srv/forward_kinematics__type_support.cpp.o[0m
[4.541s] [ 37%] [32mBuilding CXX object CMakeFiles/lbot_arm_interfaces__rosidl_typesupport_c.dir/rosidl_typesupport_c/lbot_arm_interfaces/srv/get_all_frames__type_support.cpp.o[0m
[4.541s] [ 37%] [32mBuilding CXX object CMakeFiles/lbot_arm_interfaces__rosidl_typesupport_c.dir/rosidl_typesupport_c/lbot_arm_interfaces/srv/set_enable__type_support.cpp.o[0m
[4.542s] [ 37%] [32mBuilding CXX object CMakeFiles/lbot_arm_interfaces__rosidl_typesupport_c.dir/rosidl_typesupport_c/lbot_arm_interfaces/srv/set_zero__type_support.cpp.o[0m
[4.542s] [ 38%] [32mBuilding CXX object CMakeFiles/lbot_arm_interfaces__rosidl_typesupport_c.dir/rosidl_typesupport_c/lbot_arm_interfaces/srv/get_current_frame__type_support.cpp.o[0m
[4.542s] [ 38%] [32mBuilding CXX object CMakeFiles/lbot_arm_interfaces__rosidl_typesupport_c.dir/rosidl_typesupport_c/lbot_arm_interfaces/msg/lbot_pose__type_support.cpp.o[0m
[4.542s] [ 39%] [32mBuilding CXX object CMakeFiles/lbot_arm_interfaces__rosidl_typesupport_c.dir/rosidl_typesupport_c/lbot_arm_interfaces/srv/set_emergency__type_support.cpp.o[0m
[4.543s] [ 40%] [32mBuilding CXX object CMakeFiles/lbot_arm_interfaces__rosidl_typesupport_c.dir/rosidl_typesupport_c/lbot_arm_interfaces/msg/arm_state__type_support.cpp.o[0m
[4.546s] [ 41%] [32mBuilding CXX object CMakeFiles/lbot_arm_interfaces__rosidl_typesupport_c.dir/rosidl_typesupport_c/lbot_arm_interfaces/msg/lbot_frame__type_support.cpp.o[0m
[4.584s] [ 41%] [32mBuilding CXX object CMakeFiles/lbot_arm_interfaces__rosidl_typesupport_c.dir/rosidl_typesupport_c/lbot_arm_interfaces/msg/follow_joint__type_support.cpp.o[0m
[4.607s] [ 43%] [32mBuilding CXX object CMakeFiles/lbot_arm_interfaces__rosidl_typesupport_cpp.dir/rosidl_typesupport_cpp/lbot_arm_interfaces/srv/forward_kinematics__type_support.cpp.o[0m
[4.607s] [ 43%] [32mBuilding CXX object CMakeFiles/lbot_arm_interfaces__rosidl_typesupport_cpp.dir/rosidl_typesupport_cpp/lbot_arm_interfaces/srv/move_l__type_support.cpp.o[0m
[4.607s] [ 44%] [32mBuilding CXX object CMakeFiles/lbot_arm_interfaces__rosidl_typesupport_cpp.dir/rosidl_typesupport_cpp/lbot_arm_interfaces/srv/move_jp__type_support.cpp.o[0m
[4.607s] [ 45%] [32mBuilding CXX object CMakeFiles/lbot_arm_interfaces__rosidl_typesupport_cpp.dir/rosidl_typesupport_cpp/lbot_arm_interfaces/srv/set_string__type_support.cpp.o[0m
[4.607s] [ 45%] [32mBuilding CXX object CMakeFiles/lbot_arm_interfaces__rosidl_typesupport_cpp.dir/rosidl_typesupport_cpp/lbot_arm_interfaces/srv/move_j__type_support.cpp.o[0m
[4.607s] [ 45%] [32mBuilding CXX object CMakeFiles/lbot_arm_interfaces__rosidl_typesupport_cpp.dir/rosidl_typesupport_cpp/lbot_arm_interfaces/srv/inverse_kinematics__type_support.cpp.o[0m
[4.607s] [ 45%] [32mBuilding CXX object CMakeFiles/lbot_arm_interfaces__rosidl_typesupport_cpp.dir/rosidl_typesupport_cpp/lbot_arm_interfaces/srv/get_current_frame__type_support.cpp.o[0m
[4.607s] [ 46%] [32mBuilding CXX object CMakeFiles/lbot_arm_interfaces__rosidl_typesupport_cpp.dir/rosidl_typesupport_cpp/lbot_arm_interfaces/srv/change_frame__type_support.cpp.o[0m
[4.607s] [ 46%] [32mBuilding CXX object CMakeFiles/lbot_arm_interfaces__rosidl_typesupport_cpp.dir/rosidl_typesupport_cpp/lbot_arm_interfaces/srv/delete_frame__type_support.cpp.o[0m
[4.608s] [ 46%] [32mBuilding CXX object CMakeFiles/lbot_arm_interfaces__rosidl_typesupport_cpp.dir/rosidl_typesupport_cpp/lbot_arm_interfaces/srv/set_frame__type_support.cpp.o[0m
[4.608s] [ 47%] [32mBuilding CXX object CMakeFiles/lbot_arm_interfaces__rosidl_typesupport_cpp.dir/rosidl_typesupport_cpp/lbot_arm_interfaces/srv/get_all_frames__type_support.cpp.o[0m
[4.608s] [ 47%] [32mBuilding CXX object CMakeFiles/lbot_arm_interfaces__rosidl_typesupport_cpp.dir/rosidl_typesupport_cpp/lbot_arm_interfaces/srv/get_frame__type_support.cpp.o[0m
[4.608s] [ 48%] [32mBuilding CXX object CMakeFiles/lbot_arm_interfaces__rosidl_typesupport_cpp.dir/rosidl_typesupport_cpp/lbot_arm_interfaces/srv/set_emergency__type_support.cpp.o[0m
[4.608s] [ 48%] [32mBuilding CXX object CMakeFiles/lbot_arm_interfaces__rosidl_typesupport_cpp.dir/rosidl_typesupport_cpp/lbot_arm_interfaces/srv/set_enable__type_support.cpp.o[0m
[4.608s] [ 49%] [32mBuilding CXX object CMakeFiles/lbot_arm_interfaces__rosidl_typesupport_cpp.dir/rosidl_typesupport_cpp/lbot_arm_interfaces/msg/arm_state__type_support.cpp.o[0m
[4.608s] [ 49%] [32mBuilding CXX object CMakeFiles/lbot_arm_interfaces__rosidl_typesupport_cpp.dir/rosidl_typesupport_cpp/lbot_arm_interfaces/srv/set_zero__type_support.cpp.o[0m
[4.608s] [ 49%] [32mBuilding CXX object CMakeFiles/lbot_arm_interfaces__rosidl_typesupport_cpp.dir/rosidl_typesupport_cpp/lbot_arm_interfaces/msg/lbot_frame__type_support.cpp.o[0m
[4.609s] [ 49%] [32mBuilding CXX object CMakeFiles/lbot_arm_interfaces__rosidl_typesupport_cpp.dir/rosidl_typesupport_cpp/lbot_arm_interfaces/srv/move_c__type_support.cpp.o[0m
[4.613s] [ 49%] [32mBuilding CXX object CMakeFiles/lbot_arm_interfaces__rosidl_typesupport_cpp.dir/rosidl_typesupport_cpp/lbot_arm_interfaces/msg/lbot_pose__type_support.cpp.o[0m
[4.627s] [ 50%] [32m[1mLinking CXX shared library liblbot_arm_interfaces__rosidl_typesupport_c.so[0m
[4.710s] [ 50%] Built target lbot_arm_interfaces__rosidl_typesupport_c
[4.720s] [ 51%] [32mBuilding CXX object CMakeFiles/lbot_arm_interfaces__rosidl_typesupport_cpp.dir/rosidl_typesupport_cpp/lbot_arm_interfaces/msg/follow_joint__type_support.cpp.o[0m
[5.009s] [ 51%] [32mBuilding CXX object CMakeFiles/lbot_arm_interfaces__rosidl_typesupport_introspection_cpp.dir/rosidl_typesupport_introspection_cpp/lbot_arm_interfaces/srv/detail/move_l__type_support.cpp.o[0m
[5.010s] [ 52%] [32mBuilding CXX object CMakeFiles/lbot_arm_interfaces__rosidl_typesupport_introspection_cpp.dir/rosidl_typesupport_introspection_cpp/lbot_arm_interfaces/srv/detail/move_j__type_support.cpp.o[0m
[5.013s] [ 53%] [32mBuilding CXX object CMakeFiles/lbot_arm_interfaces__rosidl_typesupport_introspection_cpp.dir/rosidl_typesupport_introspection_cpp/lbot_arm_interfaces/srv/detail/move_jp__type_support.cpp.o[0m
[5.013s] [ 53%] [32mBuilding CXX object CMakeFiles/lbot_arm_interfaces__rosidl_typesupport_introspection_cpp.dir/rosidl_typesupport_introspection_cpp/lbot_arm_interfaces/srv/detail/move_c__type_support.cpp.o[0m
[5.013s] [ 53%] [32mBuilding CXX object CMakeFiles/lbot_arm_interfaces__rosidl_typesupport_introspection_cpp.dir/rosidl_typesupport_introspection_cpp/lbot_arm_interfaces/srv/detail/inverse_kinematics__type_support.cpp.o[0m
[5.013s] [ 54%] [32mBuilding CXX object CMakeFiles/lbot_arm_interfaces__rosidl_typesupport_introspection_cpp.dir/rosidl_typesupport_introspection_cpp/lbot_arm_interfaces/srv/detail/forward_kinematics__type_support.cpp.o[0m
[5.015s] [ 54%] [32mBuilding CXX object CMakeFiles/lbot_arm_interfaces__rosidl_typesupport_introspection_cpp.dir/rosidl_typesupport_introspection_cpp/lbot_arm_interfaces/srv/detail/set_frame__type_support.cpp.o[0m
[5.020s] [ 55%] [32mBuilding CXX object CMakeFiles/lbot_arm_interfaces__rosidl_typesupport_introspection_cpp.dir/rosidl_typesupport_introspection_cpp/lbot_arm_interfaces/srv/detail/set_string__type_support.cpp.o[0m
[5.027s] [ 55%] [32mBuilding CXX object CMakeFiles/lbot_arm_interfaces__rosidl_typesupport_introspection_cpp.dir/rosidl_typesupport_introspection_cpp/lbot_arm_interfaces/srv/detail/get_frame__type_support.cpp.o[0m
[5.027s] [ 56%] [32mBuilding CXX object CMakeFiles/lbot_arm_interfaces__rosidl_typesupport_introspection_cpp.dir/rosidl_typesupport_introspection_cpp/lbot_arm_interfaces/srv/detail/get_current_frame__type_support.cpp.o[0m
[5.027s] [ 56%] [32mBuilding CXX object CMakeFiles/lbot_arm_interfaces__rosidl_typesupport_introspection_cpp.dir/rosidl_typesupport_introspection_cpp/lbot_arm_interfaces/srv/detail/change_frame__type_support.cpp.o[0m
[5.029s] [ 56%] [32mBuilding CXX object CMakeFiles/lbot_arm_interfaces__rosidl_typesupport_introspection_cpp.dir/rosidl_typesupport_introspection_cpp/lbot_arm_interfaces/srv/detail/delete_frame__type_support.cpp.o[0m
[5.033s] [ 57%] [32mBuilding CXX object CMakeFiles/lbot_arm_interfaces__rosidl_typesupport_introspection_cpp.dir/rosidl_typesupport_introspection_cpp/lbot_arm_interfaces/srv/detail/get_all_frames__type_support.cpp.o[0m
[5.033s] [ 57%] [32mBuilding CXX object CMakeFiles/lbot_arm_interfaces__rosidl_typesupport_introspection_cpp.dir/rosidl_typesupport_introspection_cpp/lbot_arm_interfaces/srv/detail/set_zero__type_support.cpp.o[0m
[5.036s] [ 58%] [32mBuilding CXX object CMakeFiles/lbot_arm_interfaces__rosidl_typesupport_introspection_cpp.dir/rosidl_typesupport_introspection_cpp/lbot_arm_interfaces/srv/detail/set_emergency__type_support.cpp.o[0m
[5.042s] [ 58%] [32mBuilding CXX object CMakeFiles/lbot_arm_interfaces__rosidl_typesupport_introspection_cpp.dir/rosidl_typesupport_introspection_cpp/lbot_arm_interfaces/srv/detail/set_enable__type_support.cpp.o[0m
[5.051s] [ 59%] [32mBuilding CXX object CMakeFiles/lbot_arm_interfaces__rosidl_typesupport_introspection_cpp.dir/rosidl_typesupport_introspection_cpp/lbot_arm_interfaces/msg/detail/arm_state__type_support.cpp.o[0m
[5.052s] [ 60%] [32mBuilding C object CMakeFiles/lbot_arm_interfaces__rosidl_typesupport_introspection_c.dir/rosidl_typesupport_introspection_c/lbot_arm_interfaces/srv/detail/move_j__type_support.c.o[0m
[5.063s] [ 60%] [32mBuilding C object CMakeFiles/lbot_arm_interfaces__rosidl_typesupport_introspection_c.dir/rosidl_typesupport_introspection_c/lbot_arm_interfaces/srv/detail/move_l__type_support.c.o[0m
[5.067s] [ 60%] [32mBuilding C object CMakeFiles/lbot_arm_interfaces__rosidl_typesupport_introspection_c.dir/rosidl_typesupport_introspection_c/lbot_arm_interfaces/srv/detail/move_jp__type_support.c.o[0m
[5.068s] [ 61%] [32mBuilding C object CMakeFiles/lbot_arm_interfaces__rosidl_typesupport_introspection_c.dir/rosidl_typesupport_introspection_c/lbot_arm_interfaces/srv/detail/move_c__type_support.c.o[0m
[5.076s] [ 61%] [32m[1mLinking CXX shared library liblbot_arm_interfaces__rosidl_typesupport_cpp.so[0m
[5.106s] [ 61%] [32mBuilding CXX object CMakeFiles/lbot_arm_interfaces__rosidl_typesupport_introspection_cpp.dir/rosidl_typesupport_introspection_cpp/lbot_arm_interfaces/msg/detail/lbot_pose__type_support.cpp.o[0m
[5.116s] [ 62%] [32mBuilding CXX object CMakeFiles/lbot_arm_interfaces__rosidl_typesupport_introspection_cpp.dir/rosidl_typesupport_introspection_cpp/lbot_arm_interfaces/msg/detail/lbot_frame__type_support.cpp.o[0m
[5.119s] [ 62%] [32mBuilding CXX object CMakeFiles/lbot_arm_interfaces__rosidl_typesupport_introspection_cpp.dir/rosidl_typesupport_introspection_cpp/lbot_arm_interfaces/msg/detail/follow_joint__type_support.cpp.o[0m
[5.121s] [ 63%] [32mBuilding C object CMakeFiles/lbot_arm_interfaces__rosidl_typesupport_introspection_c.dir/rosidl_typesupport_introspection_c/lbot_arm_interfaces/srv/detail/inverse_kinematics__type_support.c.o[0m
[5.183s] [ 63%] [32mBuilding C object CMakeFiles/lbot_arm_interfaces__rosidl_typesupport_introspection_c.dir/rosidl_typesupport_introspection_c/lbot_arm_interfaces/srv/detail/forward_kinematics__type_support.c.o[0m
[5.204s] [ 63%] Built target lbot_arm_interfaces__rosidl_typesupport_cpp
[5.211s] [ 63%] [32mBuilding C object CMakeFiles/lbot_arm_interfaces__rosidl_typesupport_introspection_c.dir/rosidl_typesupport_introspection_c/lbot_arm_interfaces/srv/detail/set_frame__type_support.c.o[0m
[5.241s] [ 64%] [32mBuilding C object CMakeFiles/lbot_arm_interfaces__rosidl_typesupport_introspection_c.dir/rosidl_typesupport_introspection_c/lbot_arm_interfaces/srv/detail/set_string__type_support.c.o[0m
[5.264s] [ 64%] [32mBuilding C object CMakeFiles/lbot_arm_interfaces__rosidl_typesupport_introspection_c.dir/rosidl_typesupport_introspection_c/lbot_arm_interfaces/srv/detail/get_frame__type_support.c.o[0m
[5.293s] [ 65%] [32mBuilding C object CMakeFiles/lbot_arm_interfaces__rosidl_typesupport_introspection_c.dir/rosidl_typesupport_introspection_c/lbot_arm_interfaces/srv/detail/get_current_frame__type_support.c.o[0m
[5.317s] [ 65%] [32mBuilding C object CMakeFiles/lbot_arm_interfaces__rosidl_typesupport_introspection_c.dir/rosidl_typesupport_introspection_c/lbot_arm_interfaces/srv/detail/change_frame__type_support.c.o[0m
[5.346s] [ 66%] [32mBuilding C object CMakeFiles/lbot_arm_interfaces__rosidl_typesupport_introspection_c.dir/rosidl_typesupport_introspection_c/lbot_arm_interfaces/srv/detail/delete_frame__type_support.c.o[0m
[5.370s] [ 66%] [32mBuilding C object CMakeFiles/lbot_arm_interfaces__rosidl_typesupport_introspection_c.dir/rosidl_typesupport_introspection_c/lbot_arm_interfaces/srv/detail/get_all_frames__type_support.c.o[0m
[5.395s] [ 67%] [32mBuilding C object CMakeFiles/lbot_arm_interfaces__rosidl_typesupport_introspection_c.dir/rosidl_typesupport_introspection_c/lbot_arm_interfaces/srv/detail/set_zero__type_support.c.o[0m
[5.421s] [ 67%] [32mBuilding C object CMakeFiles/lbot_arm_interfaces__rosidl_typesupport_introspection_c.dir/rosidl_typesupport_introspection_c/lbot_arm_interfaces/srv/detail/set_emergency__type_support.c.o[0m
[5.432s] [ 67%] [32mBuilding C object CMakeFiles/lbot_arm_interfaces__rosidl_typesupport_introspection_c.dir/rosidl_typesupport_introspection_c/lbot_arm_interfaces/srv/detail/set_enable__type_support.c.o[0m
[5.438s] [ 67%] [32mBuilding C object CMakeFiles/lbot_arm_interfaces__rosidl_typesupport_introspection_c.dir/rosidl_typesupport_introspection_c/lbot_arm_interfaces/msg/detail/lbot_pose__type_support.c.o[0m
[5.441s] [ 68%] [32mBuilding C object CMakeFiles/lbot_arm_interfaces__rosidl_typesupport_introspection_c.dir/rosidl_typesupport_introspection_c/lbot_arm_interfaces/msg/detail/arm_state__type_support.c.o[0m
[5.446s] [ 69%] [32mBuilding C object CMakeFiles/lbot_arm_interfaces__rosidl_typesupport_introspection_c.dir/rosidl_typesupport_introspection_c/lbot_arm_interfaces/msg/detail/lbot_frame__type_support.c.o[0m
[5.449s] [ 69%] [32mBuilding C object CMakeFiles/lbot_arm_interfaces__rosidl_typesupport_introspection_c.dir/rosidl_typesupport_introspection_c/lbot_arm_interfaces/msg/detail/follow_joint__type_support.c.o[0m
[5.479s] [ 70%] [32m[1mLinking C shared library liblbot_arm_interfaces__rosidl_typesupport_introspection_c.so[0m
[5.502s] [ 70%] Built target lbot_arm_interfaces__rosidl_typesupport_introspection_c
[5.532s] [ 70%] [32m[1mLinking CXX shared library liblbot_arm_interfaces__rosidl_typesupport_introspection_cpp.so[0m
[5.586s] [ 73%] [32mBuilding CXX object CMakeFiles/lbot_arm_interfaces__rosidl_typesupport_fastrtps_cpp.dir/rosidl_typesupport_fastrtps_cpp/lbot_arm_interfaces/srv/detail/dds_fastrtps/get_frame__type_support.cpp.o[0m
[5.586s] [ 73%] [32mBuilding CXX object CMakeFiles/lbot_arm_interfaces__rosidl_typesupport_fastrtps_cpp.dir/rosidl_typesupport_fastrtps_cpp/lbot_arm_interfaces/srv/detail/dds_fastrtps/inverse_kinematics__type_support.cpp.o[0m
[5.587s] [ 73%] [32mBuilding CXX object CMakeFiles/lbot_arm_interfaces__rosidl_typesupport_fastrtps_cpp.dir/rosidl_typesupport_fastrtps_cpp/lbot_arm_interfaces/srv/detail/dds_fastrtps/set_string__type_support.cpp.o[0m
[5.587s] [ 73%] [32mBuilding CXX object CMakeFiles/lbot_arm_interfaces__rosidl_typesupport_fastrtps_cpp.dir/rosidl_typesupport_fastrtps_cpp/lbot_arm_interfaces/srv/detail/dds_fastrtps/move_jp__type_support.cpp.o[0m
[5.587s] [ 73%] [32mBuilding CXX object CMakeFiles/lbot_arm_interfaces__rosidl_typesupport_fastrtps_cpp.dir/rosidl_typesupport_fastrtps_cpp/lbot_arm_interfaces/srv/detail/dds_fastrtps/forward_kinematics__type_support.cpp.o[0m
[5.587s] [ 73%] [32mBuilding CXX object CMakeFiles/lbot_arm_interfaces__rosidl_typesupport_fastrtps_cpp.dir/rosidl_typesupport_fastrtps_cpp/lbot_arm_interfaces/srv/detail/dds_fastrtps/set_frame__type_support.cpp.o[0m
[5.587s] [ 73%] [32mBuilding CXX object CMakeFiles/lbot_arm_interfaces__rosidl_typesupport_fastrtps_cpp.dir/rosidl_typesupport_fastrtps_cpp/lbot_arm_interfaces/srv/detail/dds_fastrtps/move_j__type_support.cpp.o[0m
[5.587s] [ 74%] [32mBuilding CXX object CMakeFiles/lbot_arm_interfaces__rosidl_typesupport_fastrtps_cpp.dir/rosidl_typesupport_fastrtps_cpp/lbot_arm_interfaces/srv/detail/dds_fastrtps/move_c__type_support.cpp.o[0m
[5.587s] [ 74%] [32mBuilding CXX object CMakeFiles/lbot_arm_interfaces__rosidl_typesupport_fastrtps_cpp.dir/rosidl_typesupport_fastrtps_cpp/lbot_arm_interfaces/srv/detail/dds_fastrtps/move_l__type_support.cpp.o[0m
[5.587s] [ 74%] [32mBuilding CXX object CMakeFiles/lbot_arm_interfaces__rosidl_typesupport_fastrtps_cpp.dir/rosidl_typesupport_fastrtps_cpp/lbot_arm_interfaces/srv/detail/dds_fastrtps/get_current_frame__type_support.cpp.o[0m
[5.587s] [ 74%] [32mBuilding CXX object CMakeFiles/lbot_arm_interfaces__rosidl_typesupport_fastrtps_cpp.dir/rosidl_typesupport_fastrtps_cpp/lbot_arm_interfaces/srv/detail/dds_fastrtps/change_frame__type_support.cpp.o[0m
[5.588s] [ 74%] [32mBuilding CXX object CMakeFiles/lbot_arm_interfaces__rosidl_typesupport_fastrtps_cpp.dir/rosidl_typesupport_fastrtps_cpp/lbot_arm_interfaces/srv/detail/dds_fastrtps/set_emergency__type_support.cpp.o[0m
[5.589s] [ 76%] [32mBuilding CXX object CMakeFiles/lbot_arm_interfaces__rosidl_typesupport_fastrtps_cpp.dir/rosidl_typesupport_fastrtps_cpp/lbot_arm_interfaces/srv/detail/dds_fastrtps/set_zero__type_support.cpp.o[0m
[5.589s] [ 76%] [32mBuilding CXX object CMakeFiles/lbot_arm_interfaces__rosidl_typesupport_fastrtps_cpp.dir/rosidl_typesupport_fastrtps_cpp/lbot_arm_interfaces/srv/detail/dds_fastrtps/set_enable__type_support.cpp.o[0m
[5.589s] [ 76%] [32mBuilding CXX object CMakeFiles/lbot_arm_interfaces__rosidl_typesupport_fastrtps_cpp.dir/rosidl_typesupport_fastrtps_cpp/lbot_arm_interfaces/msg/detail/dds_fastrtps/lbot_frame__type_support.cpp.o[0m
[5.589s] [ 77%] [32mBuilding CXX object CMakeFiles/lbot_arm_interfaces__rosidl_typesupport_fastrtps_cpp.dir/rosidl_typesupport_fastrtps_cpp/lbot_arm_interfaces/msg/detail/dds_fastrtps/lbot_pose__type_support.cpp.o[0m
[5.590s] [ 78%] [32mBuilding CXX object CMakeFiles/lbot_arm_interfaces__rosidl_typesupport_fastrtps_cpp.dir/rosidl_typesupport_fastrtps_cpp/lbot_arm_interfaces/srv/detail/dds_fastrtps/delete_frame__type_support.cpp.o[0m
[5.590s] [ 78%] [32mBuilding CXX object CMakeFiles/lbot_arm_interfaces__rosidl_typesupport_fastrtps_cpp.dir/rosidl_typesupport_fastrtps_cpp/lbot_arm_interfaces/msg/detail/dds_fastrtps/follow_joint__type_support.cpp.o[0m
[5.590s] [ 78%] [32mBuilding CXX object CMakeFiles/lbot_arm_interfaces__rosidl_typesupport_fastrtps_cpp.dir/rosidl_typesupport_fastrtps_cpp/lbot_arm_interfaces/srv/detail/dds_fastrtps/get_all_frames__type_support.cpp.o[0m
[5.590s] [ 78%] [32mBuilding CXX object CMakeFiles/lbot_arm_interfaces__rosidl_typesupport_fastrtps_cpp.dir/rosidl_typesupport_fastrtps_cpp/lbot_arm_interfaces/msg/detail/dds_fastrtps/arm_state__type_support.cpp.o[0m
[5.635s] [ 78%] Built target lbot_arm_interfaces__rosidl_typesupport_introspection_cpp
[5.819s] [ 78%] [32mBuilding CXX object CMakeFiles/lbot_arm_interfaces__rosidl_typesupport_fastrtps_c.dir/rosidl_typesupport_fastrtps_c/lbot_arm_interfaces/srv/detail/move_j__type_support_c.cpp.o[0m
[5.819s] [ 79%] [32mBuilding CXX object CMakeFiles/lbot_arm_interfaces__rosidl_typesupport_fastrtps_c.dir/rosidl_typesupport_fastrtps_c/lbot_arm_interfaces/srv/detail/move_l__type_support_c.cpp.o[0m
[5.820s] [ 79%] [32mBuilding CXX object CMakeFiles/lbot_arm_interfaces__rosidl_typesupport_fastrtps_c.dir/rosidl_typesupport_fastrtps_c/lbot_arm_interfaces/srv/detail/move_c__type_support_c.cpp.o[0m
[5.820s] [ 80%] [32mBuilding CXX object CMakeFiles/lbot_arm_interfaces__rosidl_typesupport_fastrtps_c.dir/rosidl_typesupport_fastrtps_c/lbot_arm_interfaces/srv/detail/move_jp__type_support_c.cpp.o[0m
[6.045s] [ 80%] [32mBuilding CXX object CMakeFiles/lbot_arm_interfaces__rosidl_typesupport_fastrtps_c.dir/rosidl_typesupport_fastrtps_c/lbot_arm_interfaces/srv/detail/inverse_kinematics__type_support_c.cpp.o[0m
[6.049s] [ 80%] [32mBuilding CXX object CMakeFiles/lbot_arm_interfaces__rosidl_typesupport_fastrtps_c.dir/rosidl_typesupport_fastrtps_c/lbot_arm_interfaces/srv/detail/forward_kinematics__type_support_c.cpp.o[0m
[6.092s] [ 81%] [32mBuilding CXX object CMakeFiles/lbot_arm_interfaces__rosidl_typesupport_fastrtps_c.dir/rosidl_typesupport_fastrtps_c/lbot_arm_interfaces/srv/detail/set_frame__type_support_c.cpp.o[0m
[6.131s] [ 81%] [32mBuilding CXX object CMakeFiles/lbot_arm_interfaces__rosidl_typesupport_fastrtps_c.dir/rosidl_typesupport_fastrtps_c/lbot_arm_interfaces/srv/detail/set_string__type_support_c.cpp.o[0m
[6.154s] [ 82%] [32mBuilding CXX object CMakeFiles/lbot_arm_interfaces__rosidl_typesupport_fastrtps_c.dir/rosidl_typesupport_fastrtps_c/lbot_arm_interfaces/srv/detail/get_frame__type_support_c.cpp.o[0m
[6.208s] [ 82%] [32mBuilding CXX object CMakeFiles/lbot_arm_interfaces__rosidl_typesupport_fastrtps_c.dir/rosidl_typesupport_fastrtps_c/lbot_arm_interfaces/srv/detail/get_current_frame__type_support_c.cpp.o[0m
[6.213s] [ 83%] [32mBuilding CXX object CMakeFiles/lbot_arm_interfaces__rosidl_typesupport_fastrtps_c.dir/rosidl_typesupport_fastrtps_c/lbot_arm_interfaces/srv/detail/change_frame__type_support_c.cpp.o[0m
[6.216s] [ 83%] [32mBuilding CXX object CMakeFiles/lbot_arm_interfaces__rosidl_typesupport_fastrtps_c.dir/rosidl_typesupport_fastrtps_c/lbot_arm_interfaces/srv/detail/delete_frame__type_support_c.cpp.o[0m
[6.217s] [ 84%] [32mBuilding CXX object CMakeFiles/lbot_arm_interfaces__rosidl_typesupport_fastrtps_c.dir/rosidl_typesupport_fastrtps_c/lbot_arm_interfaces/srv/detail/get_all_frames__type_support_c.cpp.o[0m
[6.219s] [ 84%] [32mBuilding CXX object CMakeFiles/lbot_arm_interfaces__rosidl_typesupport_fastrtps_c.dir/rosidl_typesupport_fastrtps_c/lbot_arm_interfaces/srv/detail/set_emergency__type_support_c.cpp.o[0m
[6.219s] [ 84%] [32mBuilding CXX object CMakeFiles/lbot_arm_interfaces__rosidl_typesupport_fastrtps_c.dir/rosidl_typesupport_fastrtps_c/lbot_arm_interfaces/srv/detail/set_zero__type_support_c.cpp.o[0m
[6.222s] [ 85%] [32mBuilding CXX object CMakeFiles/lbot_arm_interfaces__rosidl_typesupport_fastrtps_c.dir/rosidl_typesupport_fastrtps_c/lbot_arm_interfaces/srv/detail/set_enable__type_support_c.cpp.o[0m
[6.249s] [ 85%] [32mBuilding CXX object CMakeFiles/lbot_arm_interfaces__rosidl_typesupport_fastrtps_c.dir/rosidl_typesupport_fastrtps_c/lbot_arm_interfaces/msg/detail/arm_state__type_support_c.cpp.o[0m
[6.252s] [ 86%] [32mBuilding CXX object CMakeFiles/lbot_arm_interfaces__rosidl_typesupport_fastrtps_c.dir/rosidl_typesupport_fastrtps_c/lbot_arm_interfaces/msg/detail/lbot_pose__type_support_c.cpp.o[0m
[6.268s] [ 86%] [32mBuilding CXX object CMakeFiles/lbot_arm_interfaces__rosidl_typesupport_fastrtps_c.dir/rosidl_typesupport_fastrtps_c/lbot_arm_interfaces/msg/detail/lbot_frame__type_support_c.cpp.o[0m
[6.270s] [ 87%] [32mBuilding CXX object CMakeFiles/lbot_arm_interfaces__rosidl_typesupport_fastrtps_c.dir/rosidl_typesupport_fastrtps_c/lbot_arm_interfaces/msg/detail/follow_joint__type_support_c.cpp.o[0m
[6.303s] [ 88%] [32m[1mLinking CXX shared library liblbot_arm_interfaces__rosidl_typesupport_fastrtps_cpp.so[0m
[6.401s] [ 88%] Built target lbot_arm_interfaces__rosidl_typesupport_fastrtps_cpp
[6.676s] [ 88%] [32m[1mLinking CXX shared library liblbot_arm_interfaces__rosidl_typesupport_fastrtps_c.so[0m
[6.726s] [ 88%] Built target lbot_arm_interfaces__rosidl_typesupport_fastrtps_c
[6.745s] [ 88%] Built target lbot_arm_interfaces
[6.772s] [ 88%] [34m[1mGenerating Python code for ROS interfaces[0m
[8.116s] [ 88%] Built target lbot_arm_interfaces__py
[8.138s] [ 88%] [32mBuilding C object CMakeFiles/lbot_arm_interfaces__rosidl_generator_py.dir/rosidl_generator_py/lbot_arm_interfaces/srv/_move_c_s.c.o[0m
[8.138s] [ 89%] [32mBuilding C object CMakeFiles/lbot_arm_interfaces__rosidl_generator_py.dir/rosidl_generator_py/lbot_arm_interfaces/srv/_move_l_s.c.o[0m
[8.138s] [ 90%] [32mBuilding C object CMakeFiles/lbot_arm_interfaces__rosidl_generator_py.dir/rosidl_generator_py/lbot_arm_interfaces/srv/_move_jp_s.c.o[0m
[8.140s] [ 90%] [32mBuilding C object CMakeFiles/lbot_arm_interfaces__rosidl_generator_py.dir/rosidl_generator_py/lbot_arm_interfaces/srv/_move_j_s.c.o[0m
[8.140s] [ 91%] [32mBuilding C object CMakeFiles/lbot_arm_interfaces__rosidl_generator_py.dir/rosidl_generator_py/lbot_arm_interfaces/srv/_forward_kinematics_s.c.o[0m
[8.141s] [ 91%] [32mBuilding C object CMakeFiles/lbot_arm_interfaces__rosidl_generator_py.dir/rosidl_generator_py/lbot_arm_interfaces/srv/_get_current_frame_s.c.o[0m
[8.141s] [ 91%] [32mBuilding C object CMakeFiles/lbot_arm_interfaces__rosidl_generator_py.dir/rosidl_generator_py/lbot_arm_interfaces/srv/_set_frame_s.c.o[0m
[8.142s] [ 91%] [32mBuilding C object CMakeFiles/lbot_arm_interfaces__rosidl_generator_py.dir/rosidl_generator_py/lbot_arm_interfaces/srv/_inverse_kinematics_s.c.o[0m
[8.142s] [ 92%] [32mBuilding C object CMakeFiles/lbot_arm_interfaces__rosidl_generator_py.dir/rosidl_generator_py/lbot_arm_interfaces/srv/_set_string_s.c.o[0m
[8.144s] [ 92%] [32mBuilding C object CMakeFiles/lbot_arm_interfaces__rosidl_generator_py.dir/rosidl_generator_py/lbot_arm_interfaces/srv/_get_frame_s.c.o[0m
[8.144s] [ 93%] [32mBuilding C object CMakeFiles/lbot_arm_interfaces__rosidl_generator_py.dir/rosidl_generator_py/lbot_arm_interfaces/srv/_change_frame_s.c.o[0m
[8.144s] [ 94%] [32mBuilding C object CMakeFiles/lbot_arm_interfaces__rosidl_generator_py.dir/rosidl_generator_py/lbot_arm_interfaces/srv/_get_all_frames_s.c.o[0m
[8.144s] [ 94%] [32mBuilding C object CMakeFiles/lbot_arm_interfaces__rosidl_generator_py.dir/rosidl_generator_py/lbot_arm_interfaces/srv/_delete_frame_s.c.o[0m
[8.148s] [ 94%] [32mBuilding C object CMakeFiles/lbot_arm_interfaces__rosidl_generator_py.dir/rosidl_generator_py/lbot_arm_interfaces/srv/_set_enable_s.c.o[0m
[8.148s] [ 95%] [32mBuilding C object CMakeFiles/lbot_arm_interfaces__rosidl_generator_py.dir/rosidl_generator_py/lbot_arm_interfaces/srv/_set_zero_s.c.o[0m
[8.148s] [ 95%] [32mBuilding C object CMakeFiles/lbot_arm_interfaces__rosidl_generator_py.dir/rosidl_generator_py/lbot_arm_interfaces/srv/_set_emergency_s.c.o[0m
[8.148s] [ 95%] [32mBuilding C object CMakeFiles/lbot_arm_interfaces__rosidl_generator_py.dir/rosidl_generator_py/lbot_arm_interfaces/msg/_lbot_pose_s.c.o[0m
[8.149s] [ 96%] [32mBuilding C object CMakeFiles/lbot_arm_interfaces__rosidl_generator_py.dir/rosidl_generator_py/lbot_arm_interfaces/msg/_arm_state_s.c.o[0m
[8.151s] [ 96%] [32mBuilding C object CMakeFiles/lbot_arm_interfaces__rosidl_generator_py.dir/rosidl_generator_py/lbot_arm_interfaces/msg/_lbot_frame_s.c.o[0m
[8.152s] [ 97%] [32mBuilding C object CMakeFiles/lbot_arm_interfaces__rosidl_generator_py.dir/rosidl_generator_py/lbot_arm_interfaces/msg/_follow_joint_s.c.o[0m
[8.324s] [ 97%] [32m[1mLinking C shared library liblbot_arm_interfaces__rosidl_generator_py.so[0m
[8.372s] [ 97%] Built target lbot_arm_interfaces__rosidl_generator_py
[8.395s] [ 97%] [32mBuilding C object CMakeFiles/lbot_arm_interfaces_s__rosidl_typesupport_fastrtps_c.dir/rosidl_generator_py/lbot_arm_interfaces/_lbot_arm_interfaces_s.ep.rosidl_typesupport_fastrtps_c.c.o[0m
[8.395s] [ 97%] [32mBuilding C object CMakeFiles/lbot_arm_interfaces_s__rosidl_typesupport_introspection_c.dir/rosidl_generator_py/lbot_arm_interfaces/_lbot_arm_interfaces_s.ep.rosidl_typesupport_introspection_c.c.o[0m
[8.395s] [ 97%] [32mBuilding C object CMakeFiles/lbot_arm_interfaces_s__rosidl_typesupport_c.dir/rosidl_generator_py/lbot_arm_interfaces/_lbot_arm_interfaces_s.ep.rosidl_typesupport_c.c.o[0m
[8.535s] [ 98%] [32m[1mLinking C shared module rosidl_generator_py/lbot_arm_interfaces/lbot_arm_interfaces_s__rosidl_typesupport_introspection_c.so[0m
[8.535s] [ 99%] [32m[1mLinking C shared module rosidl_generator_py/lbot_arm_interfaces/lbot_arm_interfaces_s__rosidl_typesupport_c.so[0m
[8.538s] [100%] [32m[1mLinking C shared module rosidl_generator_py/lbot_arm_interfaces/lbot_arm_interfaces_s__rosidl_typesupport_fastrtps_c.so[0m
[8.557s] [100%] Built target lbot_arm_interfaces_s__rosidl_typesupport_introspection_c
[8.560s] [100%] Built target lbot_arm_interfaces_s__rosidl_typesupport_c
[8.564s] [100%] Built target lbot_arm_interfaces_s__rosidl_typesupport_fastrtps_c
[8.573s] Invoked command in '/home/dawntildusk/lbot_ws/build/lbot_arm_interfaces' returned '0': CMAKE_PREFIX_PATH=${CMAKE_PREFIX_PATH}:/opt/ros/jazzy DEBUGINFOD_URLS=https://debuginfod.ubuntu.com /usr/bin/cmake --build /home/dawntildusk/lbot_ws/build/lbot_arm_interfaces -- -j24 -l24
[8.581s] Invoking command in '/home/dawntildusk/lbot_ws/build/lbot_arm_interfaces': CMAKE_PREFIX_PATH=${CMAKE_PREFIX_PATH}:/opt/ros/jazzy DEBUGINFOD_URLS=https://debuginfod.ubuntu.com /usr/bin/cmake --install /home/dawntildusk/lbot_ws/build/lbot_arm_interfaces
[8.591s] -- Install configuration: ""
[8.592s] -- Execute custom install script
[8.592s] -- Symlinking: /home/dawntildusk/lbot_ws/install/lbot_arm_interfaces/share/ament_index/resource_index/rosidl_interfaces/lbot_arm_interfaces
[8.603s] -- Symlinking: /home/dawntildusk/lbot_ws/install/lbot_arm_interfaces/share/lbot_arm_interfaces/srv/MoveJ.json
[8.613s] -- Symlinking: /home/dawntildusk/lbot_ws/install/lbot_arm_interfaces/share/lbot_arm_interfaces/srv/MoveL.json
[8.620s] -- Symlinking: /home/dawntildusk/lbot_ws/install/lbot_arm_interfaces/share/lbot_arm_interfaces/srv/MoveC.json
[8.628s] -- Symlinking: /home/dawntildusk/lbot_ws/install/lbot_arm_interfaces/share/lbot_arm_interfaces/srv/MoveJP.json
[8.635s] -- Symlinking: /home/dawntildusk/lbot_ws/install/lbot_arm_interfaces/share/lbot_arm_interfaces/srv/InverseKinematics.json
[8.641s] -- Symlinking: /home/dawntildusk/lbot_ws/install/lbot_arm_interfaces/share/lbot_arm_interfaces/srv/ForwardKinematics.json
[8.645s] -- Symlinking: /home/dawntildusk/lbot_ws/install/lbot_arm_interfaces/share/lbot_arm_interfaces/srv/SetFrame.json
[8.651s] -- Symlinking: /home/dawntildusk/lbot_ws/install/lbot_arm_interfaces/share/lbot_arm_interfaces/srv/SetString.json
[8.657s] -- Symlinking: /home/dawntildusk/lbot_ws/install/lbot_arm_interfaces/share/lbot_arm_interfaces/srv/GetFrame.json
[8.662s] -- Symlinking: /home/dawntildusk/lbot_ws/install/lbot_arm_interfaces/share/lbot_arm_interfaces/srv/GetCurrentFrame.json
[8.667s] -- Symlinking: /home/dawntildusk/lbot_ws/install/lbot_arm_interfaces/share/lbot_arm_interfaces/srv/ChangeFrame.json
[8.671s] -- Symlinking: /home/dawntildusk/lbot_ws/install/lbot_arm_interfaces/share/lbot_arm_interfaces/srv/DeleteFrame.json
[8.675s] -- Symlinking: /home/dawntildusk/lbot_ws/install/lbot_arm_interfaces/share/lbot_arm_interfaces/srv/GetAllFrames.json
[8.682s] -- Symlinking: /home/dawntildusk/lbot_ws/install/lbot_arm_interfaces/share/lbot_arm_interfaces/srv/SetZero.json
[8.689s] -- Symlinking: /home/dawntildusk/lbot_ws/install/lbot_arm_interfaces/share/lbot_arm_interfaces/srv/SetEmergency.json
[8.695s] -- Symlinking: /home/dawntildusk/lbot_ws/install/lbot_arm_interfaces/share/lbot_arm_interfaces/srv/SetEnable.json
[8.700s] -- Symlinking: /home/dawntildusk/lbot_ws/install/lbot_arm_interfaces/share/lbot_arm_interfaces/msg/ArmState.json
[8.706s] -- Symlinking: /home/dawntildusk/lbot_ws/install/lbot_arm_interfaces/share/lbot_arm_interfaces/msg/LbotPose.json
[8.711s] -- Symlinking: /home/dawntildusk/lbot_ws/install/lbot_arm_interfaces/share/lbot_arm_interfaces/msg/LbotFrame.json
[8.715s] -- Symlinking: /home/dawntildusk/lbot_ws/install/lbot_arm_interfaces/share/lbot_arm_interfaces/msg/FollowJoint.json
[8.721s] -- Symlinking: /home/dawntildusk/lbot_ws/install/lbot_arm_interfaces/include/lbot_arm_interfaces/lbot_arm_interfaces/msg/arm_state.h
[8.728s] -- Symlinking: /home/dawntildusk/lbot_ws/install/lbot_arm_interfaces/include/lbot_arm_interfaces/lbot_arm_interfaces/msg/detail/arm_state__functions.h
[8.734s] -- Symlinking: /home/dawntildusk/lbot_ws/install/lbot_arm_interfaces/include/lbot_arm_interfaces/lbot_arm_interfaces/msg/detail/arm_state__struct.h
[8.738s] -- Symlinking: /home/dawntildusk/lbot_ws/install/lbot_arm_interfaces/include/lbot_arm_interfaces/lbot_arm_interfaces/msg/detail/arm_state__type_support.h
[8.744s] -- Symlinking: /home/dawntildusk/lbot_ws/install/lbot_arm_interfaces/include/lbot_arm_interfaces/lbot_arm_interfaces/msg/detail/follow_joint__functions.h
[8.748s] -- Symlinking: /home/dawntildusk/lbot_ws/install/lbot_arm_interfaces/include/lbot_arm_interfaces/lbot_arm_interfaces/msg/detail/follow_joint__struct.h
[8.753s] -- Symlinking: /home/dawntildusk/lbot_ws/install/lbot_arm_interfaces/include/lbot_arm_interfaces/lbot_arm_interfaces/msg/detail/follow_joint__type_support.h
[8.760s] -- Symlinking: /home/dawntildusk/lbot_ws/install/lbot_arm_interfaces/include/lbot_arm_interfaces/lbot_arm_interfaces/msg/detail/lbot_frame__functions.h
[8.764s] -- Symlinking: /home/dawntildusk/lbot_ws/install/lbot_arm_interfaces/include/lbot_arm_interfaces/lbot_arm_interfaces/msg/detail/lbot_frame__struct.h
[8.769s] -- Symlinking: /home/dawntildusk/lbot_ws/install/lbot_arm_interfaces/include/lbot_arm_interfaces/lbot_arm_interfaces/msg/detail/lbot_frame__type_support.h
[8.775s] -- Symlinking: /home/dawntildusk/lbot_ws/install/lbot_arm_interfaces/include/lbot_arm_interfaces/lbot_arm_interfaces/msg/detail/lbot_pose__functions.h
[8.782s] -- Symlinking: /home/dawntildusk/lbot_ws/install/lbot_arm_interfaces/include/lbot_arm_interfaces/lbot_arm_interfaces/msg/detail/lbot_pose__struct.h
[8.787s] -- Symlinking: /home/dawntildusk/lbot_ws/install/lbot_arm_interfaces/include/lbot_arm_interfaces/lbot_arm_interfaces/msg/detail/lbot_pose__type_support.h
[8.792s] -- Symlinking: /home/dawntildusk/lbot_ws/install/lbot_arm_interfaces/include/lbot_arm_interfaces/lbot_arm_interfaces/msg/follow_joint.h
[8.798s] -- Symlinking: /home/dawntildusk/lbot_ws/install/lbot_arm_interfaces/include/lbot_arm_interfaces/lbot_arm_interfaces/msg/lbot_frame.h
[8.804s] -- Symlinking: /home/dawntildusk/lbot_ws/install/lbot_arm_interfaces/include/lbot_arm_interfaces/lbot_arm_interfaces/msg/lbot_pose.h
[8.809s] -- Symlinking: /home/dawntildusk/lbot_ws/install/lbot_arm_interfaces/include/lbot_arm_interfaces/lbot_arm_interfaces/msg/rosidl_generator_c__visibility_control.h
[8.814s] -- Symlinking: /home/dawntildusk/lbot_ws/install/lbot_arm_interfaces/include/lbot_arm_interfaces/lbot_arm_interfaces/srv/change_frame.h
[8.818s] -- Symlinking: /home/dawntildusk/lbot_ws/install/lbot_arm_interfaces/include/lbot_arm_interfaces/lbot_arm_interfaces/srv/delete_frame.h
[8.824s] -- Symlinking: /home/dawntildusk/lbot_ws/install/lbot_arm_interfaces/include/lbot_arm_interfaces/lbot_arm_interfaces/srv/detail/change_frame__functions.h
[8.830s] -- Symlinking: /home/dawntildusk/lbot_ws/install/lbot_arm_interfaces/include/lbot_arm_interfaces/lbot_arm_interfaces/srv/detail/change_frame__struct.h
[8.835s] -- Symlinking: /home/dawntildusk/lbot_ws/install/lbot_arm_interfaces/include/lbot_arm_interfaces/lbot_arm_interfaces/srv/detail/change_frame__type_support.h
[8.840s] -- Symlinking: /home/dawntildusk/lbot_ws/install/lbot_arm_interfaces/include/lbot_arm_interfaces/lbot_arm_interfaces/srv/detail/delete_frame__functions.h
[8.844s] -- Symlinking: /home/dawntildusk/lbot_ws/install/lbot_arm_interfaces/include/lbot_arm_interfaces/lbot_arm_interfaces/srv/detail/delete_frame__struct.h
[8.851s] -- Symlinking: /home/dawntildusk/lbot_ws/install/lbot_arm_interfaces/include/lbot_arm_interfaces/lbot_arm_interfaces/srv/detail/delete_frame__type_support.h
[8.857s] -- Symlinking: /home/dawntildusk/lbot_ws/install/lbot_arm_interfaces/include/lbot_arm_interfaces/lbot_arm_interfaces/srv/detail/forward_kinematics__functions.h
[8.863s] -- Symlinking: /home/dawntildusk/lbot_ws/install/lbot_arm_interfaces/include/lbot_arm_interfaces/lbot_arm_interfaces/srv/detail/forward_kinematics__struct.h
[8.869s] -- Symlinking: /home/dawntildusk/lbot_ws/install/lbot_arm_interfaces/include/lbot_arm_interfaces/lbot_arm_interfaces/srv/detail/forward_kinematics__type_support.h
[8.875s] -- Symlinking: /home/dawntildusk/lbot_ws/install/lbot_arm_interfaces/include/lbot_arm_interfaces/lbot_arm_interfaces/srv/detail/get_all_frames__functions.h
[8.881s] -- Symlinking: /home/dawntildusk/lbot_ws/install/lbot_arm_interfaces/include/lbot_arm_interfaces/lbot_arm_interfaces/srv/detail/get_all_frames__struct.h
[8.886s] -- Symlinking: /home/dawntildusk/lbot_ws/install/lbot_arm_interfaces/include/lbot_arm_interfaces/lbot_arm_interfaces/srv/detail/get_all_frames__type_support.h
[8.892s] -- Symlinking: /home/dawntildusk/lbot_ws/install/lbot_arm_interfaces/include/lbot_arm_interfaces/lbot_arm_interfaces/srv/detail/get_current_frame__functions.h
[8.898s] -- Symlinking: /home/dawntildusk/lbot_ws/install/lbot_arm_interfaces/include/lbot_arm_interfaces/lbot_arm_interfaces/srv/detail/get_current_frame__struct.h
[8.904s] -- Symlinking: /home/dawntildusk/lbot_ws/install/lbot_arm_interfaces/include/lbot_arm_interfaces/lbot_arm_interfaces/srv/detail/get_current_frame__type_support.h
[8.908s] -- Symlinking: /home/dawntildusk/lbot_ws/install/lbot_arm_interfaces/include/lbot_arm_interfaces/lbot_arm_interfaces/srv/detail/get_frame__functions.h
[8.913s] -- Symlinking: /home/dawntildusk/lbot_ws/install/lbot_arm_interfaces/include/lbot_arm_interfaces/lbot_arm_interfaces/srv/detail/get_frame__struct.h
[8.917s] -- Symlinking: /home/dawntildusk/lbot_ws/install/lbot_arm_interfaces/include/lbot_arm_interfaces/lbot_arm_interfaces/srv/detail/get_frame__type_support.h
[8.924s] -- Symlinking: /home/dawntildusk/lbot_ws/install/lbot_arm_interfaces/include/lbot_arm_interfaces/lbot_arm_interfaces/srv/detail/inverse_kinematics__functions.h
[8.930s] -- Symlinking: /home/dawntildusk/lbot_ws/install/lbot_arm_interfaces/include/lbot_arm_interfaces/lbot_arm_interfaces/srv/detail/inverse_kinematics__struct.h
[8.935s] -- Symlinking: /home/dawntildusk/lbot_ws/install/lbot_arm_interfaces/include/lbot_arm_interfaces/lbot_arm_interfaces/srv/detail/inverse_kinematics__type_support.h
[8.939s] -- Symlinking: /home/dawntildusk/lbot_ws/install/lbot_arm_interfaces/include/lbot_arm_interfaces/lbot_arm_interfaces/srv/detail/move_c__functions.h
[8.946s] -- Symlinking: /home/dawntildusk/lbot_ws/install/lbot_arm_interfaces/include/lbot_arm_interfaces/lbot_arm_interfaces/srv/detail/move_c__struct.h
[8.954s] -- Symlinking: /home/dawntildusk/lbot_ws/install/lbot_arm_interfaces/include/lbot_arm_interfaces/lbot_arm_interfaces/srv/detail/move_c__type_support.h
[8.961s] -- Symlinking: /home/dawntildusk/lbot_ws/install/lbot_arm_interfaces/include/lbot_arm_interfaces/lbot_arm_interfaces/srv/detail/move_j__functions.h
[8.970s] -- Symlinking: /home/dawntildusk/lbot_ws/install/lbot_arm_interfaces/include/lbot_arm_interfaces/lbot_arm_interfaces/srv/detail/move_j__struct.h
[8.980s] -- Symlinking: /home/dawntildusk/lbot_ws/install/lbot_arm_interfaces/include/lbot_arm_interfaces/lbot_arm_interfaces/srv/detail/move_j__type_support.h
[8.987s] -- Symlinking: /home/dawntildusk/lbot_ws/install/lbot_arm_interfaces/include/lbot_arm_interfaces/lbot_arm_interfaces/srv/detail/move_jp__functions.h
[8.996s] -- Symlinking: /home/dawntildusk/lbot_ws/install/lbot_arm_interfaces/include/lbot_arm_interfaces/lbot_arm_interfaces/srv/detail/move_jp__struct.h
[9.006s] -- Symlinking: /home/dawntildusk/lbot_ws/install/lbot_arm_interfaces/include/lbot_arm_interfaces/lbot_arm_interfaces/srv/detail/move_jp__type_support.h
[9.013s] -- Symlinking: /home/dawntildusk/lbot_ws/install/lbot_arm_interfaces/include/lbot_arm_interfaces/lbot_arm_interfaces/srv/detail/move_l__functions.h
[9.022s] -- Symlinking: /home/dawntildusk/lbot_ws/install/lbot_arm_interfaces/include/lbot_arm_interfaces/lbot_arm_interfaces/srv/detail/move_l__struct.h
[9.031s] -- Symlinking: /home/dawntildusk/lbot_ws/install/lbot_arm_interfaces/include/lbot_arm_interfaces/lbot_arm_interfaces/srv/detail/move_l__type_support.h
[9.040s] -- Symlinking: /home/dawntildusk/lbot_ws/install/lbot_arm_interfaces/include/lbot_arm_interfaces/lbot_arm_interfaces/srv/detail/set_emergency__functions.h
[9.049s] -- Symlinking: /home/dawntildusk/lbot_ws/install/lbot_arm_interfaces/include/lbot_arm_interfaces/lbot_arm_interfaces/srv/detail/set_emergency__struct.h
[9.058s] -- Symlinking: /home/dawntildusk/lbot_ws/install/lbot_arm_interfaces/include/lbot_arm_interfaces/lbot_arm_interfaces/srv/detail/set_emergency__type_support.h
[9.068s] -- Symlinking: /home/dawntildusk/lbot_ws/install/lbot_arm_interfaces/include/lbot_arm_interfaces/lbot_arm_interfaces/srv/detail/set_enable__functions.h
[9.080s] -- Symlinking: /home/dawntildusk/lbot_ws/install/lbot_arm_interfaces/include/lbot_arm_interfaces/lbot_arm_interfaces/srv/detail/set_enable__struct.h
[9.088s] -- Symlinking: /home/dawntildusk/lbot_ws/install/lbot_arm_interfaces/include/lbot_arm_interfaces/lbot_arm_interfaces/srv/detail/set_enable__type_support.h
[9.099s] -- Symlinking: /home/dawntildusk/lbot_ws/install/lbot_arm_interfaces/include/lbot_arm_interfaces/lbot_arm_interfaces/srv/detail/set_frame__functions.h
[9.105s] -- Symlinking: /home/dawntildusk/lbot_ws/install/lbot_arm_interfaces/include/lbot_arm_interfaces/lbot_arm_interfaces/srv/detail/set_frame__struct.h
[9.113s] -- Symlinking: /home/dawntildusk/lbot_ws/install/lbot_arm_interfaces/include/lbot_arm_interfaces/lbot_arm_interfaces/srv/detail/set_frame__type_support.h
[9.122s] -- Symlinking: /home/dawntildusk/lbot_ws/install/lbot_arm_interfaces/include/lbot_arm_interfaces/lbot_arm_interfaces/srv/detail/set_string__functions.h
[9.132s] -- Symlinking: /home/dawntildusk/lbot_ws/install/lbot_arm_interfaces/include/lbot_arm_interfaces/lbot_arm_interfaces/srv/detail/set_string__struct.h
[9.142s] -- Symlinking: /home/dawntildusk/lbot_ws/install/lbot_arm_interfaces/include/lbot_arm_interfaces/lbot_arm_interfaces/srv/detail/set_string__type_support.h
[9.151s] -- Symlinking: /home/dawntildusk/lbot_ws/install/lbot_arm_interfaces/include/lbot_arm_interfaces/lbot_arm_interfaces/srv/detail/set_zero__functions.h
[9.157s] -- Symlinking: /home/dawntildusk/lbot_ws/install/lbot_arm_interfaces/include/lbot_arm_interfaces/lbot_arm_interfaces/srv/detail/set_zero__struct.h
[9.163s] -- Symlinking: /home/dawntildusk/lbot_ws/install/lbot_arm_interfaces/include/lbot_arm_interfaces/lbot_arm_interfaces/srv/detail/set_zero__type_support.h
[9.173s] -- Symlinking: /home/dawntildusk/lbot_ws/install/lbot_arm_interfaces/include/lbot_arm_interfaces/lbot_arm_interfaces/srv/forward_kinematics.h
[9.183s] -- Symlinking: /home/dawntildusk/lbot_ws/install/lbot_arm_interfaces/include/lbot_arm_interfaces/lbot_arm_interfaces/srv/get_all_frames.h
[9.191s] -- Symlinking: /home/dawntildusk/lbot_ws/install/lbot_arm_interfaces/include/lbot_arm_interfaces/lbot_arm_interfaces/srv/get_current_frame.h
[9.196s] -- Symlinking: /home/dawntildusk/lbot_ws/install/lbot_arm_interfaces/include/lbot_arm_interfaces/lbot_arm_interfaces/srv/get_frame.h
[9.202s] -- Symlinking: /home/dawntildusk/lbot_ws/install/lbot_arm_interfaces/include/lbot_arm_interfaces/lbot_arm_interfaces/srv/inverse_kinematics.h
[9.207s] -- Symlinking: /home/dawntildusk/lbot_ws/install/lbot_arm_interfaces/include/lbot_arm_interfaces/lbot_arm_interfaces/srv/move_c.h
[9.214s] -- Symlinking: /home/dawntildusk/lbot_ws/install/lbot_arm_interfaces/include/lbot_arm_interfaces/lbot_arm_interfaces/srv/move_j.h
[9.223s] -- Symlinking: /home/dawntildusk/lbot_ws/install/lbot_arm_interfaces/include/lbot_arm_interfaces/lbot_arm_interfaces/srv/move_jp.h
[9.233s] -- Symlinking: /home/dawntildusk/lbot_ws/install/lbot_arm_interfaces/include/lbot_arm_interfaces/lbot_arm_interfaces/srv/move_l.h
[9.244s] -- Symlinking: /home/dawntildusk/lbot_ws/install/lbot_arm_interfaces/include/lbot_arm_interfaces/lbot_arm_interfaces/srv/set_emergency.h
[9.256s] -- Symlinking: /home/dawntildusk/lbot_ws/install/lbot_arm_interfaces/include/lbot_arm_interfaces/lbot_arm_interfaces/srv/set_enable.h
[9.267s] -- Symlinking: /home/dawntildusk/lbot_ws/install/lbot_arm_interfaces/include/lbot_arm_interfaces/lbot_arm_interfaces/srv/set_frame.h
[9.274s] -- Symlinking: /home/dawntildusk/lbot_ws/install/lbot_arm_interfaces/include/lbot_arm_interfaces/lbot_arm_interfaces/srv/set_string.h
[9.283s] -- Symlinking: /home/dawntildusk/lbot_ws/install/lbot_arm_interfaces/include/lbot_arm_interfaces/lbot_arm_interfaces/srv/set_zero.h
[9.288s] -- Symlinking: /home/dawntildusk/lbot_ws/install/lbot_arm_interfaces/share/lbot_arm_interfaces/environment/library_path.sh
[9.293s] -- Symlinking: /home/dawntildusk/lbot_ws/install/lbot_arm_interfaces/share/lbot_arm_interfaces/environment/library_path.dsv
[9.299s] -- Symlinking: /home/dawntildusk/lbot_ws/install/lbot_arm_interfaces/include/lbot_arm_interfaces/lbot_arm_interfaces/msg/detail/arm_state__rosidl_typesupport_fastrtps_c.h
[9.304s] -- Symlinking: /home/dawntildusk/lbot_ws/install/lbot_arm_interfaces/include/lbot_arm_interfaces/lbot_arm_interfaces/msg/detail/follow_joint__rosidl_typesupport_fastrtps_c.h
[9.312s] -- Symlinking: /home/dawntildusk/lbot_ws/install/lbot_arm_interfaces/include/lbot_arm_interfaces/lbot_arm_interfaces/msg/detail/lbot_frame__rosidl_typesupport_fastrtps_c.h
[9.317s] -- Symlinking: /home/dawntildusk/lbot_ws/install/lbot_arm_interfaces/include/lbot_arm_interfaces/lbot_arm_interfaces/msg/detail/lbot_pose__rosidl_typesupport_fastrtps_c.h
[9.322s] -- Symlinking: /home/dawntildusk/lbot_ws/install/lbot_arm_interfaces/include/lbot_arm_interfaces/lbot_arm_interfaces/msg/rosidl_typesupport_fastrtps_c__visibility_control.h
[9.327s] -- Symlinking: /home/dawntildusk/lbot_ws/install/lbot_arm_interfaces/include/lbot_arm_interfaces/lbot_arm_interfaces/srv/detail/change_frame__rosidl_typesupport_fastrtps_c.h
[9.337s] -- Symlinking: /home/dawntildusk/lbot_ws/install/lbot_arm_interfaces/include/lbot_arm_interfaces/lbot_arm_interfaces/srv/detail/delete_frame__rosidl_typesupport_fastrtps_c.h
[9.347s] -- Symlinking: /home/dawntildusk/lbot_ws/install/lbot_arm_interfaces/include/lbot_arm_interfaces/lbot_arm_interfaces/srv/detail/forward_kinematics__rosidl_typesupport_fastrtps_c.h
[9.357s] -- Symlinking: /home/dawntildusk/lbot_ws/install/lbot_arm_interfaces/include/lbot_arm_interfaces/lbot_arm_interfaces/srv/detail/get_all_frames__rosidl_typesupport_fastrtps_c.h
[9.366s] -- Symlinking: /home/dawntildusk/lbot_ws/install/lbot_arm_interfaces/include/lbot_arm_interfaces/lbot_arm_interfaces/srv/detail/get_current_frame__rosidl_typesupport_fastrtps_c.h
[9.376s] -- Symlinking: /home/dawntildusk/lbot_ws/install/lbot_arm_interfaces/include/lbot_arm_interfaces/lbot_arm_interfaces/srv/detail/get_frame__rosidl_typesupport_fastrtps_c.h
[9.386s] -- Symlinking: /home/dawntildusk/lbot_ws/install/lbot_arm_interfaces/include/lbot_arm_interfaces/lbot_arm_interfaces/srv/detail/inverse_kinematics__rosidl_typesupport_fastrtps_c.h
[9.397s] -- Symlinking: /home/dawntildusk/lbot_ws/install/lbot_arm_interfaces/include/lbot_arm_interfaces/lbot_arm_interfaces/srv/detail/move_c__rosidl_typesupport_fastrtps_c.h
[9.408s] -- Symlinking: /home/dawntildusk/lbot_ws/install/lbot_arm_interfaces/include/lbot_arm_interfaces/lbot_arm_interfaces/srv/detail/move_j__rosidl_typesupport_fastrtps_c.h
[9.414s] -- Symlinking: /home/dawntildusk/lbot_ws/install/lbot_arm_interfaces/include/lbot_arm_interfaces/lbot_arm_interfaces/srv/detail/move_jp__rosidl_typesupport_fastrtps_c.h
[9.420s] -- Symlinking: /home/dawntildusk/lbot_ws/install/lbot_arm_interfaces/include/lbot_arm_interfaces/lbot_arm_interfaces/srv/detail/move_l__rosidl_typesupport_fastrtps_c.h
[9.428s] -- Symlinking: /home/dawntildusk/lbot_ws/install/lbot_arm_interfaces/include/lbot_arm_interfaces/lbot_arm_interfaces/srv/detail/set_emergency__rosidl_typesupport_fastrtps_c.h
[9.439s] -- Symlinking: /home/dawntildusk/lbot_ws/install/lbot_arm_interfaces/include/lbot_arm_interfaces/lbot_arm_interfaces/srv/detail/set_enable__rosidl_typesupport_fastrtps_c.h
[9.448s] -- Symlinking: /home/dawntildusk/lbot_ws/install/lbot_arm_interfaces/include/lbot_arm_interfaces/lbot_arm_interfaces/srv/detail/set_frame__rosidl_typesupport_fastrtps_c.h
[9.459s] -- Symlinking: /home/dawntildusk/lbot_ws/install/lbot_arm_interfaces/include/lbot_arm_interfaces/lbot_arm_interfaces/srv/detail/set_string__rosidl_typesupport_fastrtps_c.h
[9.467s] -- Symlinking: /home/dawntildusk/lbot_ws/install/lbot_arm_interfaces/include/lbot_arm_interfaces/lbot_arm_interfaces/srv/detail/set_zero__rosidl_typesupport_fastrtps_c.h
[9.472s] -- Symlinking: /home/dawntildusk/lbot_ws/install/lbot_arm_interfaces/include/lbot_arm_interfaces/lbot_arm_interfaces/msg/arm_state.hpp
[9.477s] -- Symlinking: /home/dawntildusk/lbot_ws/install/lbot_arm_interfaces/include/lbot_arm_interfaces/lbot_arm_interfaces/msg/detail/arm_state__builder.hpp
[9.488s] -- Symlinking: /home/dawntildusk/lbot_ws/install/lbot_arm_interfaces/include/lbot_arm_interfaces/lbot_arm_interfaces/msg/detail/arm_state__struct.hpp
[9.498s] -- Symlinking: /home/dawntildusk/lbot_ws/install/lbot_arm_interfaces/include/lbot_arm_interfaces/lbot_arm_interfaces/msg/detail/arm_state__traits.hpp
[9.507s] -- Symlinking: /home/dawntildusk/lbot_ws/install/lbot_arm_interfaces/include/lbot_arm_interfaces/lbot_arm_interfaces/msg/detail/arm_state__type_support.hpp
[9.516s] -- Symlinking: /home/dawntildusk/lbot_ws/install/lbot_arm_interfaces/include/lbot_arm_interfaces/lbot_arm_interfaces/msg/detail/follow_joint__builder.hpp
[9.525s] -- Symlinking: /home/dawntildusk/lbot_ws/install/lbot_arm_interfaces/include/lbot_arm_interfaces/lbot_arm_interfaces/msg/detail/follow_joint__struct.hpp
[9.535s] -- Symlinking: /home/dawntildusk/lbot_ws/install/lbot_arm_interfaces/include/lbot_arm_interfaces/lbot_arm_interfaces/msg/detail/follow_joint__traits.hpp
[9.545s] -- Symlinking: /home/dawntildusk/lbot_ws/install/lbot_arm_interfaces/include/lbot_arm_interfaces/lbot_arm_interfaces/msg/detail/follow_joint__type_support.hpp
[9.557s] -- Symlinking: /home/dawntildusk/lbot_ws/install/lbot_arm_interfaces/include/lbot_arm_interfaces/lbot_arm_interfaces/msg/detail/lbot_frame__builder.hpp
[9.567s] -- Symlinking: /home/dawntildusk/lbot_ws/install/lbot_arm_interfaces/include/lbot_arm_interfaces/lbot_arm_interfaces/msg/detail/lbot_frame__struct.hpp
[9.576s] -- Symlinking: /home/dawntildusk/lbot_ws/install/lbot_arm_interfaces/include/lbot_arm_interfaces/lbot_arm_interfaces/msg/detail/lbot_frame__traits.hpp
[9.586s] -- Symlinking: /home/dawntildusk/lbot_ws/install/lbot_arm_interfaces/include/lbot_arm_interfaces/lbot_arm_interfaces/msg/detail/lbot_frame__type_support.hpp
[9.597s] -- Symlinking: /home/dawntildusk/lbot_ws/install/lbot_arm_interfaces/include/lbot_arm_interfaces/lbot_arm_interfaces/msg/detail/lbot_pose__builder.hpp
[9.606s] -- Symlinking: /home/dawntildusk/lbot_ws/install/lbot_arm_interfaces/include/lbot_arm_interfaces/lbot_arm_interfaces/msg/detail/lbot_pose__struct.hpp
[9.613s] -- Symlinking: /home/dawntildusk/lbot_ws/install/lbot_arm_interfaces/include/lbot_arm_interfaces/lbot_arm_interfaces/msg/detail/lbot_pose__traits.hpp
[9.618s] -- Symlinking: /home/dawntildusk/lbot_ws/install/lbot_arm_interfaces/include/lbot_arm_interfaces/lbot_arm_interfaces/msg/detail/lbot_pose__type_support.hpp
[9.623s] -- Symlinking: /home/dawntildusk/lbot_ws/install/lbot_arm_interfaces/include/lbot_arm_interfaces/lbot_arm_interfaces/msg/follow_joint.hpp
[9.629s] -- Symlinking: /home/dawntildusk/lbot_ws/install/lbot_arm_interfaces/include/lbot_arm_interfaces/lbot_arm_interfaces/msg/lbot_frame.hpp
[9.635s] -- Symlinking: /home/dawntildusk/lbot_ws/install/lbot_arm_interfaces/include/lbot_arm_interfaces/lbot_arm_interfaces/msg/lbot_pose.hpp
[9.640s] -- Symlinking: /home/dawntildusk/lbot_ws/install/lbot_arm_interfaces/include/lbot_arm_interfaces/lbot_arm_interfaces/msg/rosidl_generator_cpp__visibility_control.hpp
[9.646s] -- Symlinking: /home/dawntildusk/lbot_ws/install/lbot_arm_interfaces/include/lbot_arm_interfaces/lbot_arm_interfaces/srv/change_frame.hpp
[9.653s] -- Symlinking: /home/dawntildusk/lbot_ws/install/lbot_arm_interfaces/include/lbot_arm_interfaces/lbot_arm_interfaces/srv/delete_frame.hpp
[9.657s] -- Symlinking: /home/dawntildusk/lbot_ws/install/lbot_arm_interfaces/include/lbot_arm_interfaces/lbot_arm_interfaces/srv/detail/change_frame__builder.hpp
[9.662s] -- Symlinking: /home/dawntildusk/lbot_ws/install/lbot_arm_interfaces/include/lbot_arm_interfaces/lbot_arm_interfaces/srv/detail/change_frame__struct.hpp
[9.668s] -- Symlinking: /home/dawntildusk/lbot_ws/install/lbot_arm_interfaces/include/lbot_arm_interfaces/lbot_arm_interfaces/srv/detail/change_frame__traits.hpp
[9.672s] -- Symlinking: /home/dawntildusk/lbot_ws/install/lbot_arm_interfaces/include/lbot_arm_interfaces/lbot_arm_interfaces/srv/detail/change_frame__type_support.hpp
[9.677s] -- Symlinking: /home/dawntildusk/lbot_ws/install/lbot_arm_interfaces/include/lbot_arm_interfaces/lbot_arm_interfaces/srv/detail/delete_frame__builder.hpp
[9.684s] -- Symlinking: /home/dawntildusk/lbot_ws/install/lbot_arm_interfaces/include/lbot_arm_interfaces/lbot_arm_interfaces/srv/detail/delete_frame__struct.hpp
[9.689s] -- Symlinking: /home/dawntildusk/lbot_ws/install/lbot_arm_interfaces/include/lbot_arm_interfaces/lbot_arm_interfaces/srv/detail/delete_frame__traits.hpp
[9.695s] -- Symlinking: /home/dawntildusk/lbot_ws/install/lbot_arm_interfaces/include/lbot_arm_interfaces/lbot_arm_interfaces/srv/detail/delete_frame__type_support.hpp
[9.702s] -- Symlinking: /home/dawntildusk/lbot_ws/install/lbot_arm_interfaces/include/lbot_arm_interfaces/lbot_arm_interfaces/srv/detail/forward_kinematics__builder.hpp
[9.707s] -- Symlinking: /home/dawntildusk/lbot_ws/install/lbot_arm_interfaces/include/lbot_arm_interfaces/lbot_arm_interfaces/srv/detail/forward_kinematics__struct.hpp
[9.712s] -- Symlinking: /home/dawntildusk/lbot_ws/install/lbot_arm_interfaces/include/lbot_arm_interfaces/lbot_arm_interfaces/srv/detail/forward_kinematics__traits.hpp
[9.718s] -- Symlinking: /home/dawntildusk/lbot_ws/install/lbot_arm_interfaces/include/lbot_arm_interfaces/lbot_arm_interfaces/srv/detail/forward_kinematics__type_support.hpp
[9.725s] -- Symlinking: /home/dawntildusk/lbot_ws/install/lbot_arm_interfaces/include/lbot_arm_interfaces/lbot_arm_interfaces/srv/detail/get_all_frames__builder.hpp
[9.729s] -- Symlinking: /home/dawntildusk/lbot_ws/install/lbot_arm_interfaces/include/lbot_arm_interfaces/lbot_arm_interfaces/srv/detail/get_all_frames__struct.hpp
[9.735s] -- Symlinking: /home/dawntildusk/lbot_ws/install/lbot_arm_interfaces/include/lbot_arm_interfaces/lbot_arm_interfaces/srv/detail/get_all_frames__traits.hpp
[9.740s] -- Symlinking: /home/dawntildusk/lbot_ws/install/lbot_arm_interfaces/include/lbot_arm_interfaces/lbot_arm_interfaces/srv/detail/get_all_frames__type_support.hpp
[9.745s] -- Symlinking: /home/dawntildusk/lbot_ws/install/lbot_arm_interfaces/include/lbot_arm_interfaces/lbot_arm_interfaces/srv/detail/get_current_frame__builder.hpp
[9.750s] -- Symlinking: /home/dawntildusk/lbot_ws/install/lbot_arm_interfaces/include/lbot_arm_interfaces/lbot_arm_interfaces/srv/detail/get_current_frame__struct.hpp
[9.757s] -- Symlinking: /home/dawntildusk/lbot_ws/install/lbot_arm_interfaces/include/lbot_arm_interfaces/lbot_arm_interfaces/srv/detail/get_current_frame__traits.hpp
[9.765s] -- Symlinking: /home/dawntildusk/lbot_ws/install/lbot_arm_interfaces/include/lbot_arm_interfaces/lbot_arm_interfaces/srv/detail/get_current_frame__type_support.hpp
[9.774s] -- Symlinking: /home/dawntildusk/lbot_ws/install/lbot_arm_interfaces/include/lbot_arm_interfaces/lbot_arm_interfaces/srv/detail/get_frame__builder.hpp
[9.784s] -- Symlinking: /home/dawntildusk/lbot_ws/install/lbot_arm_interfaces/include/lbot_arm_interfaces/lbot_arm_interfaces/srv/detail/get_frame__struct.hpp
[9.792s] -- Symlinking: /home/dawntildusk/lbot_ws/install/lbot_arm_interfaces/include/lbot_arm_interfaces/lbot_arm_interfaces/srv/detail/get_frame__traits.hpp
[9.801s] -- Symlinking: /home/dawntildusk/lbot_ws/install/lbot_arm_interfaces/include/lbot_arm_interfaces/lbot_arm_interfaces/srv/detail/get_frame__type_support.hpp
[9.809s] -- Symlinking: /home/dawntildusk/lbot_ws/install/lbot_arm_interfaces/include/lbot_arm_interfaces/lbot_arm_interfaces/srv/detail/inverse_kinematics__builder.hpp
[9.820s] -- Symlinking: /home/dawntildusk/lbot_ws/install/lbot_arm_interfaces/include/lbot_arm_interfaces/lbot_arm_interfaces/srv/detail/inverse_kinematics__struct.hpp
[9.828s] -- Symlinking: /home/dawntildusk/lbot_ws/install/lbot_arm_interfaces/include/lbot_arm_interfaces/lbot_arm_interfaces/srv/detail/inverse_kinematics__traits.hpp
[9.838s] -- Symlinking: /home/dawntildusk/lbot_ws/install/lbot_arm_interfaces/include/lbot_arm_interfaces/lbot_arm_interfaces/srv/detail/inverse_kinematics__type_support.hpp
[9.845s] -- Symlinking: /home/dawntildusk/lbot_ws/install/lbot_arm_interfaces/include/lbot_arm_interfaces/lbot_arm_interfaces/srv/detail/move_c__builder.hpp
[9.855s] -- Symlinking: /home/dawntildusk/lbot_ws/install/lbot_arm_interfaces/include/lbot_arm_interfaces/lbot_arm_interfaces/srv/detail/move_c__struct.hpp
[9.864s] -- Symlinking: /home/dawntildusk/lbot_ws/install/lbot_arm_interfaces/include/lbot_arm_interfaces/lbot_arm_interfaces/srv/detail/move_c__traits.hpp
[9.874s] -- Symlinking: /home/dawntildusk/lbot_ws/install/lbot_arm_interfaces/include/lbot_arm_interfaces/lbot_arm_interfaces/srv/detail/move_c__type_support.hpp
[9.885s] -- Symlinking: /home/dawntildusk/lbot_ws/install/lbot_arm_interfaces/include/lbot_arm_interfaces/lbot_arm_interfaces/srv/detail/move_j__builder.hpp
[9.893s] -- Symlinking: /home/dawntildusk/lbot_ws/install/lbot_arm_interfaces/include/lbot_arm_interfaces/lbot_arm_interfaces/srv/detail/move_j__struct.hpp
[9.899s] -- Symlinking: /home/dawntildusk/lbot_ws/install/lbot_arm_interfaces/include/lbot_arm_interfaces/lbot_arm_interfaces/srv/detail/move_j__traits.hpp
[9.904s] -- Symlinking: /home/dawntildusk/lbot_ws/install/lbot_arm_interfaces/include/lbot_arm_interfaces/lbot_arm_interfaces/srv/detail/move_j__type_support.hpp
[9.908s] -- Symlinking: /home/dawntildusk/lbot_ws/install/lbot_arm_interfaces/include/lbot_arm_interfaces/lbot_arm_interfaces/srv/detail/move_jp__builder.hpp
[9.913s] -- Symlinking: /home/dawntildusk/lbot_ws/install/lbot_arm_interfaces/include/lbot_arm_interfaces/lbot_arm_interfaces/srv/detail/move_jp__struct.hpp
[9.918s] -- Symlinking: /home/dawntildusk/lbot_ws/install/lbot_arm_interfaces/include/lbot_arm_interfaces/lbot_arm_interfaces/srv/detail/move_jp__traits.hpp
[9.926s] -- Symlinking: /home/dawntildusk/lbot_ws/install/lbot_arm_interfaces/include/lbot_arm_interfaces/lbot_arm_interfaces/srv/detail/move_jp__type_support.hpp
[9.935s] -- Symlinking: /home/dawntildusk/lbot_ws/install/lbot_arm_interfaces/include/lbot_arm_interfaces/lbot_arm_interfaces/srv/detail/move_l__builder.hpp
[9.946s] -- Symlinking: /home/dawntildusk/lbot_ws/install/lbot_arm_interfaces/include/lbot_arm_interfaces/lbot_arm_interfaces/srv/detail/move_l__struct.hpp
[9.956s] -- Symlinking: /home/dawntildusk/lbot_ws/install/lbot_arm_interfaces/include/lbot_arm_interfaces/lbot_arm_interfaces/srv/detail/move_l__traits.hpp
[9.964s] -- Symlinking: /home/dawntildusk/lbot_ws/install/lbot_arm_interfaces/include/lbot_arm_interfaces/lbot_arm_interfaces/srv/detail/move_l__type_support.hpp
[9.973s] -- Symlinking: /home/dawntildusk/lbot_ws/install/lbot_arm_interfaces/include/lbot_arm_interfaces/lbot_arm_interfaces/srv/detail/set_emergency__builder.hpp
[9.981s] -- Symlinking: /home/dawntildusk/lbot_ws/install/lbot_arm_interfaces/include/lbot_arm_interfaces/lbot_arm_interfaces/srv/detail/set_emergency__struct.hpp
[9.990s] -- Symlinking: /home/dawntildusk/lbot_ws/install/lbot_arm_interfaces/include/lbot_arm_interfaces/lbot_arm_interfaces/srv/detail/set_emergency__traits.hpp
[10.001s] -- Symlinking: /home/dawntildusk/lbot_ws/install/lbot_arm_interfaces/include/lbot_arm_interfaces/lbot_arm_interfaces/srv/detail/set_emergency__type_support.hpp
[10.010s] -- Symlinking: /home/dawntildusk/lbot_ws/install/lbot_arm_interfaces/include/lbot_arm_interfaces/lbot_arm_interfaces/srv/detail/set_enable__builder.hpp
[10.019s] -- Symlinking: /home/dawntildusk/lbot_ws/install/lbot_arm_interfaces/include/lbot_arm_interfaces/lbot_arm_interfaces/srv/detail/set_enable__struct.hpp
[10.027s] -- Symlinking: /home/dawntildusk/lbot_ws/install/lbot_arm_interfaces/include/lbot_arm_interfaces/lbot_arm_interfaces/srv/detail/set_enable__traits.hpp
[10.036s] -- Symlinking: /home/dawntildusk/lbot_ws/install/lbot_arm_interfaces/include/lbot_arm_interfaces/lbot_arm_interfaces/srv/detail/set_enable__type_support.hpp
[10.046s] -- Symlinking: /home/dawntildusk/lbot_ws/install/lbot_arm_interfaces/include/lbot_arm_interfaces/lbot_arm_interfaces/srv/detail/set_frame__builder.hpp
[10.055s] -- Symlinking: /home/dawntildusk/lbot_ws/install/lbot_arm_interfaces/include/lbot_arm_interfaces/lbot_arm_interfaces/srv/detail/set_frame__struct.hpp
[10.066s] -- Symlinking: /home/dawntildusk/lbot_ws/install/lbot_arm_interfaces/include/lbot_arm_interfaces/lbot_arm_interfaces/srv/detail/set_frame__traits.hpp
[10.076s] -- Symlinking: /home/dawntildusk/lbot_ws/install/lbot_arm_interfaces/include/lbot_arm_interfaces/lbot_arm_interfaces/srv/detail/set_frame__type_support.hpp
[10.083s] -- Symlinking: /home/dawntildusk/lbot_ws/install/lbot_arm_interfaces/include/lbot_arm_interfaces/lbot_arm_interfaces/srv/detail/set_string__builder.hpp
[10.088s] -- Symlinking: /home/dawntildusk/lbot_ws/install/lbot_arm_interfaces/include/lbot_arm_interfaces/lbot_arm_interfaces/srv/detail/set_string__struct.hpp
[10.093s] -- Symlinking: /home/dawntildusk/lbot_ws/install/lbot_arm_interfaces/include/lbot_arm_interfaces/lbot_arm_interfaces/srv/detail/set_string__traits.hpp
[10.099s] -- Symlinking: /home/dawntildusk/lbot_ws/install/lbot_arm_interfaces/include/lbot_arm_interfaces/lbot_arm_interfaces/srv/detail/set_string__type_support.hpp
[10.106s] -- Symlinking: /home/dawntildusk/lbot_ws/install/lbot_arm_interfaces/include/lbot_arm_interfaces/lbot_arm_interfaces/srv/detail/set_zero__builder.hpp
[10.113s] -- Symlinking: /home/dawntildusk/lbot_ws/install/lbot_arm_interfaces/include/lbot_arm_interfaces/lbot_arm_interfaces/srv/detail/set_zero__struct.hpp
[10.120s] -- Symlinking: /home/dawntildusk/lbot_ws/install/lbot_arm_interfaces/include/lbot_arm_interfaces/lbot_arm_interfaces/srv/detail/set_zero__traits.hpp
[10.128s] -- Symlinking: /home/dawntildusk/lbot_ws/install/lbot_arm_interfaces/include/lbot_arm_interfaces/lbot_arm_interfaces/srv/detail/set_zero__type_support.hpp
[10.137s] -- Symlinking: /home/dawntildusk/lbot_ws/install/lbot_arm_interfaces/include/lbot_arm_interfaces/lbot_arm_interfaces/srv/forward_kinematics.hpp
[10.146s] -- Symlinking: /home/dawntildusk/lbot_ws/install/lbot_arm_interfaces/include/lbot_arm_interfaces/lbot_arm_interfaces/srv/get_all_frames.hpp
[10.156s] -- Symlinking: /home/dawntildusk/lbot_ws/install/lbot_arm_interfaces/include/lbot_arm_interfaces/lbot_arm_interfaces/srv/get_current_frame.hpp
[10.166s] -- Symlinking: /home/dawntildusk/lbot_ws/install/lbot_arm_interfaces/include/lbot_arm_interfaces/lbot_arm_interfaces/srv/get_frame.hpp
[10.179s] -- Symlinking: /home/dawntildusk/lbot_ws/install/lbot_arm_interfaces/include/lbot_arm_interfaces/lbot_arm_interfaces/srv/inverse_kinematics.hpp
[10.189s] -- Symlinking: /home/dawntildusk/lbot_ws/install/lbot_arm_interfaces/include/lbot_arm_interfaces/lbot_arm_interfaces/srv/move_c.hpp
[10.200s] -- Symlinking: /home/dawntildusk/lbot_ws/install/lbot_arm_interfaces/include/lbot_arm_interfaces/lbot_arm_interfaces/srv/move_j.hpp
[10.211s] -- Symlinking: /home/dawntildusk/lbot_ws/install/lbot_arm_interfaces/include/lbot_arm_interfaces/lbot_arm_interfaces/srv/move_jp.hpp
[10.221s] -- Symlinking: /home/dawntildusk/lbot_ws/install/lbot_arm_interfaces/include/lbot_arm_interfaces/lbot_arm_interfaces/srv/move_l.hpp
[10.231s] -- Symlinking: /home/dawntildusk/lbot_ws/install/lbot_arm_interfaces/include/lbot_arm_interfaces/lbot_arm_interfaces/srv/set_emergency.hpp
[10.235s] -- Symlinking: /home/dawntildusk/lbot_ws/install/lbot_arm_interfaces/include/lbot_arm_interfaces/lbot_arm_interfaces/srv/set_enable.hpp
[10.243s] -- Symlinking: /home/dawntildusk/lbot_ws/install/lbot_arm_interfaces/include/lbot_arm_interfaces/lbot_arm_interfaces/srv/set_frame.hpp
[10.248s] -- Symlinking: /home/dawntildusk/lbot_ws/install/lbot_arm_interfaces/include/lbot_arm_interfaces/lbot_arm_interfaces/srv/set_string.hpp
[10.255s] -- Symlinking: /home/dawntildusk/lbot_ws/install/lbot_arm_interfaces/include/lbot_arm_interfaces/lbot_arm_interfaces/srv/set_zero.hpp
[10.262s] -- Symlinking: /home/dawntildusk/lbot_ws/install/lbot_arm_interfaces/include/lbot_arm_interfaces/lbot_arm_interfaces/msg/detail/arm_state__rosidl_typesupport_fastrtps_cpp.hpp
[10.268s] -- Symlinking: /home/dawntildusk/lbot_ws/install/lbot_arm_interfaces/include/lbot_arm_interfaces/lbot_arm_interfaces/msg/detail/follow_joint__rosidl_typesupport_fastrtps_cpp.hpp
[10.273s] -- Symlinking: /home/dawntildusk/lbot_ws/install/lbot_arm_interfaces/include/lbot_arm_interfaces/lbot_arm_interfaces/msg/detail/lbot_frame__rosidl_typesupport_fastrtps_cpp.hpp
[10.279s] -- Symlinking: /home/dawntildusk/lbot_ws/install/lbot_arm_interfaces/include/lbot_arm_interfaces/lbot_arm_interfaces/msg/detail/lbot_pose__rosidl_typesupport_fastrtps_cpp.hpp
[10.286s] -- Symlinking: /home/dawntildusk/lbot_ws/install/lbot_arm_interfaces/include/lbot_arm_interfaces/lbot_arm_interfaces/msg/rosidl_typesupport_fastrtps_cpp__visibility_control.h
[10.291s] -- Symlinking: /home/dawntildusk/lbot_ws/install/lbot_arm_interfaces/include/lbot_arm_interfaces/lbot_arm_interfaces/srv/detail/change_frame__rosidl_typesupport_fastrtps_cpp.hpp
[10.296s] -- Symlinking: /home/dawntildusk/lbot_ws/install/lbot_arm_interfaces/include/lbot_arm_interfaces/lbot_arm_interfaces/srv/detail/delete_frame__rosidl_typesupport_fastrtps_cpp.hpp
[10.301s] -- Symlinking: /home/dawntildusk/lbot_ws/install/lbot_arm_interfaces/include/lbot_arm_interfaces/lbot_arm_interfaces/srv/detail/forward_kinematics__rosidl_typesupport_fastrtps_cpp.hpp
[10.308s] -- Symlinking: /home/dawntildusk/lbot_ws/install/lbot_arm_interfaces/include/lbot_arm_interfaces/lbot_arm_interfaces/srv/detail/get_all_frames__rosidl_typesupport_fastrtps_cpp.hpp
[10.314s] -- Symlinking: /home/dawntildusk/lbot_ws/install/lbot_arm_interfaces/include/lbot_arm_interfaces/lbot_arm_interfaces/srv/detail/get_current_frame__rosidl_typesupport_fastrtps_cpp.hpp
[10.319s] -- Symlinking: /home/dawntildusk/lbot_ws/install/lbot_arm_interfaces/include/lbot_arm_interfaces/lbot_arm_interfaces/srv/detail/get_frame__rosidl_typesupport_fastrtps_cpp.hpp
[10.323s] -- Symlinking: /home/dawntildusk/lbot_ws/install/lbot_arm_interfaces/include/lbot_arm_interfaces/lbot_arm_interfaces/srv/detail/inverse_kinematics__rosidl_typesupport_fastrtps_cpp.hpp
[10.327s] -- Symlinking: /home/dawntildusk/lbot_ws/install/lbot_arm_interfaces/include/lbot_arm_interfaces/lbot_arm_interfaces/srv/detail/move_c__rosidl_typesupport_fastrtps_cpp.hpp
[10.333s] -- Symlinking: /home/dawntildusk/lbot_ws/install/lbot_arm_interfaces/include/lbot_arm_interfaces/lbot_arm_interfaces/srv/detail/move_j__rosidl_typesupport_fastrtps_cpp.hpp
[10.339s] -- Symlinking: /home/dawntildusk/lbot_ws/install/lbot_arm_interfaces/include/lbot_arm_interfaces/lbot_arm_interfaces/srv/detail/move_jp__rosidl_typesupport_fastrtps_cpp.hpp
[10.346s] -- Symlinking: /home/dawntildusk/lbot_ws/install/lbot_arm_interfaces/include/lbot_arm_interfaces/lbot_arm_interfaces/srv/detail/move_l__rosidl_typesupport_fastrtps_cpp.hpp
[10.351s] -- Symlinking: /home/dawntildusk/lbot_ws/install/lbot_arm_interfaces/include/lbot_arm_interfaces/lbot_arm_interfaces/srv/detail/set_emergency__rosidl_typesupport_fastrtps_cpp.hpp
[10.356s] -- Symlinking: /home/dawntildusk/lbot_ws/install/lbot_arm_interfaces/include/lbot_arm_interfaces/lbot_arm_interfaces/srv/detail/set_enable__rosidl_typesupport_fastrtps_cpp.hpp
[10.362s] -- Symlinking: /home/dawntildusk/lbot_ws/install/lbot_arm_interfaces/include/lbot_arm_interfaces/lbot_arm_interfaces/srv/detail/set_frame__rosidl_typesupport_fastrtps_cpp.hpp
[10.367s] -- Symlinking: /home/dawntildusk/lbot_ws/install/lbot_arm_interfaces/include/lbot_arm_interfaces/lbot_arm_interfaces/srv/detail/set_string__rosidl_typesupport_fastrtps_cpp.hpp
[10.371s] -- Symlinking: /home/dawntildusk/lbot_ws/install/lbot_arm_interfaces/include/lbot_arm_interfaces/lbot_arm_interfaces/srv/detail/set_zero__rosidl_typesupport_fastrtps_cpp.hpp
[10.377s] -- Symlinking: /home/dawntildusk/lbot_ws/install/lbot_arm_interfaces/include/lbot_arm_interfaces/lbot_arm_interfaces/msg/detail/arm_state__rosidl_typesupport_introspection_c.h
[10.386s] -- Symlinking: /home/dawntildusk/lbot_ws/install/lbot_arm_interfaces/include/lbot_arm_interfaces/lbot_arm_interfaces/msg/detail/follow_joint__rosidl_typesupport_introspection_c.h
[10.391s] -- Symlinking: /home/dawntildusk/lbot_ws/install/lbot_arm_interfaces/include/lbot_arm_interfaces/lbot_arm_interfaces/msg/detail/lbot_frame__rosidl_typesupport_introspection_c.h
[10.396s] -- Symlinking: /home/dawntildusk/lbot_ws/install/lbot_arm_interfaces/include/lbot_arm_interfaces/lbot_arm_interfaces/msg/detail/lbot_pose__rosidl_typesupport_introspection_c.h
[10.404s] -- Symlinking: /home/dawntildusk/lbot_ws/install/lbot_arm_interfaces/include/lbot_arm_interfaces/lbot_arm_interfaces/msg/rosidl_typesupport_introspection_c__visibility_control.h
[10.410s] -- Symlinking: /home/dawntildusk/lbot_ws/install/lbot_arm_interfaces/include/lbot_arm_interfaces/lbot_arm_interfaces/srv/detail/change_frame__rosidl_typesupport_introspection_c.h
[10.415s] -- Symlinking: /home/dawntildusk/lbot_ws/install/lbot_arm_interfaces/include/lbot_arm_interfaces/lbot_arm_interfaces/srv/detail/delete_frame__rosidl_typesupport_introspection_c.h
[10.421s] -- Symlinking: /home/dawntildusk/lbot_ws/install/lbot_arm_interfaces/include/lbot_arm_interfaces/lbot_arm_interfaces/srv/detail/forward_kinematics__rosidl_typesupport_introspection_c.h
[10.427s] -- Symlinking: /home/dawntildusk/lbot_ws/install/lbot_arm_interfaces/include/lbot_arm_interfaces/lbot_arm_interfaces/srv/detail/get_all_frames__rosidl_typesupport_introspection_c.h
[10.431s] -- Symlinking: /home/dawntildusk/lbot_ws/install/lbot_arm_interfaces/include/lbot_arm_interfaces/lbot_arm_interfaces/srv/detail/get_current_frame__rosidl_typesupport_introspection_c.h
[10.436s] -- Symlinking: /home/dawntildusk/lbot_ws/install/lbot_arm_interfaces/include/lbot_arm_interfaces/lbot_arm_interfaces/srv/detail/get_frame__rosidl_typesupport_introspection_c.h
[10.442s] -- Symlinking: /home/dawntildusk/lbot_ws/install/lbot_arm_interfaces/include/lbot_arm_interfaces/lbot_arm_interfaces/srv/detail/inverse_kinematics__rosidl_typesupport_introspection_c.h
[10.447s] -- Symlinking: /home/dawntildusk/lbot_ws/install/lbot_arm_interfaces/include/lbot_arm_interfaces/lbot_arm_interfaces/srv/detail/move_c__rosidl_typesupport_introspection_c.h
[10.452s] -- Symlinking: /home/dawntildusk/lbot_ws/install/lbot_arm_interfaces/include/lbot_arm_interfaces/lbot_arm_interfaces/srv/detail/move_j__rosidl_typesupport_introspection_c.h
[10.459s] -- Symlinking: /home/dawntildusk/lbot_ws/install/lbot_arm_interfaces/include/lbot_arm_interfaces/lbot_arm_interfaces/srv/detail/move_jp__rosidl_typesupport_introspection_c.h
[10.464s] -- Symlinking: /home/dawntildusk/lbot_ws/install/lbot_arm_interfaces/include/lbot_arm_interfaces/lbot_arm_interfaces/srv/detail/move_l__rosidl_typesupport_introspection_c.h
[10.468s] -- Symlinking: /home/dawntildusk/lbot_ws/install/lbot_arm_interfaces/include/lbot_arm_interfaces/lbot_arm_interfaces/srv/detail/set_emergency__rosidl_typesupport_introspection_c.h
[10.473s] -- Symlinking: /home/dawntildusk/lbot_ws/install/lbot_arm_interfaces/include/lbot_arm_interfaces/lbot_arm_interfaces/srv/detail/set_enable__rosidl_typesupport_introspection_c.h
[10.479s] -- Symlinking: /home/dawntildusk/lbot_ws/install/lbot_arm_interfaces/include/lbot_arm_interfaces/lbot_arm_interfaces/srv/detail/set_frame__rosidl_typesupport_introspection_c.h
[10.486s] -- Symlinking: /home/dawntildusk/lbot_ws/install/lbot_arm_interfaces/include/lbot_arm_interfaces/lbot_arm_interfaces/srv/detail/set_string__rosidl_typesupport_introspection_c.h
[10.495s] -- Symlinking: /home/dawntildusk/lbot_ws/install/lbot_arm_interfaces/include/lbot_arm_interfaces/lbot_arm_interfaces/srv/detail/set_zero__rosidl_typesupport_introspection_c.h
[10.505s] -- Symlinking: /home/dawntildusk/lbot_ws/install/lbot_arm_interfaces/include/lbot_arm_interfaces/lbot_arm_interfaces/msg/detail/arm_state__rosidl_typesupport_introspection_cpp.hpp
[10.514s] -- Symlinking: /home/dawntildusk/lbot_ws/install/lbot_arm_interfaces/include/lbot_arm_interfaces/lbot_arm_interfaces/msg/detail/follow_joint__rosidl_typesupport_introspection_cpp.hpp
[10.523s] -- Symlinking: /home/dawntildusk/lbot_ws/install/lbot_arm_interfaces/include/lbot_arm_interfaces/lbot_arm_interfaces/msg/detail/lbot_frame__rosidl_typesupport_introspection_cpp.hpp
[10.534s] -- Symlinking: /home/dawntildusk/lbot_ws/install/lbot_arm_interfaces/include/lbot_arm_interfaces/lbot_arm_interfaces/msg/detail/lbot_pose__rosidl_typesupport_introspection_cpp.hpp
[10.544s] -- Symlinking: /home/dawntildusk/lbot_ws/install/lbot_arm_interfaces/include/lbot_arm_interfaces/lbot_arm_interfaces/srv/detail/change_frame__rosidl_typesupport_introspection_cpp.hpp
[10.554s] -- Symlinking: /home/dawntildusk/lbot_ws/install/lbot_arm_interfaces/include/lbot_arm_interfaces/lbot_arm_interfaces/srv/detail/delete_frame__rosidl_typesupport_introspection_cpp.hpp
[10.565s] -- Symlinking: /home/dawntildusk/lbot_ws/install/lbot_arm_interfaces/include/lbot_arm_interfaces/lbot_arm_interfaces/srv/detail/forward_kinematics__rosidl_typesupport_introspection_cpp.hpp
[10.575s] -- Symlinking: /home/dawntildusk/lbot_ws/install/lbot_arm_interfaces/include/lbot_arm_interfaces/lbot_arm_interfaces/srv/detail/get_all_frames__rosidl_typesupport_introspection_cpp.hpp
[10.581s] -- Symlinking: /home/dawntildusk/lbot_ws/install/lbot_arm_interfaces/include/lbot_arm_interfaces/lbot_arm_interfaces/srv/detail/get_current_frame__rosidl_typesupport_introspection_cpp.hpp
[10.586s] -- Symlinking: /home/dawntildusk/lbot_ws/install/lbot_arm_interfaces/include/lbot_arm_interfaces/lbot_arm_interfaces/srv/detail/get_frame__rosidl_typesupport_introspection_cpp.hpp
[10.592s] -- Symlinking: /home/dawntildusk/lbot_ws/install/lbot_arm_interfaces/include/lbot_arm_interfaces/lbot_arm_interfaces/srv/detail/inverse_kinematics__rosidl_typesupport_introspection_cpp.hpp
[10.599s] -- Symlinking: /home/dawntildusk/lbot_ws/install/lbot_arm_interfaces/include/lbot_arm_interfaces/lbot_arm_interfaces/srv/detail/move_c__rosidl_typesupport_introspection_cpp.hpp
[10.604s] -- Symlinking: /home/dawntildusk/lbot_ws/install/lbot_arm_interfaces/include/lbot_arm_interfaces/lbot_arm_interfaces/srv/detail/move_j__rosidl_typesupport_introspection_cpp.hpp
[10.610s] -- Symlinking: /home/dawntildusk/lbot_ws/install/lbot_arm_interfaces/include/lbot_arm_interfaces/lbot_arm_interfaces/srv/detail/move_jp__rosidl_typesupport_introspection_cpp.hpp
[10.615s] -- Symlinking: /home/dawntildusk/lbot_ws/install/lbot_arm_interfaces/include/lbot_arm_interfaces/lbot_arm_interfaces/srv/detail/move_l__rosidl_typesupport_introspection_cpp.hpp
[10.621s] -- Symlinking: /home/dawntildusk/lbot_ws/install/lbot_arm_interfaces/include/lbot_arm_interfaces/lbot_arm_interfaces/srv/detail/set_emergency__rosidl_typesupport_introspection_cpp.hpp
[10.627s] -- Symlinking: /home/dawntildusk/lbot_ws/install/lbot_arm_interfaces/include/lbot_arm_interfaces/lbot_arm_interfaces/srv/detail/set_enable__rosidl_typesupport_introspection_cpp.hpp
[10.631s] -- Symlinking: /home/dawntildusk/lbot_ws/install/lbot_arm_interfaces/include/lbot_arm_interfaces/lbot_arm_interfaces/srv/detail/set_frame__rosidl_typesupport_introspection_cpp.hpp
[10.635s] -- Symlinking: /home/dawntildusk/lbot_ws/install/lbot_arm_interfaces/include/lbot_arm_interfaces/lbot_arm_interfaces/srv/detail/set_string__rosidl_typesupport_introspection_cpp.hpp
[10.640s] -- Symlinking: /home/dawntildusk/lbot_ws/install/lbot_arm_interfaces/include/lbot_arm_interfaces/lbot_arm_interfaces/srv/detail/set_zero__rosidl_typesupport_introspection_cpp.hpp
[10.647s] -- Symlinking: /home/dawntildusk/lbot_ws/install/lbot_arm_interfaces/share/lbot_arm_interfaces/environment/pythonpath.sh
[10.654s] -- Symlinking: /home/dawntildusk/lbot_ws/install/lbot_arm_interfaces/share/lbot_arm_interfaces/environment/pythonpath.dsv
[10.660s] -- Symlinking: /home/dawntildusk/lbot_ws/install/lbot_arm_interfaces/lib/python3.12/site-packages/lbot_arm_interfaces-0.0.0-py3.12.egg-info/PKG-INFO
[10.668s] -- Symlinking: /home/dawntildusk/lbot_ws/install/lbot_arm_interfaces/lib/python3.12/site-packages/lbot_arm_interfaces-0.0.0-py3.12.egg-info/SOURCES.txt
[10.676s] -- Symlinking: /home/dawntildusk/lbot_ws/install/lbot_arm_interfaces/lib/python3.12/site-packages/lbot_arm_interfaces-0.0.0-py3.12.egg-info/dependency_links.txt
[10.684s] -- Symlinking: /home/dawntildusk/lbot_ws/install/lbot_arm_interfaces/lib/python3.12/site-packages/lbot_arm_interfaces-0.0.0-py3.12.egg-info/top_level.txt
[10.695s] -- Symlinking: /home/dawntildusk/lbot_ws/install/lbot_arm_interfaces/lib/python3.12/site-packages/lbot_arm_interfaces/__init__.py
[10.705s] -- Symlinking: /home/dawntildusk/lbot_ws/install/lbot_arm_interfaces/lib/python3.12/site-packages/lbot_arm_interfaces/_lbot_arm_interfaces_s.ep.rosidl_typesupport_c.c
[10.714s] -- Symlinking: /home/dawntildusk/lbot_ws/install/lbot_arm_interfaces/lib/python3.12/site-packages/lbot_arm_interfaces/_lbot_arm_interfaces_s.ep.rosidl_typesupport_fastrtps_c.c
[10.722s] -- Symlinking: /home/dawntildusk/lbot_ws/install/lbot_arm_interfaces/lib/python3.12/site-packages/lbot_arm_interfaces/_lbot_arm_interfaces_s.ep.rosidl_typesupport_introspection_c.c
[10.732s] -- Symlinking: /home/dawntildusk/lbot_ws/install/lbot_arm_interfaces/lib/python3.12/site-packages/lbot_arm_interfaces/lbot_arm_interfaces_s__rosidl_typesupport_c.so
[10.741s] -- Symlinking: /home/dawntildusk/lbot_ws/install/lbot_arm_interfaces/lib/python3.12/site-packages/lbot_arm_interfaces/lbot_arm_interfaces_s__rosidl_typesupport_fastrtps_c.so
[10.749s] -- Symlinking: /home/dawntildusk/lbot_ws/install/lbot_arm_interfaces/lib/python3.12/site-packages/lbot_arm_interfaces/lbot_arm_interfaces_s__rosidl_typesupport_introspection_c.so
[10.754s] -- Symlinking: /home/dawntildusk/lbot_ws/install/lbot_arm_interfaces/lib/python3.12/site-packages/lbot_arm_interfaces/msg/__init__.py
[10.760s] -- Symlinking: /home/dawntildusk/lbot_ws/install/lbot_arm_interfaces/lib/python3.12/site-packages/lbot_arm_interfaces/msg/_arm_state.py
[10.766s] -- Symlinking: /home/dawntildusk/lbot_ws/install/lbot_arm_interfaces/lib/python3.12/site-packages/lbot_arm_interfaces/msg/_arm_state_s.c
[10.772s] -- Symlinking: /home/dawntildusk/lbot_ws/install/lbot_arm_interfaces/lib/python3.12/site-packages/lbot_arm_interfaces/msg/_follow_joint.py
[10.778s] -- Symlinking: /home/dawntildusk/lbot_ws/install/lbot_arm_interfaces/lib/python3.12/site-packages/lbot_arm_interfaces/msg/_follow_joint_s.c
[10.784s] -- Symlinking: /home/dawntildusk/lbot_ws/install/lbot_arm_interfaces/lib/python3.12/site-packages/lbot_arm_interfaces/msg/_lbot_frame.py
[10.789s] -- Symlinking: /home/dawntildusk/lbot_ws/install/lbot_arm_interfaces/lib/python3.12/site-packages/lbot_arm_interfaces/msg/_lbot_frame_s.c
[10.796s] -- Symlinking: /home/dawntildusk/lbot_ws/install/lbot_arm_interfaces/lib/python3.12/site-packages/lbot_arm_interfaces/msg/_lbot_pose.py
[10.801s] -- Symlinking: /home/dawntildusk/lbot_ws/install/lbot_arm_interfaces/lib/python3.12/site-packages/lbot_arm_interfaces/msg/_lbot_pose_s.c
[10.808s] -- Symlinking: /home/dawntildusk/lbot_ws/install/lbot_arm_interfaces/lib/python3.12/site-packages/lbot_arm_interfaces/srv/__init__.py
[10.813s] -- Symlinking: /home/dawntildusk/lbot_ws/install/lbot_arm_interfaces/lib/python3.12/site-packages/lbot_arm_interfaces/srv/_change_frame.py
[10.818s] -- Symlinking: /home/dawntildusk/lbot_ws/install/lbot_arm_interfaces/lib/python3.12/site-packages/lbot_arm_interfaces/srv/_change_frame_s.c
[10.822s] -- Symlinking: /home/dawntildusk/lbot_ws/install/lbot_arm_interfaces/lib/python3.12/site-packages/lbot_arm_interfaces/srv/_delete_frame.py
[10.830s] -- Symlinking: /home/dawntildusk/lbot_ws/install/lbot_arm_interfaces/lib/python3.12/site-packages/lbot_arm_interfaces/srv/_delete_frame_s.c
[10.838s] -- Symlinking: /home/dawntildusk/lbot_ws/install/lbot_arm_interfaces/lib/python3.12/site-packages/lbot_arm_interfaces/srv/_forward_kinematics.py
[10.847s] -- Symlinking: /home/dawntildusk/lbot_ws/install/lbot_arm_interfaces/lib/python3.12/site-packages/lbot_arm_interfaces/srv/_forward_kinematics_s.c
[10.856s] -- Symlinking: /home/dawntildusk/lbot_ws/install/lbot_arm_interfaces/lib/python3.12/site-packages/lbot_arm_interfaces/srv/_get_all_frames.py
[10.866s] -- Symlinking: /home/dawntildusk/lbot_ws/install/lbot_arm_interfaces/lib/python3.12/site-packages/lbot_arm_interfaces/srv/_get_all_frames_s.c
[10.875s] -- Symlinking: /home/dawntildusk/lbot_ws/install/lbot_arm_interfaces/lib/python3.12/site-packages/lbot_arm_interfaces/srv/_get_current_frame.py
[10.886s] -- Symlinking: /home/dawntildusk/lbot_ws/install/lbot_arm_interfaces/lib/python3.12/site-packages/lbot_arm_interfaces/srv/_get_current_frame_s.c
[10.894s] -- Symlinking: /home/dawntildusk/lbot_ws/install/lbot_arm_interfaces/lib/python3.12/site-packages/lbot_arm_interfaces/srv/_get_frame.py
[10.902s] -- Symlinking: /home/dawntildusk/lbot_ws/install/lbot_arm_interfaces/lib/python3.12/site-packages/lbot_arm_interfaces/srv/_get_frame_s.c
[10.907s] -- Symlinking: /home/dawntildusk/lbot_ws/install/lbot_arm_interfaces/lib/python3.12/site-packages/lbot_arm_interfaces/srv/_inverse_kinematics.py
[10.911s] -- Symlinking: /home/dawntildusk/lbot_ws/install/lbot_arm_interfaces/lib/python3.12/site-packages/lbot_arm_interfaces/srv/_inverse_kinematics_s.c
[10.915s] -- Symlinking: /home/dawntildusk/lbot_ws/install/lbot_arm_interfaces/lib/python3.12/site-packages/lbot_arm_interfaces/srv/_move_c.py
[10.925s] -- Symlinking: /home/dawntildusk/lbot_ws/install/lbot_arm_interfaces/lib/python3.12/site-packages/lbot_arm_interfaces/srv/_move_c_s.c
[10.935s] -- Symlinking: /home/dawntildusk/lbot_ws/install/lbot_arm_interfaces/lib/python3.12/site-packages/lbot_arm_interfaces/srv/_move_j.py
[10.944s] -- Symlinking: /home/dawntildusk/lbot_ws/install/lbot_arm_interfaces/lib/python3.12/site-packages/lbot_arm_interfaces/srv/_move_j_s.c
[10.955s] -- Symlinking: /home/dawntildusk/lbot_ws/install/lbot_arm_interfaces/lib/python3.12/site-packages/lbot_arm_interfaces/srv/_move_jp.py
[10.962s] -- Symlinking: /home/dawntildusk/lbot_ws/install/lbot_arm_interfaces/lib/python3.12/site-packages/lbot_arm_interfaces/srv/_move_jp_s.c
[10.969s] -- Symlinking: /home/dawntildusk/lbot_ws/install/lbot_arm_interfaces/lib/python3.12/site-packages/lbot_arm_interfaces/srv/_move_l.py
[10.978s] -- Symlinking: /home/dawntildusk/lbot_ws/install/lbot_arm_interfaces/lib/python3.12/site-packages/lbot_arm_interfaces/srv/_move_l_s.c
[10.983s] -- Symlinking: /home/dawntildusk/lbot_ws/install/lbot_arm_interfaces/lib/python3.12/site-packages/lbot_arm_interfaces/srv/_set_emergency.py
[10.988s] -- Symlinking: /home/dawntildusk/lbot_ws/install/lbot_arm_interfaces/lib/python3.12/site-packages/lbot_arm_interfaces/srv/_set_emergency_s.c
[10.996s] -- Symlinking: /home/dawntildusk/lbot_ws/install/lbot_arm_interfaces/lib/python3.12/site-packages/lbot_arm_interfaces/srv/_set_enable.py
[11.005s] -- Symlinking: /home/dawntildusk/lbot_ws/install/lbot_arm_interfaces/lib/python3.12/site-packages/lbot_arm_interfaces/srv/_set_enable_s.c
[11.010s] -- Symlinking: /home/dawntildusk/lbot_ws/install/lbot_arm_interfaces/lib/python3.12/site-packages/lbot_arm_interfaces/srv/_set_frame.py
[11.017s] -- Symlinking: /home/dawntildusk/lbot_ws/install/lbot_arm_interfaces/lib/python3.12/site-packages/lbot_arm_interfaces/srv/_set_frame_s.c
[11.021s] -- Symlinking: /home/dawntildusk/lbot_ws/install/lbot_arm_interfaces/lib/python3.12/site-packages/lbot_arm_interfaces/srv/_set_string.py
[11.028s] -- Symlinking: /home/dawntildusk/lbot_ws/install/lbot_arm_interfaces/lib/python3.12/site-packages/lbot_arm_interfaces/srv/_set_string_s.c
[11.033s] -- Symlinking: /home/dawntildusk/lbot_ws/install/lbot_arm_interfaces/lib/python3.12/site-packages/lbot_arm_interfaces/srv/_set_zero.py
[11.038s] -- Symlinking: /home/dawntildusk/lbot_ws/install/lbot_arm_interfaces/lib/python3.12/site-packages/lbot_arm_interfaces/srv/_set_zero_s.c
[11.043s] -- Up-to-date symlink: /home/dawntildusk/lbot_ws/install/lbot_arm_interfaces/lib/python3.12/site-packages/lbot_arm_interfaces/lbot_arm_interfaces_s__rosidl_typesupport_fastrtps_c.so
[11.043s] -- Up-to-date symlink: /home/dawntildusk/lbot_ws/install/lbot_arm_interfaces/lib/python3.12/site-packages/lbot_arm_interfaces/lbot_arm_interfaces_s__rosidl_typesupport_introspection_c.so
[11.043s] -- Up-to-date symlink: /home/dawntildusk/lbot_ws/install/lbot_arm_interfaces/lib/python3.12/site-packages/lbot_arm_interfaces/lbot_arm_interfaces_s__rosidl_typesupport_c.so
[11.043s] -- Symlinking: /home/dawntildusk/lbot_ws/install/lbot_arm_interfaces/share/ament_index/resource_index/rust_packages/lbot_arm_interfaces
[11.050s] -- Symlinking: /home/dawntildusk/lbot_ws/install/lbot_arm_interfaces/share/lbot_arm_interfaces/rust/Cargo.toml
[11.055s] -- Symlinking: /home/dawntildusk/lbot_ws/install/lbot_arm_interfaces/share/lbot_arm_interfaces/rust/build.rs
[11.059s] -- Symlinking: /home/dawntildusk/lbot_ws/install/lbot_arm_interfaces/share/lbot_arm_interfaces/rust/src/lib.rs
[11.065s] -- Symlinking: /home/dawntildusk/lbot_ws/install/lbot_arm_interfaces/share/lbot_arm_interfaces/rust/src/msg.rs
[11.071s] -- Symlinking: /home/dawntildusk/lbot_ws/install/lbot_arm_interfaces/share/lbot_arm_interfaces/rust/src/msg/rmw.rs
[11.078s] -- Symlinking: /home/dawntildusk/lbot_ws/install/lbot_arm_interfaces/share/lbot_arm_interfaces/rust/src/srv.rs
[11.082s] -- Symlinking: /home/dawntildusk/lbot_ws/install/lbot_arm_interfaces/share/lbot_arm_interfaces/rust/src/srv/rmw.rs
[11.087s] -- Symlinking: /home/dawntildusk/lbot_ws/install/lbot_arm_interfaces/share/lbot_arm_interfaces/srv/MoveJ.idl
[11.091s] -- Symlinking: /home/dawntildusk/lbot_ws/install/lbot_arm_interfaces/share/lbot_arm_interfaces/srv/MoveL.idl
[11.097s] -- Symlinking: /home/dawntildusk/lbot_ws/install/lbot_arm_interfaces/share/lbot_arm_interfaces/srv/MoveC.idl
[11.104s] -- Symlinking: /home/dawntildusk/lbot_ws/install/lbot_arm_interfaces/share/lbot_arm_interfaces/srv/MoveJP.idl
[11.109s] -- Symlinking: /home/dawntildusk/lbot_ws/install/lbot_arm_interfaces/share/lbot_arm_interfaces/srv/InverseKinematics.idl
[11.116s] -- Symlinking: /home/dawntildusk/lbot_ws/install/lbot_arm_interfaces/share/lbot_arm_interfaces/srv/ForwardKinematics.idl
[11.124s] -- Symlinking: /home/dawntildusk/lbot_ws/install/lbot_arm_interfaces/share/lbot_arm_interfaces/srv/SetFrame.idl
[11.129s] -- Symlinking: /home/dawntildusk/lbot_ws/install/lbot_arm_interfaces/share/lbot_arm_interfaces/srv/SetString.idl
[11.133s] -- Symlinking: /home/dawntildusk/lbot_ws/install/lbot_arm_interfaces/share/lbot_arm_interfaces/srv/GetFrame.idl
[11.139s] -- Symlinking: /home/dawntildusk/lbot_ws/install/lbot_arm_interfaces/share/lbot_arm_interfaces/srv/GetCurrentFrame.idl
[11.145s] -- Symlinking: /home/dawntildusk/lbot_ws/install/lbot_arm_interfaces/share/lbot_arm_interfaces/srv/ChangeFrame.idl
[11.152s] -- Symlinking: /home/dawntildusk/lbot_ws/install/lbot_arm_interfaces/share/lbot_arm_interfaces/srv/DeleteFrame.idl
[11.157s] -- Symlinking: /home/dawntildusk/lbot_ws/install/lbot_arm_interfaces/share/lbot_arm_interfaces/srv/GetAllFrames.idl
[11.161s] -- Symlinking: /home/dawntildusk/lbot_ws/install/lbot_arm_interfaces/share/lbot_arm_interfaces/srv/SetZero.idl
[11.166s] -- Symlinking: /home/dawntildusk/lbot_ws/install/lbot_arm_interfaces/share/lbot_arm_interfaces/srv/SetEmergency.idl
[11.174s] -- Symlinking: /home/dawntildusk/lbot_ws/install/lbot_arm_interfaces/share/lbot_arm_interfaces/srv/SetEnable.idl
[11.183s] -- Symlinking: /home/dawntildusk/lbot_ws/install/lbot_arm_interfaces/share/lbot_arm_interfaces/msg/ArmState.idl
[11.192s] -- Symlinking: /home/dawntildusk/lbot_ws/install/lbot_arm_interfaces/share/lbot_arm_interfaces/msg/LbotPose.idl
[11.203s] -- Symlinking: /home/dawntildusk/lbot_ws/install/lbot_arm_interfaces/share/lbot_arm_interfaces/msg/LbotFrame.idl
[11.212s] -- Symlinking: /home/dawntildusk/lbot_ws/install/lbot_arm_interfaces/share/lbot_arm_interfaces/msg/FollowJoint.idl
[11.223s] -- Symlinking: /home/dawntildusk/lbot_ws/install/lbot_arm_interfaces/share/lbot_arm_interfaces/srv/MoveJ.srv
[11.233s] -- Symlinking: /home/dawntildusk/lbot_ws/install/lbot_arm_interfaces/share/lbot_arm_interfaces/srv/MoveL.srv
[11.243s] -- Symlinking: /home/dawntildusk/lbot_ws/install/lbot_arm_interfaces/share/lbot_arm_interfaces/srv/MoveC.srv
[11.254s] -- Symlinking: /home/dawntildusk/lbot_ws/install/lbot_arm_interfaces/share/lbot_arm_interfaces/srv/MoveJP.srv
[11.265s] -- Symlinking: /home/dawntildusk/lbot_ws/install/lbot_arm_interfaces/share/lbot_arm_interfaces/srv/InverseKinematics.srv
[11.277s] -- Symlinking: /home/dawntildusk/lbot_ws/install/lbot_arm_interfaces/share/lbot_arm_interfaces/srv/ForwardKinematics.srv
[11.287s] -- Symlinking: /home/dawntildusk/lbot_ws/install/lbot_arm_interfaces/share/lbot_arm_interfaces/srv/SetFrame.srv
[11.299s] -- Symlinking: /home/dawntildusk/lbot_ws/install/lbot_arm_interfaces/share/lbot_arm_interfaces/srv/SetString.srv
[11.308s] -- Symlinking: /home/dawntildusk/lbot_ws/install/lbot_arm_interfaces/share/lbot_arm_interfaces/srv/GetFrame.srv
[11.318s] -- Symlinking: /home/dawntildusk/lbot_ws/install/lbot_arm_interfaces/share/lbot_arm_interfaces/srv/GetCurrentFrame.srv
[11.327s] -- Symlinking: /home/dawntildusk/lbot_ws/install/lbot_arm_interfaces/share/lbot_arm_interfaces/srv/ChangeFrame.srv
[11.337s] -- Symlinking: /home/dawntildusk/lbot_ws/install/lbot_arm_interfaces/share/lbot_arm_interfaces/srv/DeleteFrame.srv
[11.348s] -- Symlinking: /home/dawntildusk/lbot_ws/install/lbot_arm_interfaces/share/lbot_arm_interfaces/srv/GetAllFrames.srv
[11.356s] -- Symlinking: /home/dawntildusk/lbot_ws/install/lbot_arm_interfaces/share/lbot_arm_interfaces/srv/SetZero.srv
[11.362s] -- Symlinking: /home/dawntildusk/lbot_ws/install/lbot_arm_interfaces/share/lbot_arm_interfaces/srv/SetEmergency.srv
[11.372s] -- Symlinking: /home/dawntildusk/lbot_ws/install/lbot_arm_interfaces/share/lbot_arm_interfaces/srv/SetEnable.srv
[11.376s] -- Symlinking: /home/dawntildusk/lbot_ws/install/lbot_arm_interfaces/share/lbot_arm_interfaces/msg/ArmState.msg
[11.383s] -- Symlinking: /home/dawntildusk/lbot_ws/install/lbot_arm_interfaces/share/lbot_arm_interfaces/msg/LbotPose.msg
[11.390s] -- Symlinking: /home/dawntildusk/lbot_ws/install/lbot_arm_interfaces/share/lbot_arm_interfaces/msg/LbotFrame.msg
[11.396s] -- Symlinking: /home/dawntildusk/lbot_ws/install/lbot_arm_interfaces/share/lbot_arm_interfaces/msg/FollowJoint.msg
[11.400s] -- Symlinking: /home/dawntildusk/lbot_ws/install/lbot_arm_interfaces/share/ament_index/resource_index/package_run_dependencies/lbot_arm_interfaces
[11.406s] -- Symlinking: /home/dawntildusk/lbot_ws/install/lbot_arm_interfaces/share/ament_index/resource_index/parent_prefix_path/lbot_arm_interfaces
[11.412s] -- Symlinking: /home/dawntildusk/lbot_ws/install/lbot_arm_interfaces/share/lbot_arm_interfaces/environment/ament_prefix_path.sh
[11.416s] -- Symlinking: /home/dawntildusk/lbot_ws/install/lbot_arm_interfaces/share/lbot_arm_interfaces/environment/ament_prefix_path.dsv
[11.421s] -- Symlinking: /home/dawntildusk/lbot_ws/install/lbot_arm_interfaces/share/lbot_arm_interfaces/environment/path.sh
[11.425s] -- Symlinking: /home/dawntildusk/lbot_ws/install/lbot_arm_interfaces/share/lbot_arm_interfaces/environment/path.dsv
[11.431s] -- Symlinking: /home/dawntildusk/lbot_ws/install/lbot_arm_interfaces/share/lbot_arm_interfaces/local_setup.bash
[11.438s] -- Symlinking: /home/dawntildusk/lbot_ws/install/lbot_arm_interfaces/share/lbot_arm_interfaces/local_setup.sh
[11.444s] -- Symlinking: /home/dawntildusk/lbot_ws/install/lbot_arm_interfaces/share/lbot_arm_interfaces/local_setup.zsh
[11.449s] -- Symlinking: /home/dawntildusk/lbot_ws/install/lbot_arm_interfaces/share/lbot_arm_interfaces/local_setup.dsv
[11.455s] -- Symlinking: /home/dawntildusk/lbot_ws/install/lbot_arm_interfaces/share/lbot_arm_interfaces/package.dsv
[11.462s] -- Symlinking: /home/dawntildusk/lbot_ws/install/lbot_arm_interfaces/share/ament_index/resource_index/packages/lbot_arm_interfaces
[11.468s] -- Symlinking: /home/dawntildusk/lbot_ws/install/lbot_arm_interfaces/share/lbot_arm_interfaces/cmake/rosidl_cmake-extras.cmake
[11.473s] -- Symlinking: /home/dawntildusk/lbot_ws/install/lbot_arm_interfaces/share/lbot_arm_interfaces/cmake/ament_cmake_export_dependencies-extras.cmake
[11.479s] -- Symlinking: /home/dawntildusk/lbot_ws/install/lbot_arm_interfaces/share/lbot_arm_interfaces/cmake/ament_cmake_export_include_directories-extras.cmake
[11.486s] -- Symlinking: /home/dawntildusk/lbot_ws/install/lbot_arm_interfaces/share/lbot_arm_interfaces/cmake/ament_cmake_export_libraries-extras.cmake
[11.492s] -- Symlinking: /home/dawntildusk/lbot_ws/install/lbot_arm_interfaces/share/lbot_arm_interfaces/cmake/ament_cmake_export_targets-extras.cmake
[11.501s] -- Symlinking: /home/dawntildusk/lbot_ws/install/lbot_arm_interfaces/share/lbot_arm_interfaces/cmake/rosidl_cmake_export_typesupport_targets-extras.cmake
[11.510s] -- Symlinking: /home/dawntildusk/lbot_ws/install/lbot_arm_interfaces/share/lbot_arm_interfaces/cmake/rosidl_cmake_export_typesupport_libraries-extras.cmake
[11.520s] -- Symlinking: /home/dawntildusk/lbot_ws/install/lbot_arm_interfaces/share/lbot_arm_interfaces/cmake/rosidl_cmake_aggregate_target-extras.cmake
[11.528s] -- Symlinking: /home/dawntildusk/lbot_ws/install/lbot_arm_interfaces/share/lbot_arm_interfaces/cmake/lbot_arm_interfacesConfig.cmake
[11.538s] -- Symlinking: /home/dawntildusk/lbot_ws/install/lbot_arm_interfaces/share/lbot_arm_interfaces/cmake/lbot_arm_interfacesConfig-version.cmake
[11.547s] -- Symlinking: /home/dawntildusk/lbot_ws/install/lbot_arm_interfaces/share/lbot_arm_interfaces/package.xml
[11.556s] -- Installing: /home/dawntildusk/lbot_ws/install/lbot_arm_interfaces/lib/liblbot_arm_interfaces__rosidl_generator_c.so
[11.557s] -- Set non-toolchain portion of runtime path of "/home/dawntildusk/lbot_ws/install/lbot_arm_interfaces/lib/liblbot_arm_interfaces__rosidl_generator_c.so" to ""
[11.557s] -- Installing: /home/dawntildusk/lbot_ws/install/lbot_arm_interfaces/lib/liblbot_arm_interfaces__rosidl_typesupport_fastrtps_c.so
[11.557s] -- Set non-toolchain portion of runtime path of "/home/dawntildusk/lbot_ws/install/lbot_arm_interfaces/lib/liblbot_arm_interfaces__rosidl_typesupport_fastrtps_c.so" to ""
[11.558s] -- Installing: /home/dawntildusk/lbot_ws/install/lbot_arm_interfaces/lib/liblbot_arm_interfaces__rosidl_typesupport_fastrtps_cpp.so
[11.559s] -- Set non-toolchain portion of runtime path of "/home/dawntildusk/lbot_ws/install/lbot_arm_interfaces/lib/liblbot_arm_interfaces__rosidl_typesupport_fastrtps_cpp.so" to ""
[11.559s] -- Installing: /home/dawntildusk/lbot_ws/install/lbot_arm_interfaces/lib/liblbot_arm_interfaces__rosidl_typesupport_introspection_c.so
[11.559s] -- Set non-toolchain portion of runtime path of "/home/dawntildusk/lbot_ws/install/lbot_arm_interfaces/lib/liblbot_arm_interfaces__rosidl_typesupport_introspection_c.so" to ""
[11.559s] -- Installing: /home/dawntildusk/lbot_ws/install/lbot_arm_interfaces/lib/liblbot_arm_interfaces__rosidl_typesupport_c.so
[11.560s] -- Set non-toolchain portion of runtime path of "/home/dawntildusk/lbot_ws/install/lbot_arm_interfaces/lib/liblbot_arm_interfaces__rosidl_typesupport_c.so" to ""
[11.560s] -- Installing: /home/dawntildusk/lbot_ws/install/lbot_arm_interfaces/lib/liblbot_arm_interfaces__rosidl_typesupport_introspection_cpp.so
[11.561s] -- Set non-toolchain portion of runtime path of "/home/dawntildusk/lbot_ws/install/lbot_arm_interfaces/lib/liblbot_arm_interfaces__rosidl_typesupport_introspection_cpp.so" to ""
[11.561s] -- Installing: /home/dawntildusk/lbot_ws/install/lbot_arm_interfaces/lib/liblbot_arm_interfaces__rosidl_typesupport_cpp.so
[11.562s] -- Set non-toolchain portion of runtime path of "/home/dawntildusk/lbot_ws/install/lbot_arm_interfaces/lib/liblbot_arm_interfaces__rosidl_typesupport_cpp.so" to ""
[11.619s] Listing '/home/dawntildusk/lbot_ws/install/lbot_arm_interfaces/lib/python3.12/site-packages/lbot_arm_interfaces'...
[11.619s] Compiling '/home/dawntildusk/lbot_ws/install/lbot_arm_interfaces/lib/python3.12/site-packages/lbot_arm_interfaces/__init__.py'...
[11.619s] Listing '/home/dawntildusk/lbot_ws/install/lbot_arm_interfaces/lib/python3.12/site-packages/lbot_arm_interfaces/msg'...
[11.619s] Compiling '/home/dawntildusk/lbot_ws/install/lbot_arm_interfaces/lib/python3.12/site-packages/lbot_arm_interfaces/msg/__init__.py'...
[11.619s] Compiling '/home/dawntildusk/lbot_ws/install/lbot_arm_interfaces/lib/python3.12/site-packages/lbot_arm_interfaces/msg/_arm_state.py'...
[11.619s] Compiling '/home/dawntildusk/lbot_ws/install/lbot_arm_interfaces/lib/python3.12/site-packages/lbot_arm_interfaces/msg/_follow_joint.py'...
[11.619s] Compiling '/home/dawntildusk/lbot_ws/install/lbot_arm_interfaces/lib/python3.12/site-packages/lbot_arm_interfaces/msg/_lbot_frame.py'...
[11.619s] Compiling '/home/dawntildusk/lbot_ws/install/lbot_arm_interfaces/lib/python3.12/site-packages/lbot_arm_interfaces/msg/_lbot_pose.py'...
[11.619s] Listing '/home/dawntildusk/lbot_ws/install/lbot_arm_interfaces/lib/python3.12/site-packages/lbot_arm_interfaces/srv'...
[11.619s] Compiling '/home/dawntildusk/lbot_ws/install/lbot_arm_interfaces/lib/python3.12/site-packages/lbot_arm_interfaces/srv/__init__.py'...
[11.619s] Compiling '/home/dawntildusk/lbot_ws/install/lbot_arm_interfaces/lib/python3.12/site-packages/lbot_arm_interfaces/srv/_change_frame.py'...
[11.619s] Compiling '/home/dawntildusk/lbot_ws/install/lbot_arm_interfaces/lib/python3.12/site-packages/lbot_arm_interfaces/srv/_delete_frame.py'...
[11.619s] Compiling '/home/dawntildusk/lbot_ws/install/lbot_arm_interfaces/lib/python3.12/site-packages/lbot_arm_interfaces/srv/_forward_kinematics.py'...
[11.619s] Compiling '/home/dawntildusk/lbot_ws/install/lbot_arm_interfaces/lib/python3.12/site-packages/lbot_arm_interfaces/srv/_get_all_frames.py'...
[11.619s] Compiling '/home/dawntildusk/lbot_ws/install/lbot_arm_interfaces/lib/python3.12/site-packages/lbot_arm_interfaces/srv/_get_current_frame.py'...
[11.619s] Compiling '/home/dawntildusk/lbot_ws/install/lbot_arm_interfaces/lib/python3.12/site-packages/lbot_arm_interfaces/srv/_get_frame.py'...
[11.619s] Compiling '/home/dawntildusk/lbot_ws/install/lbot_arm_interfaces/lib/python3.12/site-packages/lbot_arm_interfaces/srv/_inverse_kinematics.py'...
[11.619s] Compiling '/home/dawntildusk/lbot_ws/install/lbot_arm_interfaces/lib/python3.12/site-packages/lbot_arm_interfaces/srv/_move_c.py'...
[11.620s] Compiling '/home/dawntildusk/lbot_ws/install/lbot_arm_interfaces/lib/python3.12/site-packages/lbot_arm_interfaces/srv/_move_j.py'...
[11.620s] Compiling '/home/dawntildusk/lbot_ws/install/lbot_arm_interfaces/lib/python3.12/site-packages/lbot_arm_interfaces/srv/_move_jp.py'...
[11.620s] Compiling '/home/dawntildusk/lbot_ws/install/lbot_arm_interfaces/lib/python3.12/site-packages/lbot_arm_interfaces/srv/_move_l.py'...
[11.620s] Compiling '/home/dawntildusk/lbot_ws/install/lbot_arm_interfaces/lib/python3.12/site-packages/lbot_arm_interfaces/srv/_set_emergency.py'...
[11.620s] Compiling '/home/dawntildusk/lbot_ws/install/lbot_arm_interfaces/lib/python3.12/site-packages/lbot_arm_interfaces/srv/_set_enable.py'...
[11.620s] Compiling '/home/dawntildusk/lbot_ws/install/lbot_arm_interfaces/lib/python3.12/site-packages/lbot_arm_interfaces/srv/_set_frame.py'...
[11.620s] Compiling '/home/dawntildusk/lbot_ws/install/lbot_arm_interfaces/lib/python3.12/site-packages/lbot_arm_interfaces/srv/_set_string.py'...
[11.620s] Compiling '/home/dawntildusk/lbot_ws/install/lbot_arm_interfaces/lib/python3.12/site-packages/lbot_arm_interfaces/srv/_set_zero.py'...
[11.623s] -- Installing: /home/dawntildusk/lbot_ws/install/lbot_arm_interfaces/lib/liblbot_arm_interfaces__rosidl_generator_py.so
[11.623s] -- Set non-toolchain portion of runtime path of "/home/dawntildusk/lbot_ws/install/lbot_arm_interfaces/lib/liblbot_arm_interfaces__rosidl_generator_py.so" to ""
[11.623s] -- Installing: /home/dawntildusk/lbot_ws/install/lbot_arm_interfaces/share/lbot_arm_interfaces/cmake/export_lbot_arm_interfaces__rosidl_generator_cExport.cmake
[11.623s] -- Installing: /home/dawntildusk/lbot_ws/install/lbot_arm_interfaces/share/lbot_arm_interfaces/cmake/export_lbot_arm_interfaces__rosidl_generator_cExport-noconfig.cmake
[11.623s] -- Installing: /home/dawntildusk/lbot_ws/install/lbot_arm_interfaces/share/lbot_arm_interfaces/cmake/export_lbot_arm_interfaces__rosidl_typesupport_fastrtps_cExport.cmake
[11.623s] -- Installing: /home/dawntildusk/lbot_ws/install/lbot_arm_interfaces/share/lbot_arm_interfaces/cmake/export_lbot_arm_interfaces__rosidl_typesupport_fastrtps_cExport-noconfig.cmake
[11.624s] -- Installing: /home/dawntildusk/lbot_ws/install/lbot_arm_interfaces/share/lbot_arm_interfaces/cmake/export_lbot_arm_interfaces__rosidl_generator_cppExport.cmake
[11.624s] -- Installing: /home/dawntildusk/lbot_ws/install/lbot_arm_interfaces/share/lbot_arm_interfaces/cmake/export_lbot_arm_interfaces__rosidl_typesupport_fastrtps_cppExport.cmake
[11.624s] -- Installing: /home/dawntildusk/lbot_ws/install/lbot_arm_interfaces/share/lbot_arm_interfaces/cmake/export_lbot_arm_interfaces__rosidl_typesupport_fastrtps_cppExport-noconfig.cmake
[11.624s] -- Installing: /home/dawntildusk/lbot_ws/install/lbot_arm_interfaces/share/lbot_arm_interfaces/cmake/lbot_arm_interfaces__rosidl_typesupport_introspection_cExport.cmake
[11.624s] -- Installing: /home/dawntildusk/lbot_ws/install/lbot_arm_interfaces/share/lbot_arm_interfaces/cmake/lbot_arm_interfaces__rosidl_typesupport_introspection_cExport-noconfig.cmake
[11.624s] -- Installing: /home/dawntildusk/lbot_ws/install/lbot_arm_interfaces/share/lbot_arm_interfaces/cmake/lbot_arm_interfaces__rosidl_typesupport_cExport.cmake
[11.624s] -- Installing: /home/dawntildusk/lbot_ws/install/lbot_arm_interfaces/share/lbot_arm_interfaces/cmake/lbot_arm_interfaces__rosidl_typesupport_cExport-noconfig.cmake
[11.624s] -- Installing: /home/dawntildusk/lbot_ws/install/lbot_arm_interfaces/share/lbot_arm_interfaces/cmake/lbot_arm_interfaces__rosidl_typesupport_introspection_cppExport.cmake
[11.624s] -- Installing: /home/dawntildusk/lbot_ws/install/lbot_arm_interfaces/share/lbot_arm_interfaces/cmake/lbot_arm_interfaces__rosidl_typesupport_introspection_cppExport-noconfig.cmake
[11.624s] -- Installing: /home/dawntildusk/lbot_ws/install/lbot_arm_interfaces/share/lbot_arm_interfaces/cmake/lbot_arm_interfaces__rosidl_typesupport_cppExport.cmake
[11.624s] -- Installing: /home/dawntildusk/lbot_ws/install/lbot_arm_interfaces/share/lbot_arm_interfaces/cmake/lbot_arm_interfaces__rosidl_typesupport_cppExport-noconfig.cmake
[11.624s] -- Installing: /home/dawntildusk/lbot_ws/install/lbot_arm_interfaces/share/lbot_arm_interfaces/cmake/export_lbot_arm_interfaces__rosidl_generator_pyExport.cmake
[11.624s] -- Installing: /home/dawntildusk/lbot_ws/install/lbot_arm_interfaces/share/lbot_arm_interfaces/cmake/export_lbot_arm_interfaces__rosidl_generator_pyExport-noconfig.cmake
[11.625s] Invoked command in '/home/dawntildusk/lbot_ws/build/lbot_arm_interfaces' returned '0': CMAKE_PREFIX_PATH=${CMAKE_PREFIX_PATH}:/opt/ros/jazzy DEBUGINFOD_URLS=https://debuginfod.ubuntu.com /usr/bin/cmake --install /home/dawntildusk/lbot_ws/build/lbot_arm_interfaces
